student_id,name,department,semester,cgpa,tenth_percentage,twelfth_percentage,backlogs,python_score,java_score,sql_score,dsa_score,cloud_score,web_score,ml_score,cybersecurity_score,certifications,project_count,project_complexity,internships,opensource_projects,quantitative_aptitude,logical_aptitude,coding_score,communication_score,presentation_score,interview_score,hackathons,leadership,target_role,placed,data_source,profile_completeness,evidence_confidence
ST00001,Student ST00001,CSE,7,7.9,78.6,81.3,0,6.5,6.2,8.8,7.7,4.1,6.5,3.6,3.2,1,2,2,0,0,5.8,4.5,6.8,7.0,9.0,7.4,0,1,Cybersecurity Specialist,1,SYNTHETIC,89.6,66.0
ST00002,Student ST00002,Mechanical,7,6.8,68.6,67.3,0,5.6,6.0,6.2,6.7,2.6,6.8,8.1,5.3,0,6,2,0,0,4.9,4.5,6.8,5.4,4.1,5.2,0,0,Data Analyst,1,SYNTHETIC,78.4,88.1
ST00003,Student ST00003,CSE,7,6.72,71.6,73.3,0,5.2,4.4,3.8,6.9,3.5,4.2,5.2,1.7,2,2,2,0,1,3.1,6.8,6.3,5.8,5.7,4.4,1,0,QA Specialist,0,SYNTHETIC,84.8,86.4
ST00004,Student ST00004,Mechanical,7,6.59,66.0,71.7,0,4.2,5.3,5.2,6.1,2.4,3.8,2.4,1.0,2,2,1,0,0,5.8,6.4,6.7,6.4,6.4,5.6,1,0,Full-Stack Developer,1,SYNTHETIC,86.9,70.5
ST00005,Student ST00005,CSE,7,7.46,85.3,74.4,0,5.4,3.7,7.0,6.4,4.9,3.6,5.5,1.0,2,2,2,0,0,4.7,6.4,5.3,6.9,5.7,7.5,1,0,AI/ML Engineer,1,SYNTHETIC,83.2,64.0
ST00006,Student ST00006,ISE,8,8.21,76.9,82.3,0,4.9,6.8,7.3,7.8,3.1,4.2,5.1,4.4,3,3,2,0,0,8.7,7.2,5.8,7.1,5.9,7.3,0,1,Full-Stack Developer,1,SYNTHETIC,92.9,82.7
ST00007,Student ST00007,CSE,7,7.82,82.3,74.7,0,3.9,4.4,6.8,5.2,5.6,5.6,7.6,3.3,1,2,1,1,3,7.0,6.5,4.1,4.1,3.7,5.0,0,0,Cloud/DevOps Engineer,1,SYNTHETIC,88.4,92.8
ST00008,Student ST00008,Mechanical,7,8.03,87.3,80.8,0,6.2,4.8,6.2,6.4,2.1,6.1,4.4,1.8,4,6,2,0,0,6.6,6.1,5.1,6.7,6.1,6.5,0,0,Full-Stack Developer,1,SYNTHETIC,94.7,72.6
ST00009,Student ST00009,CSE,7,7.46,71.1,72.3,0,8.6,8.0,7.6,6.8,4.0,5.6,5.2,2.3,0,1,2,0,2,5.0,6.0,7.2,5.3,6.7,7.1,1,0,Full-Stack Developer,1,SYNTHETIC,97.9,85.8
ST00010,Student ST00010,CSE,7,9.52,97.1,86.0,0,7.8,5.2,7.0,7.3,3.1,5.4,1.0,2.0,0,3,2,0,0,7.3,9.7,7.8,7.5,6.9,7.6,2,1,Full-Stack Developer,1,SYNTHETIC,84.3,82.5
ST00011,Student ST00011,ISE,7,9.53,85.2,91.6,0,7.5,6.1,7.1,6.4,4.2,7.3,5.1,3.1,4,4,2,1,0,9.0,6.9,6.5,6.6,6.3,7.5,1,0,Cybersecurity Specialist,1,SYNTHETIC,96.5,73.6
ST00012,Student ST00012,Mechanical,8,7.13,70.1,80.1,0,3.7,5.1,7.5,4.1,5.2,5.9,2.6,3.3,1,2,1,0,1,5.7,6.4,4.3,7.4,8.1,4.9,3,0,Cloud/DevOps Engineer,1,SYNTHETIC,77.0,87.2
ST00013,Student ST00013,ISE,7,5.36,63.9,56.8,0,2.9,3.5,5.5,4.7,3.2,3.4,1.0,1.0,1,1,1,1,1,5.9,5.4,5.6,6.8,6.1,6.5,1,0,QA Specialist,0,SYNTHETIC,96.6,61.6
ST00014,Student ST00014,ISE,7,7.29,77.9,68.0,0,5.5,3.8,7.2,3.1,1.3,5.4,4.5,4.7,0,6,1,0,0,6.6,5.2,4.3,6.1,6.1,5.2,0,0,AI/ML Engineer,0,SYNTHETIC,85.0,69.6
ST00015,Student ST00015,ISE,8,7.41,75.1,72.9,0,4.4,5.3,6.0,6.3,5.0,3.5,1.3,5.1,0,5,2,0,1,7.0,7.7,4.9,7.2,7.8,4.7,0,1,QA Specialist,0,SYNTHETIC,85.5,91.6
ST00016,Student ST00016,CSE,8,7.6,67.9,74.4,0,7.6,6.6,6.6,7.4,4.1,3.4,4.1,4.3,1,1,2,0,0,5.2,6.9,8.0,5.8,7.5,6.6,0,0,Cybersecurity Specialist,1,SYNTHETIC,79.6,61.4
ST00017,Student ST00017,CSE,8,6.87,67.2,69.9,0,4.0,1.0,4.1,3.9,3.4,5.0,3.7,1.2,1,1,1,0,0,5.4,3.9,4.6,4.8,4.8,5.1,0,0,QA Specialist,0,SYNTHETIC,77.6,75.7
ST00018,Student ST00018,Mechanical,7,5.79,62.1,58.5,0,2.1,1.3,5.1,4.1,1.9,4.5,1.8,1.0,2,1,1,0,0,3.5,6.5,3.3,6.4,5.8,4.2,0,0,Full-Stack Developer,0,SYNTHETIC,80.9,65.6
ST00019,Student ST00019,CSE,7,6.81,66.4,70.0,0,4.4,3.8,4.0,2.7,2.0,4.6,3.2,1.0,2,2,1,0,0,4.3,6.1,3.6,4.9,5.4,2.8,0,0,Data Analyst,1,SYNTHETIC,86.5,78.6
ST00020,Student ST00020,CSE,7,7.25,72.0,71.1,0,7.0,6.5,5.0,9.0,1.5,3.6,3.8,3.3,0,1,2,1,1,5.6,6.9,8.0,5.8,6.1,7.9,0,0,Cloud/DevOps Engineer,1,SYNTHETIC,83.6,90.7
ST00021,Student ST00021,ECE,8,8.6,83.5,76.4,0,3.0,4.6,5.4,7.5,4.1,4.2,4.5,1.0,2,3,1,2,2,5.7,6.1,6.7,6.8,6.2,6.5,1,0,QA Specialist,0,SYNTHETIC,95.3,64.5
ST00022,Student ST00022,Mechanical,7,8.69,84.1,83.5,0,6.8,6.7,7.5,7.0,1.6,5.3,2.0,2.4,2,2,2,1,0,7.0,7.7,7.2,6.5,5.6,7.1,1,0,Cybersecurity Specialist,1,SYNTHETIC,85.2,85.8
ST00023,Student ST00023,Mechanical,7,6.41,66.0,66.8,0,3.3,7.2,5.4,4.7,2.3,2.5,4.6,3.1,1,2,1,0,0,5.9,4.6,4.7,6.0,6.8,3.3,1,0,Full-Stack Developer,0,SYNTHETIC,90.9,66.2
ST00024,Student ST00024,ISE,8,6.6,67.4,68.1,0,3.9,4.7,4.0,5.6,3.1,4.3,6.8,1.0,0,3,1,0,0,5.6,5.6,3.9,5.1,4.0,6.3,0,0,Cybersecurity Specialist,0,SYNTHETIC,78.7,85.1
ST00025,Student ST00025,Mechanical,8,7.31,74.3,71.1,0,4.7,4.2,5.3,3.0,2.6,3.7,4.0,1.0,2,2,1,1,0,6.6,5.1,4.3,5.9,5.3,5.5,0,0,Data Analyst,1,SYNTHETIC,84.1,80.7
ST00026,Student ST00026,Mechanical,7,8.16,75.7,85.9,0,1.9,3.1,5.3,3.8,2.2,5.2,5.6,3.1,0,3,1,0,0,6.9,5.7,3.3,3.8,4.8,3.6,0,0,AI/ML Engineer,1,SYNTHETIC,75.3,64.8
ST00027,Student ST00027,Mechanical,8,9.02,95.0,84.0,0,6.5,7.6,7.4,3.3,4.3,6.1,2.2,4.7,1,2,1,1,0,7.2,7.3,5.0,4.1,4.1,4.1,1,0,Full-Stack Developer,1,SYNTHETIC,93.5,63.7
ST00028,Student ST00028,CSE,8,7.58,75.1,84.1,0,3.4,4.5,6.1,5.9,2.1,5.8,1.0,4.6,0,3,1,0,0,6.8,7.0,5.3,7.7,8.1,6.2,0,0,Data Analyst,0,SYNTHETIC,86.7,67.7
ST00029,Student ST00029,CSE,7,8.22,82.4,83.2,0,6.9,5.3,5.2,6.7,1.9,5.5,1.9,5.0,1,3,2,2,0,7.5,6.8,7.7,5.2,4.7,4.2,1,0,AI/ML Engineer,1,SYNTHETIC,98.6,86.9
ST00030,Student ST00030,ECE,8,5.72,55.0,57.4,0,4.3,3.4,3.6,3.1,1.0,2.5,1.2,3.5,2,5,1,1,1,5.9,8.0,3.1,5.5,4.8,3.9,1,0,QA Specialist,1,SYNTHETIC,76.4,93.9
ST00031,Student ST00031,CSE,7,8.82,84.7,83.0,0,5.9,7.2,7.0,4.3,6.8,8.0,3.3,3.2,5,1,1,0,0,6.9,8.8,4.6,6.5,6.2,6.6,0,0,Cybersecurity Specialist,1,SYNTHETIC,89.2,88.9
ST00032,Student ST00032,ISE,8,8.72,81.6,79.0,0,6.8,6.7,7.8,7.0,5.1,6.5,4.9,5.0,3,2,2,1,0,6.2,7.5,7.2,6.8,6.3,6.8,0,0,Full-Stack Developer,1,SYNTHETIC,89.8,94.3
ST00033,Student ST00033,Mechanical,8,6.04,66.3,66.1,0,5.6,6.0,6.5,8.1,4.0,5.5,4.7,3.7,0,2,2,0,1,3.7,6.7,6.7,6.4,6.5,6.2,0,0,Data Analyst,1,SYNTHETIC,75.5,71.3
ST00034,Student ST00034,CSE,7,8.97,87.9,85.3,0,6.0,4.7,8.5,7.0,4.1,7.6,5.4,3.7,1,2,2,2,0,8.0,6.9,6.1,5.3,5.2,5.8,0,0,AI/ML Engineer,1,SYNTHETIC,95.7,76.6
ST00035,Student ST00035,CSE,7,7.74,79.6,79.8,0,6.5,7.3,6.2,6.7,3.9,6.9,2.6,6.0,0,1,2,1,1,6.2,6.5,6.5,5.2,7.3,5.7,0,0,Data Analyst,1,SYNTHETIC,91.7,90.1
ST00036,Student ST00036,ISE,8,6.43,66.5,66.7,0,4.2,5.7,2.7,3.5,2.0,3.0,1.8,1.0,0,3,1,0,0,7.4,6.8,3.8,5.3,5.8,4.8,2,0,Cybersecurity Specialist,1,SYNTHETIC,94.6,62.8
ST00037,Student ST00037,CSE,8,7.51,79.7,74.8,0,6.8,9.0,6.1,6.5,3.0,4.8,4.9,5.3,1,5,2,1,0,6.1,4.7,6.9,7.1,6.4,8.1,0,0,QA Specialist,1,SYNTHETIC,83.9,94.6
ST00038,Student ST00038,CSE,7,5.84,69.6,61.5,0,3.6,4.6,6.7,5.7,4.6,3.2,5.5,4.2,0,3,1,1,1,6.2,5.2,5.4,2.2,3.4,2.3,0,0,AI/ML Engineer,0,SYNTHETIC,84.4,93.9
ST00039,Student ST00039,CSE,8,8.21,76.8,85.7,0,3.3,4.6,2.9,5.4,3.2,6.1,4.2,1.0,1,1,1,1,0,7.1,7.2,5.3,6.5,6.0,5.1,0,0,Cloud/DevOps Engineer,1,SYNTHETIC,76.4,78.6
ST00040,Student ST00040,CSE,7,7.27,69.6,72.8,0,4.7,5.3,5.8,6.0,3.6,6.1,1.0,7.4,1,1,2,0,1,6.6,5.6,6.2,6.0,6.3,4.9,2,0,Data Analyst,0,SYNTHETIC,86.9,81.6
ST00041,Student ST00041,ECE,7,7.6,80.8,80.8,0,7.0,4.6,8.4,4.6,4.8,4.4,3.9,4.1,3,3,2,2,0,6.3,6.6,5.4,6.2,5.0,4.8,0,0,Data Analyst,1,SYNTHETIC,91.7,73.6
ST00042,Student ST00042,CSE,8,5.85,60.5,56.8,0,5.6,4.7,3.0,6.7,3.8,2.7,1.0,5.3,0,2,2,0,0,7.2,6.2,6.6,7.4,7.7,6.9,0,0,Full-Stack Developer,1,SYNTHETIC,97.2,62.1
ST00043,Student ST00043,CSE,7,7.21,75.5,73.0,0,3.2,2.8,5.7,3.3,1.0,4.3,4.9,3.4,0,1,1,0,1,8.3,6.5,3.4,4.9,6.1,3.9,1,0,QA Specialist,1,SYNTHETIC,90.2,93.3
ST00044,Student ST00044,CSE,7,8.61,86.7,83.4,0,6.9,4.5,7.9,5.8,4.1,6.5,5.2,2.6,0,3,2,1,0,7.4,6.2,6.0,6.8,7.7,7.9,0,0,Data Analyst,1,SYNTHETIC,80.6,73.7
ST00045,Student ST00045,CSE,8,7.31,84.5,70.7,0,7.6,7.7,7.0,5.6,2.2,6.3,2.4,2.6,1,1,2,1,0,6.7,7.1,5.0,6.7,7.6,5.7,2,0,AI/ML Engineer,1,SYNTHETIC,92.5,76.3
ST00046,Student ST00046,CSE,8,7.5,73.0,71.5,0,5.6,4.4,5.1,7.4,5.5,5.8,2.0,2.8,4,1,2,1,1,5.2,5.5,6.2,5.9,5.8,6.8,0,0,Cloud/DevOps Engineer,1,SYNTHETIC,84.5,75.7
ST00047,Student ST00047,ECE,8,7.79,88.2,77.8,0,6.2,5.8,7.4,5.6,4.7,5.7,2.9,5.0,0,1,2,1,1,6.3,6.7,7.6,5.8,5.0,6.3,0,0,Cybersecurity Specialist,1,SYNTHETIC,84.6,65.1
ST00048,Student ST00048,CSE,7,6.79,69.0,69.9,1,5.3,2.4,4.2,4.9,1.9,5.3,5.5,4.7,0,1,1,1,0,5.4,5.6,4.8,5.2,5.4,4.6,0,0,Data Analyst,0,SYNTHETIC,87.2,94.9
ST00049,Student ST00049,ISE,7,7.84,83.4,82.1,0,1.2,5.3,2.9,3.9,1.3,1.4,3.4,3.4,1,2,1,0,1,4.9,6.7,2.8,7.0,6.8,3.6,0,0,QA Specialist,0,SYNTHETIC,95.3,63.4
ST00050,Student ST00050,CSE,7,6.21,64.6,69.6,0,1.0,2.9,2.8,1.0,2.8,3.5,3.9,1.0,1,1,1,0,0,7.3,7.0,1.2,7.3,6.4,3.7,0,1,QA Specialist,0,SYNTHETIC,78.6,85.8
ST00051,Student ST00051,CSE,7,9.41,92.6,89.7,0,5.1,5.3,8.4,5.7,3.3,6.5,6.1,5.0,0,1,2,0,1,7.9,8.6,4.6,5.5,5.6,4.7,1,0,QA Specialist,0,SYNTHETIC,87.7,61.5
ST00052,Student ST00052,Mechanical,8,8.86,94.5,89.6,0,5.6,6.9,7.5,6.3,3.9,4.1,1.7,1.0,2,1,2,2,2,6.8,7.3,5.9,8.5,8.4,7.5,1,0,QA Specialist,1,SYNTHETIC,79.3,79.1
ST00053,Student ST00053,ISE,7,7.8,75.7,75.8,0,7.4,5.8,6.5,8.2,4.5,8.5,4.6,1.0,3,1,2,0,0,6.3,5.7,7.5,7.0,8.2,7.8,1,0,Cloud/DevOps Engineer,1,SYNTHETIC,83.5,87.4
ST00054,Student ST00054,ISE,7,7.27,73.8,70.4,0,5.5,6.0,4.7,4.9,4.9,4.4,6.1,2.5,2,2,1,0,0,5.7,8.8,4.7,6.5,7.6,7.3,1,0,Data Analyst,0,SYNTHETIC,91.2,88.2
ST00055,Student ST00055,ECE,7,8.18,79.3,77.8,0,5.5,4.9,6.8,7.0,4.1,6.9,1.9,2.9,1,1,2,1,2,8.7,5.6,6.1,6.6,7.3,6.1,0,0,Data Analyst,1,SYNTHETIC,88.7,80.6
ST00056,Student ST00056,Mechanical,7,6.91,66.3,71.2,0,4.7,3.0,3.2,3.9,2.0,4.8,1.0,1.6,0,5,1,0,0,7.0,7.3,4.1,5.9,4.9,4.3,1,0,Full-Stack Developer,1,SYNTHETIC,81.5,86.6
ST00057,Student ST00057,CSE,8,8.89,86.5,86.8,0,2.7,6.6,6.7,5.1,4.0,5.6,1.2,2.4,2,2,1,2,0,6.2,6.3,4.3,7.8,6.5,5.5,2,1,Cybersecurity Specialist,1,SYNTHETIC,92.0,79.0
ST00058,Student ST00058,Mechanical,7,7.32,70.9,68.9,0,4.5,7.5,7.4,3.5,2.5,4.5,5.2,2.9,1,2,1,0,0,6.4,7.9,4.2,5.8,5.4,3.5,2,0,QA Specialist,0,SYNTHETIC,76.6,76.2
ST00059,Student ST00059,Mechanical,8,7.48,79.1,71.5,0,4.7,6.5,5.6,3.1,4.9,3.7,6.1,4.5,2,2,1,1,2,5.8,5.9,4.0,7.3,6.8,4.3,1,0,AI/ML Engineer,0,SYNTHETIC,96.2,88.1
ST00060,Student ST00060,CSE,8,7.92,79.4,80.0,0,6.9,7.2,4.3,5.1,3.9,4.4,6.1,3.4,1,4,2,1,0,6.4,7.9,5.7,3.1,2.7,5.6,0,0,AI/ML Engineer,1,SYNTHETIC,92.1,88.9
ST00061,Student ST00061,ISE,8,7.16,71.4,71.2,0,6.2,3.7,5.9,6.3,4.3,3.2,3.2,2.2,1,3,2,0,1,5.7,7.0,7.2,7.6,5.5,6.9,0,0,Cybersecurity Specialist,1,SYNTHETIC,75.8,70.6
ST00062,Student ST00062,Mechanical,7,7.91,80.0,80.3,0,6.7,7.2,6.6,5.5,5.1,7.6,3.6,1.9,2,2,2,0,0,6.9,6.8,6.5,5.6,5.9,5.7,2,0,Data Analyst,0,SYNTHETIC,98.1,85.4
ST00063,Student ST00063,ECE,8,8.29,80.3,84.6,0,5.9,4.5,4.6,5.5,1.2,4.4,1.0,4.2,0,1,2,3,1,6.6,6.6,5.7,7.8,6.6,6.7,0,1,AI/ML Engineer,1,SYNTHETIC,96.8,83.4
ST00064,Student ST00064,CSE,7,8.05,91.2,72.8,0,6.9,4.4,6.3,5.3,6.5,3.0,5.0,5.4,1,1,2,0,0,7.1,6.8,7.0,7.1,8.8,6.6,0,0,Data Analyst,1,SYNTHETIC,81.1,72.7
ST00065,Student ST00065,CSE,8,6.79,69.6,67.9,0,2.5,3.9,2.6,5.2,3.0,1.8,2.1,1.1,2,3,1,0,0,6.2,3.9,4.1,7.7,7.0,4.9,0,0,Data Analyst,1,SYNTHETIC,85.1,74.4
ST00066,Student ST00066,Mechanical,7,7.67,79.2,70.5,0,5.5,6.1,8.2,7.2,3.9,4.1,1.0,2.4,0,2,2,0,0,6.6,6.9,5.8,8.2,7.7,7.1,2,0,Full-Stack Developer,1,SYNTHETIC,96.0,85.3
ST00067,Student ST00067,ISE,8,7.46,72.4,68.4,0,4.0,4.6,5.1,3.2,5.0,3.0,4.3,3.2,1,2,1,1,1,4.4,5.7,2.2,7.8,8.9,5.9,1,1,QA Specialist,1,SYNTHETIC,79.0,75.1
ST00068,Student ST00068,Mechanical,7,6.44,65.0,67.0,0,2.7,5.8,4.4,3.3,4.5,2.3,1.0,4.3,0,3,1,0,0,6.5,5.9,2.7,6.0,5.8,3.9,0,0,AI/ML Engineer,0,SYNTHETIC,75.6,86.5
ST00069,Student ST00069,CSE,8,5.6,58.1,59.5,0,4.4,5.1,2.5,1.9,3.5,1.0,2.7,1.0,3,1,1,0,0,4.1,4.6,2.9,6.9,7.5,3.2,0,0,Cybersecurity Specialist,1,SYNTHETIC,85.7,81.9
ST00070,Student ST00070,ECE,8,5.0,55.0,59.4,0,3.6,5.5,4.7,4.8,7.2,2.5,3.5,3.5,2,2,1,0,2,5.7,5.2,5.1,6.1,4.3,6.0,0,0,AI/ML Engineer,0,SYNTHETIC,79.9,86.7
ST00071,Student ST00071,CSE,8,7.64,67.3,87.5,0,6.6,4.5,5.8,7.1,5.2,4.2,3.0,4.3,2,1,2,0,1,5.6,6.9,6.2,4.3,3.7,6.5,0,0,Data Analyst,1,SYNTHETIC,98.0,60.3
ST00072,Student ST00072,CSE,8,6.86,73.8,72.3,0,6.3,6.2,7.0,6.3,4.2,6.1,3.3,1.7,0,2,2,0,0,4.0,6.3,6.3,5.1,5.5,6.6,0,0,Full-Stack Developer,0,SYNTHETIC,76.7,74.1
ST00073,Student ST00073,CSE,7,6.4,63.4,70.0,1,3.6,4.6,2.3,3.7,2.8,3.5,1.0,3.9,1,4,1,0,1,6.8,6.4,3.8,8.1,6.7,5.5,1,0,Full-Stack Developer,0,SYNTHETIC,86.9,69.9
ST00074,Student ST00074,ISE,8,7.74,74.0,74.9,0,6.6,3.9,4.6,6.9,3.4,3.7,4.5,2.3,1,5,2,1,0,8.0,7.4,7.4,7.9,7.6,7.4,0,0,QA Specialist,1,SYNTHETIC,77.5,87.4
ST00075,Student ST00075,CSE,7,6.96,71.7,72.7,0,3.0,1.6,4.3,3.0,2.6,4.0,2.3,4.8,2,3,1,0,0,5.3,5.7,3.9,7.3,8.0,3.6,0,0,Full-Stack Developer,1,SYNTHETIC,92.1,67.0
ST00076,Student ST00076,CSE,8,7.07,74.5,69.8,0,4.9,3.3,5.9,4.0,3.0,2.9,1.0,2.3,2,4,1,1,0,5.9,6.4,5.0,5.2,3.1,4.9,0,0,Full-Stack Developer,1,SYNTHETIC,75.0,70.5
ST00077,Student ST00077,Mechanical,7,7.56,76.5,76.7,0,5.2,7.2,3.8,4.2,3.7,2.6,3.2,5.6,0,6,1,0,0,6.0,6.1,5.5,7.0,5.7,5.8,1,0,QA Specialist,1,SYNTHETIC,84.3,83.6
ST00078,Student ST00078,ISE,7,6.59,63.0,67.1,0,5.4,5.6,3.9,4.7,3.5,5.1,3.1,1.0,1,3,1,0,0,5.7,4.7,5.3,6.7,6.5,6.0,0,0,QA Specialist,1,SYNTHETIC,85.5,80.8
ST00079,Student ST00079,ISE,8,7.59,73.9,77.9,0,4.6,5.8,7.7,5.0,4.7,2.9,1.9,3.7,2,1,1,0,0,5.0,7.0,5.4,5.6,5.0,5.3,0,0,Full-Stack Developer,0,SYNTHETIC,75.7,76.8
ST00080,Student ST00080,CSE,8,6.6,69.5,65.1,0,1.8,1.1,3.9,3.5,2.4,3.7,3.7,1.0,0,3,1,0,1,4.3,6.0,2.9,5.9,4.4,5.5,1,0,Full-Stack Developer,0,SYNTHETIC,93.2,69.9
ST00081,Student ST00081,ISE,7,8.18,80.4,86.7,0,5.0,1.0,6.1,3.4,3.0,3.4,2.8,3.7,0,1,1,1,0,7.2,7.1,4.9,4.7,5.2,5.4,0,0,AI/ML Engineer,1,SYNTHETIC,96.0,78.9
ST00082,Student ST00082,ECE,7,6.83,63.4,72.7,0,1.9,1.2,1.7,1.6,3.5,3.5,1.1,3.0,1,3,1,0,2,7.7,4.4,1.3,6.5,7.9,3.9,0,0,Cybersecurity Specialist,0,SYNTHETIC,93.7,80.4
ST00083,Student ST00083,Mechanical,8,8.05,74.4,84.2,0,4.4,5.0,7.4,9.1,4.2,4.0,3.8,4.0,3,4,2,0,0,7.8,7.6,7.6,6.3,3.9,6.5,0,0,Data Analyst,1,SYNTHETIC,93.9,85.7
ST00084,Student ST00084,ISE,8,7.11,72.1,66.2,0,4.9,6.2,7.1,4.6,2.9,4.4,3.2,4.6,1,2,1,0,1,5.5,7.0,5.5,8.9,8.5,5.9,0,0,Full-Stack Developer,1,SYNTHETIC,82.4,72.4
ST00085,Student ST00085,ECE,7,5.88,66.4,59.7,0,4.7,2.9,4.2,7.0,3.5,3.9,3.6,3.7,2,2,2,0,0,6.0,5.6,6.1,5.1,4.8,4.8,1,0,Cloud/DevOps Engineer,1,SYNTHETIC,85.1,72.1
ST00086,Student ST00086,CSE,8,5.9,59.6,62.1,0,4.1,1.1,3.3,3.4,1.8,2.9,2.0,1.0,2,1,1,1,1,3.9,6.6,4.2,4.0,3.9,4.1,1,0,QA Specialist,0,SYNTHETIC,91.3,74.3
ST00087,Student ST00087,CSE,8,7.44,74.2,73.7,0,3.8,4.4,3.6,4.4,1.4,3.2,2.8,2.3,1,2,1,0,0,4.9,7.1,3.8,6.6,6.6,4.9,1,0,Cybersecurity Specialist,0,SYNTHETIC,81.0,67.5
ST00088,Student ST00088,CSE,7,6.48,63.8,66.9,0,4.8,5.7,3.5,4.2,3.4,4.1,2.5,3.2,0,4,1,0,1,4.0,6.2,5.0,5.8,6.6,5.5,0,0,Data Analyst,1,SYNTHETIC,90.1,68.7
ST00089,Student ST00089,ECE,7,6.79,76.6,77.7,0,3.5,5.1,3.9,4.0,2.8,1.1,2.5,1.2,1,3,1,0,0,6.9,6.4,4.2,7.6,6.9,4.8,0,0,Cybersecurity Specialist,1,SYNTHETIC,81.0,78.0
ST00090,Student ST00090,ECE,7,5.26,58.8,61.3,0,2.5,4.4,2.1,1.3,3.2,2.9,3.5,1.0,1,6,1,0,0,4.2,6.1,1.9,8.6,7.9,4.9,0,1,Data Analyst,0,SYNTHETIC,77.5,67.8
ST00091,Student ST00091,ECE,8,9.83,97.3,89.1,0,7.7,8.9,4.7,3.7,7.1,6.1,2.8,4.5,1,3,2,1,0,7.9,6.7,4.9,4.4,4.2,5.3,0,0,Cybersecurity Specialist,1,SYNTHETIC,85.1,60.6
ST00092,Student ST00092,CSE,8,10.0,92.6,97.0,0,8.1,9.9,8.4,8.2,5.5,8.3,6.7,3.6,1,3,2,3,0,7.2,8.5,8.5,6.3,6.2,7.0,0,0,Data Analyst,1,SYNTHETIC,84.0,88.1
ST00093,Student ST00093,CSE,8,5.52,61.4,56.8,0,2.2,2.5,2.4,1.0,3.1,4.2,2.6,1.0,1,3,1,0,0,6.3,6.2,1.5,8.2,8.1,3.5,1,0,QA Specialist,0,SYNTHETIC,79.1,66.8
ST00094,Student ST00094,ECE,8,7.7,79.3,77.9,0,7.7,6.8,6.1,6.9,2.5,5.4,6.3,2.8,0,1,2,0,0,7.4,6.3,6.2,6.2,6.2,6.5,0,0,QA Specialist,1,SYNTHETIC,94.7,83.1
ST00095,Student ST00095,Mechanical,8,6.74,72.7,64.9,0,5.6,6.0,4.2,4.1,4.6,3.5,4.1,1.0,0,4,1,0,1,5.5,6.0,4.5,6.9,6.1,5.7,1,0,Cloud/DevOps Engineer,1,SYNTHETIC,96.6,91.1
ST00096,Student ST00096,ISE,8,8.07,79.4,78.3,0,5.3,6.1,7.8,4.9,4.8,5.8,3.8,2.8,0,1,1,0,1,7.8,5.4,5.5,8.1,8.0,7.2,1,0,QA Specialist,1,SYNTHETIC,95.7,80.5
ST00097,Student ST00097,CSE,8,7.54,76.2,74.5,0,5.6,8.3,7.3,4.5,5.1,2.9,5.1,5.1,1,3,1,1,0,7.6,7.5,4.0,7.4,7.4,5.2,1,1,Full-Stack Developer,1,SYNTHETIC,91.9,75.9
ST00098,Student ST00098,ISE,7,8.35,84.9,84.6,0,7.9,7.4,5.9,10.0,3.3,5.6,2.0,4.8,3,1,3,0,0,7.0,6.1,8.4,7.1,7.3,7.6,0,1,Cloud/DevOps Engineer,1,SYNTHETIC,94.3,94.9
ST00099,Student ST00099,CSE,8,7.69,77.7,81.8,0,5.1,4.5,5.9,5.6,2.7,4.4,2.3,1.9,1,1,2,0,3,7.4,5.8,4.6,4.7,4.2,4.8,0,0,QA Specialist,1,SYNTHETIC,83.5,83.6
ST00100,Student ST00100,ECE,7,7.02,73.0,75.1,0,4.6,3.3,5.5,2.0,2.7,4.4,3.1,6.5,0,3,1,0,0,4.9,3.8,3.4,8.5,9.1,5.9,1,0,QA Specialist,0,SYNTHETIC,87.9,89.4
ST00101,Student ST00101,Mechanical,8,6.22,62.8,71.8,0,1.0,2.2,4.0,5.6,2.5,5.1,1.8,1.0,1,2,1,0,0,8.2,5.6,4.0,4.1,5.4,2.7,0,0,Full-Stack Developer,1,SYNTHETIC,88.7,66.5
ST00102,Student ST00102,ECE,7,6.49,64.3,69.0,0,4.7,3.8,4.5,4.7,2.4,2.4,1.7,4.0,0,3,1,0,0,6.4,5.6,4.1,5.0,5.3,5.8,1,0,Cloud/DevOps Engineer,0,SYNTHETIC,86.0,72.3
ST00103,Student ST00103,ECE,8,7.37,71.0,70.7,0,4.5,5.6,6.7,4.2,3.1,2.5,5.7,1.0,3,1,1,0,0,9.0,6.6,4.4,7.4,6.5,5.6,0,0,Full-Stack Developer,1,SYNTHETIC,88.2,75.3
ST00104,Student ST00104,CSE,7,7.11,73.6,72.1,0,4.0,4.9,3.0,5.6,2.6,2.6,2.2,4.4,1,3,1,1,0,7.9,6.4,4.4,4.5,4.9,4.8,0,0,QA Specialist,0,SYNTHETIC,89.7,83.7
ST00105,Student ST00105,ECE,8,8.27,80.5,78.3,0,7.6,8.3,6.0,6.1,2.3,5.2,5.7,3.1,1,2,2,0,0,5.5,7.1,6.7,6.9,5.1,6.9,0,0,Data Analyst,1,SYNTHETIC,90.9,86.3
ST00106,Student ST00106,CSE,8,7.87,85.0,74.7,0,8.0,6.4,8.5,5.3,3.7,5.2,3.6,2.4,2,3,2,0,0,5.2,6.3,6.4,4.8,4.5,6.5,1,0,Full-Stack Developer,1,SYNTHETIC,97.4,88.7
ST00107,Student ST00107,ISE,8,9.31,94.4,89.5,0,7.8,7.7,7.6,5.8,3.7,6.1,4.9,3.2,1,2,2,0,0,7.6,7.1,5.3,5.0,4.5,7.6,0,0,Cloud/DevOps Engineer,1,SYNTHETIC,89.7,68.9
ST00108,Student ST00108,ECE,7,5.53,63.2,61.1,0,2.7,2.2,3.7,5.6,1.0,1.0,1.9,3.1,2,2,1,0,0,5.7,5.9,4.1,6.2,3.8,4.4,0,0,Data Analyst,1,SYNTHETIC,90.8,94.0
ST00109,Student ST00109,ISE,7,9.12,91.5,88.3,0,6.1,4.4,6.2,6.4,3.8,4.2,1.0,5.0,3,1,2,0,0,8.4,8.5,6.2,5.2,4.8,5.6,1,0,Cybersecurity Specialist,1,SYNTHETIC,85.1,65.9
ST00110,Student ST00110,CSE,7,7.55,80.3,76.0,0,4.5,3.5,5.9,5.9,4.8,2.8,5.4,2.6,2,2,1,1,0,6.2,6.7,5.3,7.9,5.8,6.4,1,1,AI/ML Engineer,1,SYNTHETIC,75.9,69.5
ST00111,Student ST00111,CSE,8,7.31,75.8,70.4,0,7.4,6.7,6.2,6.8,3.3,6.4,6.4,5.1,1,3,2,0,0,5.0,6.0,6.9,4.5,4.8,6.3,0,0,AI/ML Engineer,1,SYNTHETIC,84.4,63.5
ST00112,Student ST00112,ISE,7,6.27,66.6,63.9,0,3.3,3.6,4.3,3.2,2.2,3.4,2.1,2.1,1,1,1,0,0,5.9,6.3,3.9,4.8,5.1,3.6,0,0,QA Specialist,1,SYNTHETIC,88.2,61.8
ST00113,Student ST00113,CSE,8,8.61,84.1,82.2,0,7.3,5.6,4.4,5.6,5.6,4.7,4.2,2.8,1,2,2,2,0,6.4,6.2,5.5,3.7,3.4,5.5,0,0,Data Analyst,1,SYNTHETIC,84.4,84.4
ST00114,Student ST00114,Mechanical,7,7.93,74.8,81.1,0,4.9,5.9,4.9,3.2,4.7,3.1,4.1,4.4,2,3,1,0,1,7.2,7.7,4.6,6.5,6.0,3.6,1,0,Cloud/DevOps Engineer,0,SYNTHETIC,85.3,71.6
ST00115,Student ST00115,CSE,7,8.54,85.5,87.8,0,8.2,6.6,7.4,5.3,5.3,5.0,3.4,5.0,2,3,2,1,1,8.4,7.6,6.7,4.8,4.0,7.0,0,0,AI/ML Engineer,1,SYNTHETIC,97.3,71.6
ST00116,Student ST00116,ISE,7,7.08,72.1,71.3,0,4.8,4.1,6.6,1.5,2.5,3.0,3.2,2.7,0,4,1,0,0,6.9,6.0,2.1,5.8,4.7,5.0,0,0,Data Analyst,0,SYNTHETIC,91.7,91.5
ST00117,Student ST00117,ISE,8,8.04,84.6,81.4,0,4.7,4.6,7.4,7.7,3.7,5.0,2.3,5.0,2,1,2,2,0,8.3,6.0,6.2,6.6,5.2,5.7,0,0,Data Analyst,1,SYNTHETIC,88.0,89.8
ST00118,Student ST00118,CSE,8,7.48,77.8,71.9,0,2.7,6.2,3.6,7.3,3.2,4.3,2.3,2.5,0,6,1,0,0,7.7,7.5,4.9,5.6,4.7,5.5,1,0,Data Analyst,0,SYNTHETIC,91.8,86.4
ST00119,Student ST00119,ISE,7,7.4,79.2,77.7,0,5.8,3.9,7.8,6.7,4.0,5.2,7.9,2.7,1,1,2,0,0,4.6,6.6,7.1,6.9,6.6,6.0,1,0,Cybersecurity Specialist,0,SYNTHETIC,82.4,81.5
ST00120,Student ST00120,ECE,8,8.99,90.7,93.3,0,3.6,4.8,6.0,7.6,4.6,4.2,1.7,4.7,1,4,2,0,0,6.9,7.5,5.9,5.5,4.2,5.6,2,0,Cybersecurity Specialist,1,SYNTHETIC,83.5,74.0
ST00121,Student ST00121,Mechanical,8,5.61,55.0,57.1,0,4.9,5.5,6.2,5.6,3.7,3.2,5.6,5.8,1,1,1,0,1,5.6,4.8,6.0,6.6,4.6,6.5,1,0,Cloud/DevOps Engineer,0,SYNTHETIC,76.9,79.8
ST00122,Student ST00122,ECE,7,7.2,76.4,69.9,0,4.4,3.0,4.0,4.8,4.9,4.5,2.8,1.3,3,4,1,1,0,9.1,6.8,4.8,6.9,7.8,5.5,1,0,Full-Stack Developer,1,SYNTHETIC,98.6,63.0
ST00123,Student ST00123,CSE,8,6.81,73.3,69.1,0,3.3,3.5,5.1,4.1,1.0,2.7,1.4,1.9,3,6,1,1,0,6.7,4.8,2.9,6.6,6.5,4.4,1,0,Cloud/DevOps Engineer,1,SYNTHETIC,80.4,83.3
ST00124,Student ST00124,ISE,8,7.29,70.7,72.2,0,4.1,4.4,5.3,1.2,1.0,3.7,2.6,2.9,1,1,1,0,0,6.5,7.3,2.5,4.3,3.9,3.4,2,0,AI/ML Engineer,0,SYNTHETIC,76.9,65.9
ST00125,Student ST00125,CSE,8,5.76,61.5,62.5,0,3.7,2.6,3.4,4.2,1.2,5.9,1.0,1.7,0,1,1,0,1,4.6,6.7,3.0,5.4,5.8,5.4,0,0,Full-Stack Developer,0,SYNTHETIC,86.4,92.3
ST00126,Student ST00126,Mechanical,7,7.22,71.9,77.9,1,4.6,4.4,4.1,2.5,3.6,3.9,3.5,1.7,1,5,1,0,0,7.7,4.0,3.7,2.7,2.0,4.5,0,0,Data Analyst,0,SYNTHETIC,78.8,93.2
ST00127,Student ST00127,ECE,8,8.77,81.9,75.4,0,7.1,3.3,4.5,6.0,7.6,3.2,1.5,3.7,1,3,2,1,1,6.7,9.5,6.2,5.3,6.8,4.9,0,0,Cybersecurity Specialist,1,SYNTHETIC,81.9,60.2
ST00128,Student ST00128,ECE,7,5.56,59.1,62.2,0,3.9,2.1,4.5,2.8,1.0,5.0,3.8,2.2,0,1,1,0,0,5.7,6.4,3.0,8.0,7.9,5.4,1,1,Cloud/DevOps Engineer,0,SYNTHETIC,81.5,67.0
ST00129,Student ST00129,ISE,8,6.58,63.7,76.5,0,8.0,3.9,6.0,3.8,3.0,3.7,5.4,2.6,0,4,2,0,1,8.1,6.7,5.8,6.5,6.8,5.8,0,0,QA Specialist,1,SYNTHETIC,80.5,91.4
ST00130,Student ST00130,ECE,8,6.58,65.0,76.1,0,5.5,3.4,3.9,6.0,1.3,3.5,2.9,2.7,1,5,2,0,1,6.0,4.5,5.3,3.7,4.9,5.6,0,0,Full-Stack Developer,0,SYNTHETIC,84.7,69.4
ST00131,Student ST00131,ISE,7,8.0,77.4,78.6,0,6.7,6.3,6.0,6.6,4.2,6.0,3.2,3.3,1,1,2,2,2,7.1,5.8,6.8,6.7,6.4,5.0,1,0,Cybersecurity Specialist,1,SYNTHETIC,77.9,70.9
ST00132,Student ST00132,ISE,7,7.77,79.3,82.5,0,5.3,5.0,4.5,4.8,4.5,5.0,1.0,3.6,1,1,1,1,1,6.9,6.2,4.1,6.5,6.3,7.1,1,0,Cybersecurity Specialist,1,SYNTHETIC,94.9,89.0
ST00133,Student ST00133,CSE,8,6.81,71.1,71.7,0,6.6,4.9,5.0,5.9,5.1,4.5,5.1,5.3,0,2,2,1,0,6.1,5.8,6.1,6.5,5.0,5.3,0,0,Cybersecurity Specialist,1,SYNTHETIC,85.6,90.8
ST00134,Student ST00134,CSE,7,10.0,98.0,95.3,0,8.1,8.9,5.1,4.3,4.0,6.7,5.2,5.6,1,3,2,2,1,5.9,7.2,6.2,7.2,7.0,6.4,1,1,Full-Stack Developer,1,SYNTHETIC,77.9,77.9
ST00135,Student ST00135,Mechanical,8,6.17,58.5,70.4,0,6.5,4.2,4.3,2.1,3.6,7.0,3.5,2.7,3,3,1,0,0,6.5,5.2,4.6,5.5,4.6,4.2,0,0,Data Analyst,1,SYNTHETIC,79.5,79.4
ST00136,Student ST00136,CSE,7,6.74,62.6,73.0,0,4.5,5.5,3.8,3.9,1.6,2.5,1.4,1.7,1,1,1,0,1,6.2,7.3,4.6,5.6,5.7,4.6,0,0,Data Analyst,0,SYNTHETIC,87.3,86.9
ST00137,Student ST00137,Mechanical,7,6.76,65.9,66.0,0,2.1,3.6,2.7,4.2,2.4,1.0,3.1,3.0,1,1,1,0,0,5.6,5.9,3.1,4.5,4.1,3.9,1,0,Full-Stack Developer,0,SYNTHETIC,93.6,72.0
ST00138,Student ST00138,CSE,7,6.22,66.9,69.8,0,3.2,3.1,3.3,6.5,3.7,2.7,2.3,4.4,0,1,1,0,0,7.6,6.6,6.0,5.6,5.3,4.0,1,0,Data Analyst,0,SYNTHETIC,77.6,90.9
ST00139,Student ST00139,ECE,7,8.7,81.5,83.8,0,4.3,6.5,5.3,5.6,3.5,4.1,3.8,3.1,0,2,1,1,1,7.1,8.0,4.1,6.4,5.2,4.4,1,0,Cybersecurity Specialist,1,SYNTHETIC,97.8,85.8
ST00140,Student ST00140,CSE,7,8.35,83.9,76.3,0,6.1,5.7,3.7,4.3,3.9,5.6,1.0,3.0,4,5,1,3,0,8.6,5.9,6.2,5.7,6.8,4.3,0,0,Full-Stack Developer,1,SYNTHETIC,93.0,79.1
ST00141,Student ST00141,CSE,7,6.75,65.6,68.8,0,5.9,6.6,7.4,5.9,6.8,5.5,3.3,1.0,0,1,2,0,1,7.1,6.5,5.1,6.4,6.8,7.3,3,0,QA Specialist,0,SYNTHETIC,83.2,82.7
ST00142,Student ST00142,Mechanical,8,7.05,68.8,73.3,0,5.2,2.6,5.6,7.1,4.9,5.7,3.3,1.4,0,3,2,0,0,6.9,4.3,6.6,7.4,7.6,6.6,2,0,QA Specialist,1,SYNTHETIC,81.2,61.8
ST00143,Student ST00143,ISE,7,6.79,71.2,70.9,0,5.7,4.7,3.0,1.6,2.6,3.0,2.4,1.9,2,4,1,0,0,6.7,5.5,4.6,5.1,3.5,3.8,1,0,Cybersecurity Specialist,1,SYNTHETIC,97.4,92.3
ST00144,Student ST00144,CSE,7,5.33,57.5,50.0,0,5.5,3.7,2.6,3.3,2.3,3.7,1.0,2.6,1,1,1,0,1,5.4,4.0,3.5,6.5,6.2,4.8,1,0,Data Analyst,0,SYNTHETIC,85.1,61.4
ST00145,Student ST00145,CSE,8,9.57,87.6,85.1,0,6.5,6.7,6.6,6.9,7.4,7.4,6.0,2.1,1,2,2,1,0,7.5,8.2,5.6,6.6,7.2,6.3,1,0,Data Analyst,1,SYNTHETIC,77.4,60.6
ST00146,Student ST00146,ECE,7,7.3,75.6,70.9,0,5.8,5.3,4.2,5.4,5.7,5.1,4.7,2.6,3,1,2,2,0,6.9,5.6,4.5,6.0,5.4,5.9,0,0,Data Analyst,1,SYNTHETIC,86.2,65.2
ST00147,Student ST00147,ISE,7,7.11,71.0,70.7,0,5.7,6.0,6.3,5.3,4.4,5.4,4.0,2.2,2,4,2,0,1,7.6,5.2,5.9,5.4,5.1,5.5,0,0,Cloud/DevOps Engineer,1,SYNTHETIC,81.8,70.7
ST00148,Student ST00148,CSE,7,8.61,83.2,88.8,0,5.1,4.3,5.4,7.8,2.6,7.8,2.5,4.4,0,2,2,0,0,7.0,6.3,7.9,7.6,8.8,6.3,0,0,Cybersecurity Specialist,1,SYNTHETIC,87.1,60.3
ST00149,Student ST00149,ECE,8,8.47,89.1,83.0,0,5.6,5.9,6.9,5.5,4.8,7.0,4.1,3.6,1,3,2,1,0,4.4,8.2,5.4,6.6,6.6,7.0,0,0,AI/ML Engineer,1,SYNTHETIC,98.3,77.9
ST00150,Student ST00150,CSE,8,7.13,65.3,70.7,0,5.2,4.5,5.6,7.6,3.1,4.2,4.2,2.9,2,2,2,2,0,5.1,7.2,6.6,4.6,3.4,7.2,0,0,Full-Stack Developer,1,SYNTHETIC,93.8,60.4
ST00151,Student ST00151,ECE,8,7.8,79.3,83.1,0,1.0,2.7,5.0,1.2,1.0,3.8,2.4,1.0,0,3,1,0,0,6.3,5.4,1.0,6.3,5.6,3.0,0,0,Cybersecurity Specialist,0,SYNTHETIC,98.2,93.1
ST00152,Student ST00152,ISE,8,8.2,74.2,81.4,0,8.4,5.4,6.8,3.6,1.0,6.5,3.9,5.3,1,5,2,1,0,5.8,4.8,5.4,8.3,8.2,8.0,0,0,Data Analyst,1,SYNTHETIC,94.4,68.3
ST00153,Student ST00153,ISE,7,7.43,68.9,75.5,0,7.5,6.7,8.4,7.1,5.2,4.6,4.8,5.6,1,1,2,0,1,5.5,5.1,6.0,5.4,7.0,6.8,0,0,AI/ML Engineer,1,SYNTHETIC,92.7,61.8
ST00154,Student ST00154,ISE,8,7.27,71.7,68.2,0,1.8,3.9,3.7,2.8,2.8,4.2,5.7,1.0,1,3,1,0,0,7.9,6.9,2.7,5.6,4.1,3.4,0,0,AI/ML Engineer,0,SYNTHETIC,97.9,62.5
ST00155,Student ST00155,Mechanical,8,6.83,65.6,73.3,0,6.1,5.4,5.8,5.5,6.9,4.7,3.3,1.9,3,1,2,0,0,7.8,6.1,5.8,6.3,7.4,5.2,0,0,AI/ML Engineer,0,SYNTHETIC,76.5,84.6
ST00156,Student ST00156,ECE,7,7.38,74.3,79.4,0,3.4,5.5,3.8,5.5,5.3,3.2,3.6,1.0,2,3,1,0,0,6.5,7.3,4.9,9.4,7.1,6.3,0,0,Full-Stack Developer,1,SYNTHETIC,87.1,71.3
ST00157,Student ST00157,CSE,8,7.15,66.1,74.3,0,6.4,6.1,5.3,5.9,5.3,5.4,6.3,4.6,1,1,2,0,0,4.3,5.7,5.3,6.4,7.0,6.7,0,0,Full-Stack Developer,0,SYNTHETIC,77.5,65.1
ST00158,Student ST00158,Mechanical,8,7.48,79.8,71.4,0,5.4,5.2,4.6,5.3,2.7,4.0,2.2,1.0,4,3,2,1,0,7.6,7.3,5.7,7.7,6.5,6.6,3,1,Data Analyst,1,SYNTHETIC,76.0,72.7
ST00159,Student ST00159,Mechanical,8,7.94,83.0,76.4,0,4.2,2.1,6.0,6.3,4.2,2.2,2.9,1.0,1,3,2,0,0,6.7,6.1,4.2,3.1,3.4,3.9,1,0,QA Specialist,1,SYNTHETIC,85.1,89.4
ST00160,Student ST00160,ECE,8,7.06,74.0,66.5,0,4.9,6.5,6.0,2.2,3.8,4.0,1.3,3.3,0,1,1,0,1,6.3,5.6,2.9,7.6,8.2,3.8,0,0,Cloud/DevOps Engineer,0,SYNTHETIC,75.6,85.7
ST00161,Student ST00161,CSE,8,8.59,92.4,87.8,0,6.2,5.2,8.2,7.4,5.1,6.5,4.9,5.9,3,1,2,2,0,7.1,6.8,7.0,5.6,5.9,5.7,0,0,Full-Stack Developer,1,SYNTHETIC,80.6,77.3
ST00162,Student ST00162,ECE,7,7.82,76.2,81.7,0,6.0,4.0,5.0,4.7,5.0,6.9,2.2,4.7,1,3,2,1,1,7.3,6.8,5.7,6.1,4.8,6.5,0,0,QA Specialist,0,SYNTHETIC,82.3,63.3
ST00163,Student ST00163,CSE,7,8.76,85.0,81.2,0,8.2,4.7,9.1,7.0,6.1,7.6,5.7,3.6,3,5,2,1,2,5.8,8.9,6.2,5.4,5.6,7.2,0,0,Cloud/DevOps Engineer,1,SYNTHETIC,76.6,69.4
ST00164,Student ST00164,CSE,7,7.63,79.8,72.8,0,7.8,4.0,6.6,5.5,5.2,3.7,6.3,1.0,0,1,2,1,2,7.4,5.2,7.4,6.2,5.5,6.2,0,0,Cloud/DevOps Engineer,0,SYNTHETIC,94.6,73.2
ST00165,Student ST00165,CSE,8,7.15,70.1,72.7,0,3.7,4.5,4.9,4.7,4.5,4.6,5.0,2.8,2,1,1,0,0,6.8,4.1,4.3,6.4,5.9,6.1,1,0,QA Specialist,0,SYNTHETIC,96.3,74.4
ST00166,Student ST00166,ECE,8,9.04,94.0,83.7,0,5.7,6.6,7.1,4.8,4.4,2.7,6.0,2.7,0,1,2,0,0,8.3,4.3,5.2,6.1,5.4,7.0,1,0,AI/ML Engineer,0,SYNTHETIC,94.5,80.6
ST00167,Student ST00167,Mechanical,7,6.73,66.3,73.6,0,5.8,4.3,4.5,7.7,1.5,4.3,1.0,4.8,2,5,2,0,0,4.3,5.8,6.7,7.1,6.8,7.4,1,1,Cybersecurity Specialist,1,SYNTHETIC,78.1,73.2
ST00168,Student ST00168,CSE,8,7.65,73.8,82.6,0,4.4,4.3,6.2,4.8,2.6,6.6,1.9,2.9,2,1,1,1,0,7.3,5.5,5.1,7.7,8.1,6.1,0,0,QA Specialist,1,SYNTHETIC,82.9,68.7
ST00169,Student ST00169,CSE,8,8.3,87.0,79.3,0,4.4,2.9,3.9,3.4,3.2,4.9,3.9,2.1,1,2,1,2,1,6.6,8.3,4.1,7.0,7.2,4.7,1,0,QA Specialist,1,SYNTHETIC,97.9,61.7
ST00170,Student ST00170,CSE,8,7.53,71.3,83.2,0,6.1,5.5,6.5,6.7,1.4,8.0,2.7,3.4,2,1,2,1,1,5.5,6.4,5.5,7.2,7.3,7.1,1,0,QA Specialist,1,SYNTHETIC,85.9,86.4
ST00171,Student ST00171,ECE,8,7.54,71.7,72.3,0,6.7,4.8,5.3,4.7,3.0,5.0,1.1,4.9,1,4,2,1,0,5.1,6.2,6.2,7.3,7.0,5.6,2,0,AI/ML Engineer,0,SYNTHETIC,97.8,78.7
ST00172,Student ST00172,CSE,8,8.48,82.8,70.4,0,6.7,5.0,5.1,6.8,3.5,1.9,1.0,3.6,2,1,2,1,0,4.7,6.5,6.7,6.0,7.7,7.9,0,0,Full-Stack Developer,1,SYNTHETIC,85.7,93.8
ST00173,Student ST00173,ECE,7,6.0,60.2,62.2,0,2.0,3.6,4.8,2.2,3.0,1.0,2.6,1.0,0,3,1,0,0,5.7,4.4,2.6,5.9,4.2,3.9,1,0,Cybersecurity Specialist,0,SYNTHETIC,98.7,69.3
ST00174,Student ST00174,ECE,7,7.02,72.3,71.8,0,5.1,5.3,5.3,4.0,4.6,7.4,3.6,2.1,3,1,1,2,0,8.7,5.9,4.5,7.1,6.2,5.6,0,1,Full-Stack Developer,0,SYNTHETIC,79.5,61.1
ST00175,Student ST00175,ECE,7,8.27,86.1,82.3,0,5.1,4.4,5.1,3.7,3.9,2.7,3.9,3.1,0,1,1,1,1,9.6,7.9,3.9,5.5,6.1,3.5,0,0,Data Analyst,0,SYNTHETIC,77.8,94.0
ST00176,Student ST00176,ECE,8,6.72,73.0,73.1,0,4.8,6.2,6.8,5.0,3.0,7.1,4.0,4.2,0,3,1,0,0,5.7,5.1,5.8,5.3,4.8,5.4,0,0,Data Analyst,0,SYNTHETIC,84.0,65.3
ST00177,Student ST00177,ISE,8,8.04,84.1,78.0,0,5.0,3.4,4.3,6.5,4.4,4.3,1.0,2.9,2,4,2,0,1,5.4,7.0,6.3,7.4,7.0,5.7,0,0,Full-Stack Developer,1,SYNTHETIC,83.1,60.6
ST00178,Student ST00178,ISE,7,8.5,75.5,89.8,0,6.3,7.4,7.0,8.5,6.2,4.1,5.3,3.6,0,3,2,0,1,7.1,8.1,8.2,7.6,7.5,6.3,1,0,QA Specialist,1,SYNTHETIC,98.2,75.8
ST00179,Student ST00179,Mechanical,7,7.08,68.1,71.6,0,4.8,6.1,5.7,4.5,5.1,3.6,2.2,1.0,1,2,1,0,1,8.4,6.5,4.0,4.9,4.9,5.0,1,0,Full-Stack Developer,0,SYNTHETIC,75.7,81.6
ST00180,Student ST00180,CSE,7,10.0,98.0,93.3,0,5.8,3.5,7.4,9.2,2.5,6.0,3.3,4.7,0,2,2,3,0,9.3,8.3,7.8,5.9,5.7,6.4,2,0,Cybersecurity Specialist,1,SYNTHETIC,86.0,93.1
ST00181,Student ST00181,ECE,7,6.93,71.6,64.4,0,7.4,2.9,3.6,4.0,5.0,4.1,1.0,4.4,2,1,2,1,2,5.6,6.2,5.2,3.9,4.8,6.6,1,0,Data Analyst,1,SYNTHETIC,88.6,63.1
ST00182,Student ST00182,ISE,8,8.91,85.6,87.0,0,4.0,2.1,5.5,5.9,3.0,4.5,2.5,3.7,1,1,1,0,1,6.6,5.7,5.6,5.9,5.8,6.6,1,0,Full-Stack Developer,1,SYNTHETIC,76.4,69.2
ST00183,Student ST00183,CSE,7,6.22,64.0,67.5,0,5.0,3.0,5.4,5.9,1.0,3.0,1.9,1.0,2,1,2,0,2,6.5,5.5,5.8,4.5,4.0,5.0,0,0,Cybersecurity Specialist,0,SYNTHETIC,81.4,84.0
ST00184,Student ST00184,CSE,7,6.63,68.7,72.5,0,5.1,5.9,5.3,3.5,3.8,3.1,6.6,2.3,0,3,1,0,1,5.2,4.3,3.9,4.9,4.2,5.0,0,0,Cloud/DevOps Engineer,0,SYNTHETIC,86.4,60.3
ST00185,Student ST00185,ECE,8,7.55,76.6,77.7,0,6.4,6.3,4.3,5.9,4.8,6.1,2.7,2.4,1,1,2,1,1,6.6,7.6,6.7,4.6,4.4,6.3,1,0,Cloud/DevOps Engineer,1,SYNTHETIC,94.3,93.9
ST00186,Student ST00186,ECE,7,7.36,67.5,74.8,0,4.3,2.8,5.0,1.5,2.9,3.9,3.9,3.9,1,3,1,0,0,5.9,5.3,3.0,8.7,7.1,3.7,1,1,Full-Stack Developer,0,SYNTHETIC,76.9,90.8
ST00187,Student ST00187,CSE,8,7.62,75.0,75.7,0,6.9,2.9,5.4,5.8,2.6,7.1,2.6,3.1,0,3,2,2,0,6.7,6.3,6.9,9.6,7.5,8.6,1,1,Cybersecurity Specialist,1,SYNTHETIC,77.8,64.5
ST00188,Student ST00188,ISE,8,8.12,81.3,83.7,0,4.4,6.2,4.6,6.2,3.8,1.6,2.5,3.5,1,2,2,2,1,7.1,5.8,7.0,6.7,7.1,5.7,1,0,Cloud/DevOps Engineer,1,SYNTHETIC,85.8,86.5
ST00189,Student ST00189,CSE,8,7.37,80.5,73.3,0,6.6,5.9,4.6,4.7,3.2,2.9,2.3,1.4,0,2,2,0,1,5.5,7.5,5.0,6.8,6.2,5.4,1,0,QA Specialist,0,SYNTHETIC,76.5,64.6
ST00190,Student ST00190,ISE,8,7.76,81.8,79.1,0,6.7,4.4,5.0,3.5,4.4,2.2,3.4,1.0,0,4,1,1,0,5.8,7.4,5.9,6.8,5.2,5.1,0,0,Cloud/DevOps Engineer,0,SYNTHETIC,94.6,92.5
ST00191,Student ST00191,CSE,7,9.41,94.3,94.3,0,6.1,5.9,5.0,5.5,2.0,4.6,5.1,2.2,0,3,2,0,0,5.6,7.1,5.6,7.0,6.9,5.3,1,0,Cybersecurity Specialist,1,SYNTHETIC,80.7,92.8
ST00192,Student ST00192,Mechanical,7,8.48,85.0,84.4,0,5.3,6.0,6.7,3.4,3.4,4.8,4.1,5.1,1,1,1,0,0,6.4,7.6,3.4,6.8,5.0,4.9,1,0,Full-Stack Developer,0,SYNTHETIC,98.7,61.9
ST00193,Student ST00193,Mechanical,8,7.13,63.8,64.4,0,5.8,5.3,5.4,6.5,2.7,5.5,1.0,1.4,1,2,2,0,0,5.9,5.9,4.5,4.4,4.9,6.1,0,0,AI/ML Engineer,1,SYNTHETIC,83.0,71.1
ST00194,Student ST00194,CSE,7,6.3,65.3,67.4,0,8.1,1.9,5.9,4.1,2.6,3.5,1.7,5.3,1,3,2,0,0,4.4,3.6,5.2,6.4,6.3,6.4,0,0,Cybersecurity Specialist,0,SYNTHETIC,82.8,82.0
ST00195,Student ST00195,ISE,7,7.86,77.8,75.9,0,5.7,4.4,4.8,3.4,4.4,3.3,3.6,4.1,0,3,1,0,0,5.7,7.4,3.8,7.1,6.4,4.0,2,1,AI/ML Engineer,1,SYNTHETIC,83.6,65.2
ST00196,Student ST00196,ISE,8,5.0,57.6,54.3,2,1.1,1.0,1.4,1.0,1.3,1.4,2.0,1.0,2,2,1,0,0,6.1,5.0,1.0,8.7,8.5,3.0,1,0,QA Specialist,0,SYNTHETIC,84.7,82.7
ST00197,Student ST00197,Mechanical,8,8.38,88.8,80.2,0,4.4,5.2,5.8,6.5,5.5,3.9,1.0,3.1,3,2,2,0,1,6.6,8.5,5.5,6.2,5.5,6.6,0,0,AI/ML Engineer,1,SYNTHETIC,91.3,84.6
ST00198,Student ST00198,ECE,7,7.44,77.6,77.1,0,3.5,6.2,7.0,3.3,1.6,4.3,2.2,3.0,1,4,1,0,0,5.8,7.2,2.6,2.7,2.6,3.0,1,0,Full-Stack Developer,1,SYNTHETIC,91.0,91.9
ST00199,Student ST00199,ECE,8,8.6,79.0,86.5,0,5.0,4.4,5.8,5.5,5.6,4.8,2.9,2.8,2,1,2,0,1,7.4,8.2,4.9,6.2,5.9,5.7,0,0,AI/ML Engineer,1,SYNTHETIC,91.0,70.0
ST00200,Student ST00200,Mechanical,7,9.09,95.9,93.4,0,5.8,3.8,8.8,6.8,3.7,7.1,2.5,4.1,2,1,2,0,0,7.2,8.2,6.3,7.3,6.0,6.7,1,0,QA Specialist,1,SYNTHETIC,96.6,91.9
ST00201,Student ST00201,ECE,8,7.43,77.9,79.3,0,6.1,4.3,6.0,4.9,3.5,4.5,2.2,1.0,1,2,2,1,1,5.9,7.9,6.9,5.9,4.3,6.4,0,0,Full-Stack Developer,1,SYNTHETIC,77.2,92.3
ST00202,Student ST00202,ISE,8,6.65,70.0,73.0,0,1.5,4.0,4.0,2.7,4.4,2.1,1.6,2.8,0,3,1,0,0,7.1,6.1,1.9,2.6,2.6,2.1,0,0,Data Analyst,0,SYNTHETIC,97.7,69.9
ST00203,Student ST00203,Mechanical,8,9.39,90.0,90.8,0,6.3,5.9,7.6,7.0,4.4,4.2,3.8,3.0,2,3,2,2,1,5.1,6.9,7.9,7.0,8.3,5.8,1,0,Cloud/DevOps Engineer,1,SYNTHETIC,76.2,90.1
ST00204,Student ST00204,ECE,8,5.72,59.4,60.5,1,2.2,2.8,3.2,2.6,1.0,3.3,1.0,1.3,2,3,1,0,0,4.9,8.4,1.5,6.2,6.2,5.0,0,0,Data Analyst,1,SYNTHETIC,93.4,92.6
ST00205,Student ST00205,ECE,7,7.25,75.7,73.7,0,3.5,2.0,5.9,3.4,1.1,3.4,2.6,1.0,0,6,1,0,0,6.1,6.9,3.4,5.9,5.8,3.9,0,0,QA Specialist,1,SYNTHETIC,86.4,81.5
ST00206,Student ST00206,ECE,8,7.77,81.5,82.9,0,3.1,5.4,5.6,4.6,3.4,4.7,3.8,3.4,1,3,1,0,1,5.7,5.9,3.7,4.5,2.5,3.9,0,0,Cybersecurity Specialist,0,SYNTHETIC,98.1,82.5
ST00207,Student ST00207,Mechanical,7,7.34,72.9,72.7,0,6.0,5.1,7.5,8.3,2.2,5.6,8.2,3.6,0,3,2,0,0,6.3,5.1,8.4,4.3,4.1,5.2,0,0,Cloud/DevOps Engineer,1,SYNTHETIC,96.3,61.4
ST00208,Student ST00208,ECE,8,8.37,80.4,75.0,0,5.4,5.6,5.4,8.7,2.1,8.9,3.3,3.7,0,2,2,1,2,5.4,6.1,7.7,9.1,8.5,8.4,1,0,Cybersecurity Specialist,1,SYNTHETIC,87.3,69.4
ST00209,Student ST00209,CSE,7,5.77,55.0,62.5,0,3.8,3.8,8.1,3.7,3.5,2.8,3.0,1.8,2,3,1,0,0,5.9,6.2,3.2,6.6,5.5,5.1,0,0,Full-Stack Developer,0,SYNTHETIC,87.7,74.1
ST00210,Student ST00210,ISE,7,6.59,68.7,63.0,0,4.4,4.5,3.3,6.0,2.2,1.7,2.5,2.4,2,1,1,0,1,6.7,7.7,4.2,4.5,5.1,4.0,1,0,Full-Stack Developer,0,SYNTHETIC,89.3,74.8
ST00211,Student ST00211,ECE,7,5.78,59.7,61.2,0,4.0,4.2,5.6,4.3,4.4,3.2,1.1,1.0,1,1,1,0,0,5.2,3.8,3.8,5.4,4.6,4.1,0,0,Cloud/DevOps Engineer,0,SYNTHETIC,78.1,82.4
ST00212,Student ST00212,CSE,7,6.04,68.3,65.5,0,6.6,3.8,6.0,4.1,1.6,4.3,5.0,3.6,2,1,2,0,0,5.5,6.4,4.1,4.1,4.5,5.6,1,0,Data Analyst,0,SYNTHETIC,94.6,61.3
ST00213,Student ST00213,ISE,7,7.44,79.6,74.7,0,1.0,2.1,3.2,1.6,1.0,2.7,1.0,4.2,3,2,1,1,0,5.9,6.9,1.7,9.0,8.6,3.5,1,1,Data Analyst,0,SYNTHETIC,82.8,81.2
ST00214,Student ST00214,Mechanical,7,7.65,73.5,74.5,0,6.9,5.0,6.0,5.2,8.3,5.6,2.6,5.4,2,2,2,0,0,7.8,6.5,6.6,7.1,5.8,5.1,0,0,AI/ML Engineer,1,SYNTHETIC,79.6,62.1
ST00215,Student ST00215,ISE,8,7.54,76.2,72.9,0,6.6,6.8,6.0,6.7,3.5,7.8,2.5,6.5,0,5,2,1,2,7.1,4.3,6.9,5.3,6.7,6.6,2,0,AI/ML Engineer,1,SYNTHETIC,84.5,60.0
ST00216,Student ST00216,CSE,7,7.49,71.6,72.1,0,5.7,6.5,7.4,6.0,5.4,6.2,2.8,4.6,2,2,2,0,0,5.3,5.8,5.7,7.4,6.7,5.2,0,0,Full-Stack Developer,1,SYNTHETIC,92.9,94.0
ST00217,Student ST00217,Mechanical,7,8.5,83.5,79.0,0,6.3,8.5,7.3,6.5,5.6,5.1,3.8,6.0,1,2,2,0,0,4.7,6.3,5.2,5.6,5.9,5.4,0,0,Data Analyst,1,SYNTHETIC,79.8,71.2
ST00218,Student ST00218,ECE,7,6.69,69.4,71.2,0,6.3,6.3,5.1,8.0,3.2,4.7,5.2,3.8,1,4,2,1,1,8.9,6.6,7.4,7.2,6.6,9.1,0,0,Full-Stack Developer,1,SYNTHETIC,93.4,86.2
ST00219,Student ST00219,ECE,8,6.27,61.0,64.1,0,5.6,4.8,4.0,7.2,1.8,5.9,4.1,4.6,1,1,2,0,1,4.4,5.2,6.0,6.1,5.7,6.9,1,0,Data Analyst,0,SYNTHETIC,97.3,60.2
ST00220,Student ST00220,ECE,8,7.8,79.3,80.8,0,7.3,8.5,6.4,5.6,4.6,3.2,3.6,1.9,0,3,2,0,1,5.5,7.0,5.7,6.7,5.1,6.2,1,0,Cloud/DevOps Engineer,1,SYNTHETIC,96.2,91.2
ST00221,Student ST00221,ECE,7,7.86,73.9,77.7,0,6.0,6.3,3.4,5.9,2.2,3.9,3.1,5.4,1,2,2,0,2,6.0,6.5,6.0,7.2,7.4,6.3,0,0,Data Analyst,0,SYNTHETIC,89.0,79.2
ST00222,Student ST00222,ISE,8,7.04,66.1,76.9,0,5.0,4.6,5.0,5.0,4.4,4.1,2.9,4.1,0,1,1,0,0,6.3,4.6,5.1,7.4,6.0,4.8,0,1,Cybersecurity Specialist,1,SYNTHETIC,92.5,75.8
ST00223,Student ST00223,ECE,8,8.11,73.3,75.1,0,8.0,3.9,4.4,7.4,4.0,6.0,2.3,2.8,2,2,2,0,0,7.7,7.4,7.6,3.6,2.0,4.8,0,0,Cloud/DevOps Engineer,1,SYNTHETIC,78.3,66.9
ST00224,Student ST00224,CSE,7,6.85,65.8,79.3,0,4.9,8.1,6.0,6.4,4.3,4.6,5.5,3.8,0,2,2,0,0,6.1,4.9,5.6,8.1,8.8,6.6,1,1,QA Specialist,0,SYNTHETIC,81.2,91.0
ST00225,Student ST00225,ECE,8,5.97,64.4,66.3,0,4.0,3.0,3.7,1.0,2.1,4.5,1.2,2.0,0,2,1,0,0,7.2,6.6,1.8,6.9,7.1,4.8,1,0,Full-Stack Developer,0,SYNTHETIC,81.3,64.3
ST00226,Student ST00226,ECE,8,10.0,98.0,94.5,0,6.9,3.3,4.2,4.7,5.6,5.6,3.0,3.4,1,1,2,2,1,6.6,7.2,7.2,5.1,4.9,5.2,3,0,Cloud/DevOps Engineer,1,SYNTHETIC,96.7,78.1
ST00227,Student ST00227,ISE,7,8.21,85.4,77.7,0,7.1,4.7,6.1,4.1,5.3,6.3,6.1,3.2,2,2,2,0,0,7.7,6.6,5.5,5.4,4.7,5.8,1,0,Cloud/DevOps Engineer,1,SYNTHETIC,83.7,86.5
ST00228,Student ST00228,CSE,8,8.26,77.9,90.0,0,6.0,3.5,5.2,7.2,2.4,7.3,3.2,4.3,2,2,2,0,0,6.1,7.9,5.8,7.2,7.0,6.7,0,1,Cybersecurity Specialist,1,SYNTHETIC,81.5,89.9
ST00229,Student ST00229,CSE,7,7.54,75.9,72.1,0,5.0,4.8,5.4,5.2,3.0,6.2,1.5,1.8,1,3,1,1,0,5.7,4.5,3.9,8.9,9.8,6.1,2,0,Full-Stack Developer,1,SYNTHETIC,89.6,80.5
ST00230,Student ST00230,ECE,7,7.15,63.6,69.4,0,4.4,4.2,6.2,6.4,3.0,5.5,3.4,2.6,2,2,2,2,0,6.7,7.5,5.5,4.2,4.9,5.5,0,0,Cloud/DevOps Engineer,1,SYNTHETIC,82.3,94.1
ST00231,Student ST00231,ISE,7,6.43,73.6,70.6,0,3.0,2.9,1.8,4.0,1.3,3.7,1.0,3.3,0,3,1,0,0,5.8,6.2,3.3,6.5,6.6,4.6,0,0,QA Specialist,0,SYNTHETIC,81.9,64.2
ST00232,Student ST00232,CSE,8,8.37,88.5,84.6,0,5.5,6.3,6.2,3.3,4.8,3.9,1.5,1.0,2,2,1,0,0,6.1,8.6,4.6,5.5,5.3,6.0,0,0,Data Analyst,1,SYNTHETIC,90.3,70.1
ST00233,Student ST00233,Mechanical,7,8.18,78.0,78.0,0,2.7,5.6,5.2,6.6,2.2,3.9,1.1,1.5,1,1,1,0,0,6.5,7.3,4.2,7.3,6.2,5.3,0,0,Cloud/DevOps Engineer,1,SYNTHETIC,93.3,60.6
ST00234,Student ST00234,Mechanical,8,5.33,61.3,69.1,0,2.6,2.4,4.9,4.4,2.3,4.5,1.0,3.2,0,2,1,0,1,5.5,4.5,4.4,7.1,5.9,5.3,1,0,AI/ML Engineer,0,SYNTHETIC,75.6,74.4
ST00235,Student ST00235,ISE,7,8.63,80.5,86.5,0,6.2,4.4,6.7,5.5,1.7,6.2,5.4,4.0,1,1,2,1,1,4.8,5.5,6.4,3.8,3.6,6.0,0,0,AI/ML Engineer,1,SYNTHETIC,76.8,77.9
ST00236,Student ST00236,Mechanical,7,7.98,81.7,85.6,0,5.8,7.5,5.6,7.5,3.9,4.4,4.6,1.0,1,1,2,1,0,7.0,7.2,6.8,7.8,7.8,6.5,0,1,Data Analyst,1,SYNTHETIC,85.6,62.3
ST00237,Student ST00237,Mechanical,7,7.26,74.2,80.2,0,4.5,6.4,4.9,6.8,3.3,5.2,5.2,2.4,2,4,2,0,0,6.4,7.4,5.5,4.8,4.9,3.9,0,0,Full-Stack Developer,1,SYNTHETIC,78.8,88.4
ST00238,Student ST00238,ISE,7,7.03,69.8,75.9,0,4.4,2.1,1.8,2.9,1.4,1.0,3.7,1.0,1,1,1,0,0,4.7,6.2,4.1,6.8,6.5,3.5,1,0,QA Specialist,0,SYNTHETIC,89.3,63.2
ST00239,Student ST00239,CSE,7,6.61,69.0,71.0,0,6.8,5.0,5.6,6.1,3.9,5.6,1.0,5.8,0,1,2,0,0,5.0,3.8,5.6,6.0,7.2,6.6,0,0,Data Analyst,0,SYNTHETIC,88.7,68.9
ST00240,Student ST00240,ISE,8,7.01,68.5,68.4,0,5.0,2.7,4.3,4.4,1.6,6.3,1.5,1.5,1,2,1,1,1,6.5,5.5,5.1,6.1,6.2,4.5,0,0,QA Specialist,1,SYNTHETIC,98.0,71.5
ST00241,Student ST00241,ECE,8,8.23,79.5,85.0,0,2.7,2.2,2.3,3.2,2.9,4.1,2.5,1.0,2,5,1,0,0,7.2,6.3,2.9,4.6,3.5,3.8,0,0,Data Analyst,0,SYNTHETIC,85.2,70.8
ST00242,Student ST00242,ECE,8,7.87,76.1,77.6,0,6.5,4.3,7.3,7.4,2.5,4.0,5.5,3.1,1,1,2,1,0,7.3,7.6,7.5,6.5,6.3,6.5,1,0,QA Specialist,1,SYNTHETIC,82.8,64.8
ST00243,Student ST00243,Mechanical,7,7.32,78.3,75.0,0,7.2,6.5,4.8,8.1,6.1,5.2,1.7,1.0,0,2,2,0,0,5.8,6.5,8.7,6.9,6.2,7.6,2,0,Cloud/DevOps Engineer,1,SYNTHETIC,86.6,79.0
ST00244,Student ST00244,CSE,8,5.69,58.8,54.4,0,3.6,2.0,3.2,2.0,1.1,1.1,1.4,1.0,2,4,1,0,1,6.5,5.3,2.8,8.5,6.2,5.4,0,0,Full-Stack Developer,0,SYNTHETIC,90.7,74.6
ST00245,Student ST00245,ISE,7,8.12,82.7,79.9,0,6.7,3.5,5.8,2.8,2.9,5.4,2.5,2.0,2,1,1,0,1,8.0,6.7,4.4,5.8,6.3,4.9,0,0,Cloud/DevOps Engineer,1,SYNTHETIC,91.5,83.6
ST00246,Student ST00246,CSE,8,5.78,58.3,63.5,0,7.2,3.1,6.1,4.9,1.0,3.2,3.1,1.0,1,1,2,0,0,4.0,5.1,4.5,7.9,9.0,4.9,0,0,Cybersecurity Specialist,0,SYNTHETIC,78.7,90.8
ST00247,Student ST00247,CSE,7,5.44,55.0,58.6,0,5.8,5.6,2.5,4.0,3.3,2.2,1.0,1.7,0,1,1,0,0,4.9,5.9,3.6,7.7,5.8,6.7,0,0,Cloud/DevOps Engineer,0,SYNTHETIC,80.4,66.6
ST00248,Student ST00248,ISE,8,9.27,87.4,97.0,0,6.9,7.3,10.0,5.3,3.3,4.9,4.4,1.4,2,4,2,3,1,8.4,6.4,5.6,4.3,4.7,6.0,0,0,Cybersecurity Specialist,1,SYNTHETIC,80.2,72.5
ST00249,Student ST00249,ISE,7,6.57,65.6,64.4,0,5.5,5.0,4.6,4.9,3.9,3.5,1.1,5.6,1,2,1,0,0,6.2,5.1,4.7,5.1,4.6,5.6,0,0,Full-Stack Developer,1,SYNTHETIC,80.0,77.2
ST00250,Student ST00250,Mechanical,7,8.35,83.2,84.1,0,5.0,5.6,4.3,4.9,2.6,3.6,1.0,5.1,1,3,1,0,1,7.6,8.7,4.6,1.5,1.4,3.8,2,0,Full-Stack Developer,0,SYNTHETIC,78.4,85.1
ST00251,Student ST00251,ECE,7,5.37,55.0,58.1,0,2.8,1.3,2.1,3.9,2.2,2.5,2.9,2.1,2,1,1,0,1,6.8,6.3,2.2,7.7,5.7,5.8,0,1,QA Specialist,0,SYNTHETIC,98.8,64.5
ST00252,Student ST00252,ECE,7,8.41,78.2,78.9,0,3.6,2.8,6.7,3.6,4.1,4.0,2.8,1.6,2,4,1,2,0,6.3,6.8,3.5,8.9,8.2,5.4,0,0,AI/ML Engineer,1,SYNTHETIC,88.8,81.8
ST00253,Student ST00253,Mechanical,8,8.75,86.5,87.0,0,8.8,4.2,5.5,8.7,4.5,5.1,2.6,3.2,1,1,2,0,1,8.0,8.1,8.3,5.8,6.3,7.1,1,0,AI/ML Engineer,1,SYNTHETIC,75.2,64.9
ST00254,Student ST00254,ISE,7,8.19,74.5,84.0,0,6.4,6.4,7.7,7.3,5.7,6.7,3.9,3.2,3,1,2,1,0,7.8,9.3,7.0,5.6,5.1,6.6,1,0,AI/ML Engineer,1,SYNTHETIC,78.9,64.3
ST00255,Student ST00255,CSE,7,7.34,75.4,71.8,0,6.7,6.1,3.0,3.3,1.0,3.1,4.1,2.0,2,3,1,0,0,7.5,5.0,4.9,7.7,6.9,6.6,0,1,Cybersecurity Specialist,1,SYNTHETIC,85.8,60.4
ST00256,Student ST00256,CSE,8,9.35,94.2,96.8,0,6.2,7.0,7.5,5.6,4.4,5.8,6.9,1.0,1,4,2,1,1,5.5,7.8,5.4,4.6,2.9,5.2,0,0,Cloud/DevOps Engineer,1,SYNTHETIC,79.0,94.2
ST00257,Student ST00257,Mechanical,8,7.45,78.8,73.2,0,4.8,7.9,7.6,4.1,8.4,5.6,2.9,1.7,0,1,1,0,0,6.5,6.1,4.8,5.7,3.8,4.8,0,0,Full-Stack Developer,0,SYNTHETIC,84.2,79.8
ST00258,Student ST00258,CSE,7,5.53,55.3,55.7,0,4.8,6.4,4.5,5.3,4.1,5.2,2.4,2.2,2,1,1,0,0,5.5,6.1,5.2,8.0,7.6,6.1,1,0,Full-Stack Developer,0,SYNTHETIC,95.6,68.0
ST00259,Student ST00259,ISE,7,6.75,66.9,67.2,0,1.9,6.1,6.0,3.4,4.5,5.7,4.5,1.0,1,4,1,0,0,5.2,7.2,2.6,4.8,3.6,5.1,0,0,Cloud/DevOps Engineer,1,SYNTHETIC,86.7,84.6
ST00260,Student ST00260,CSE,7,8.49,84.3,81.6,0,5.5,6.3,7.6,6.1,5.7,3.7,3.0,2.1,0,4,2,1,0,9.5,6.3,7.4,5.6,5.2,6.4,1,0,Cybersecurity Specialist,1,SYNTHETIC,89.4,84.8
ST00261,Student ST00261,Mechanical,7,7.54,82.8,79.3,0,7.1,5.3,4.6,1.8,1.3,6.3,5.5,2.7,1,3,1,0,0,5.0,6.4,5.0,7.7,8.1,5.6,1,1,Cybersecurity Specialist,0,SYNTHETIC,83.8,93.6
ST00262,Student ST00262,ECE,8,7.72,78.8,75.1,0,3.6,3.4,4.8,4.2,2.4,3.3,3.4,4.7,0,2,1,1,1,7.0,6.9,4.1,5.6,5.5,4.8,1,0,AI/ML Engineer,0,SYNTHETIC,85.6,81.0
ST00263,Student ST00263,Mechanical,8,8.15,81.1,80.9,0,6.3,5.7,6.3,5.2,3.0,4.3,3.8,1.0,2,1,2,1,2,6.4,7.6,5.5,8.6,9.7,6.6,0,1,Data Analyst,1,SYNTHETIC,75.5,63.5
ST00264,Student ST00264,CSE,8,9.37,91.5,95.8,0,7.0,6.9,6.9,5.6,1.0,4.1,2.7,1.7,0,2,2,1,0,7.8,6.7,6.1,4.7,6.4,5.7,1,0,AI/ML Engineer,1,SYNTHETIC,76.1,70.4
ST00265,Student ST00265,ECE,8,6.67,66.9,64.7,0,6.3,3.9,5.7,2.6,1.0,2.0,1.6,2.0,0,3,1,0,1,5.6,7.2,4.1,4.1,5.7,6.1,1,0,Full-Stack Developer,0,SYNTHETIC,96.7,90.7
ST00266,Student ST00266,ISE,8,7.13,70.7,77.3,0,7.0,4.8,4.7,4.0,2.4,5.0,1.1,1.5,1,2,2,1,0,5.2,6.9,5.4,7.5,6.0,6.1,2,0,Data Analyst,1,SYNTHETIC,83.1,88.3
ST00267,Student ST00267,CSE,7,8.44,86.8,90.1,0,4.0,4.7,6.0,5.5,3.3,2.3,4.2,6.1,2,5,1,0,1,6.4,7.2,5.2,7.4,8.2,5.9,0,0,Full-Stack Developer,1,SYNTHETIC,79.7,70.0
ST00268,Student ST00268,ISE,8,10.0,98.0,97.0,0,9.2,7.8,8.7,5.9,6.7,6.1,5.8,1.8,1,4,2,2,1,6.5,4.6,7.6,3.7,3.0,5.6,0,0,Full-Stack Developer,1,SYNTHETIC,80.6,78.7
ST00269,Student ST00269,ECE,8,7.44,69.5,76.9,0,4.4,3.0,4.9,3.4,3.3,1.7,3.9,2.5,2,4,1,2,1,5.2,5.3,3.1,7.3,6.4,4.2,0,0,QA Specialist,1,SYNTHETIC,76.1,94.0
ST00270,Student ST00270,ISE,7,6.43,71.4,64.6,0,1.8,3.3,3.6,2.5,1.0,1.0,2.2,2.7,1,1,1,0,0,3.4,6.1,3.5,5.7,5.3,3.8,4,0,Cybersecurity Specialist,0,SYNTHETIC,77.5,63.9
ST00271,Student ST00271,ECE,7,8.23,75.9,81.6,0,3.8,3.3,4.7,2.3,2.1,1.0,3.2,1.9,0,4,1,0,0,5.0,7.5,3.0,4.5,3.7,3.7,1,0,Full-Stack Developer,1,SYNTHETIC,79.5,76.4
ST00272,Student ST00272,CSE,7,7.64,84.1,70.1,0,5.3,4.6,4.1,4.8,4.5,3.9,2.5,3.4,2,2,1,0,0,5.0,5.2,3.6,5.7,5.5,4.9,1,0,AI/ML Engineer,0,SYNTHETIC,97.7,85.7
ST00273,Student ST00273,CSE,7,8.79,92.0,93.8,0,7.6,6.4,6.6,5.4,1.2,6.2,5.7,1.2,3,1,2,0,0,8.3,6.1,5.8,4.9,3.8,6.0,0,0,Data Analyst,1,SYNTHETIC,97.7,88.1
ST00274,Student ST00274,ISE,7,7.04,67.0,76.4,0,3.2,4.3,3.9,6.4,2.0,2.1,1.0,2.4,0,1,1,1,0,7.5,6.8,5.1,8.1,8.3,5.5,1,0,AI/ML Engineer,1,SYNTHETIC,96.7,63.7
ST00275,Student ST00275,CSE,8,7.8,78.9,74.5,0,5.0,5.6,7.9,4.9,2.0,3.8,5.3,3.7,0,1,1,1,0,5.5,5.9,4.7,6.1,6.1,2.5,0,0,AI/ML Engineer,0,SYNTHETIC,78.2,73.2
ST00276,Student ST00276,CSE,8,8.5,86.9,93.4,0,5.8,5.2,6.2,5.6,4.8,3.7,5.2,3.9,0,3,2,0,0,8.0,6.0,6.4,7.2,8.5,6.0,0,0,Cloud/DevOps Engineer,1,SYNTHETIC,78.8,73.9
ST00277,Student ST00277,ECE,7,8.0,80.5,79.7,0,5.1,2.1,5.5,6.7,1.0,3.8,1.8,1.0,3,3,2,1,1,7.4,5.7,5.7,7.8,5.5,6.1,1,1,Cloud/DevOps Engineer,0,SYNTHETIC,95.6,69.0
ST00278,Student ST00278,ISE,8,7.29,67.8,67.8,0,4.2,4.2,6.4,6.1,6.0,4.0,2.2,3.4,2,1,1,0,1,7.1,7.1,6.4,7.5,6.1,6.8,1,0,Full-Stack Developer,1,SYNTHETIC,82.4,61.3
ST00279,Student ST00279,Mechanical,7,7.2,75.4,73.0,0,3.4,5.0,3.4,3.0,4.0,3.9,3.4,1.0,2,2,1,0,1,6.4,6.3,4.3,4.2,3.0,2.3,2,0,AI/ML Engineer,0,SYNTHETIC,93.4,63.1
ST00280,Student ST00280,ISE,7,7.41,69.1,73.4,0,8.4,5.7,5.6,6.0,4.6,4.3,2.3,3.8,0,6,2,0,1,7.2,8.0,5.4,5.3,6.4,5.3,1,0,Full-Stack Developer,1,SYNTHETIC,79.8,77.3
ST00281,Student ST00281,Mechanical,8,7.28,79.7,79.8,0,4.1,7.3,6.4,3.9,4.1,5.0,2.3,3.4,2,4,1,0,1,6.4,5.5,3.3,5.6,5.5,5.6,2,0,AI/ML Engineer,1,SYNTHETIC,75.1,75.0
ST00282,Student ST00282,ECE,7,6.85,66.9,63.3,0,5.4,3.0,6.8,3.6,1.0,6.2,1.0,4.1,1,4,1,0,0,6.7,6.9,4.0,6.6,7.2,6.3,1,0,Cloud/DevOps Engineer,1,SYNTHETIC,75.6,73.1
ST00283,Student ST00283,CSE,8,7.59,71.9,75.5,0,6.7,5.4,6.4,4.7,5.1,5.0,3.3,2.8,0,3,2,1,0,5.7,6.1,6.9,5.8,5.9,6.1,1,0,Data Analyst,0,SYNTHETIC,75.3,83.1
ST00284,Student ST00284,CSE,7,6.4,63.0,61.7,0,1.0,4.3,6.4,3.9,1.0,2.5,1.6,1.0,3,4,1,0,1,5.2,6.3,1.8,5.9,6.8,3.8,2,0,Cloud/DevOps Engineer,0,SYNTHETIC,89.5,70.9
ST00285,Student ST00285,ISE,8,5.51,61.3,58.3,0,6.5,4.6,3.5,4.1,1.3,2.8,3.6,1.0,2,6,2,0,0,5.2,5.0,4.6,6.9,7.7,6.9,0,0,Data Analyst,1,SYNTHETIC,98.6,90.7
ST00286,Student ST00286,CSE,7,7.7,80.4,80.2,0,5.8,2.7,4.9,4.3,5.7,4.9,1.2,3.7,0,6,1,0,0,6.6,8.0,4.1,5.0,5.0,4.6,0,0,Cloud/DevOps Engineer,1,SYNTHETIC,78.6,82.9
ST00287,Student ST00287,ECE,7,8.52,87.7,87.8,0,4.3,7.0,5.8,3.9,6.1,7.9,3.7,6.6,0,4,1,0,0,8.0,6.5,3.8,7.8,8.8,6.1,0,1,Full-Stack Developer,1,SYNTHETIC,79.0,94.0
ST00288,Student ST00288,CSE,8,7.58,76.6,81.2,0,3.6,3.2,2.3,4.6,2.3,3.0,1.4,2.4,0,1,1,0,1,6.9,6.1,3.9,6.5,6.2,6.1,1,0,QA Specialist,0,SYNTHETIC,91.4,94.8
ST00289,Student ST00289,CSE,8,8.01,74.8,77.5,0,6.6,7.9,5.2,5.5,5.0,4.8,6.0,1.1,3,3,2,0,1,5.8,5.9,7.5,7.6,5.1,6.2,1,1,AI/ML Engineer,1,SYNTHETIC,85.0,72.1
ST00290,Student ST00290,Mechanical,7,5.0,55.0,50.4,0,1.6,3.5,3.3,5.6,4.3,4.1,1.6,4.8,1,4,1,0,0,5.0,5.6,4.1,6.7,5.8,5.3,0,0,Cloud/DevOps Engineer,1,SYNTHETIC,87.5,66.0
ST00291,Student ST00291,Mechanical,8,6.32,61.0,64.1,0,3.4,4.4,4.3,3.5,3.0,2.2,2.6,2.3,1,1,1,0,2,5.9,5.5,4.1,7.1,6.3,4.3,0,0,Data Analyst,0,SYNTHETIC,82.9,90.1
ST00292,Student ST00292,CSE,7,8.82,86.5,92.1,0,7.7,5.7,7.1,4.0,4.4,3.7,2.4,2.4,1,2,2,1,0,7.7,6.9,5.5,6.0,6.7,5.9,0,0,Cybersecurity Specialist,1,SYNTHETIC,91.4,83.8
ST00293,Student ST00293,Mechanical,7,7.84,79.3,68.7,0,4.4,2.3,3.8,2.1,3.4,5.4,4.7,3.3,1,4,1,0,0,6.8,5.8,3.0,4.6,4.4,5.4,2,0,QA Specialist,1,SYNTHETIC,76.1,89.6
ST00294,Student ST00294,ECE,8,8.28,78.6,81.2,0,5.7,6.6,6.6,8.5,2.1,5.1,2.5,4.3,1,1,2,0,0,5.1,6.3,8.1,6.2,6.5,8.1,0,0,Cloud/DevOps Engineer,1,SYNTHETIC,91.7,65.8
ST00295,Student ST00295,ISE,8,6.71,72.2,61.8,0,2.6,4.0,4.8,4.2,1.9,1.0,2.4,3.2,1,1,1,0,0,5.1,5.8,4.2,6.6,7.4,4.3,0,0,Data Analyst,0,SYNTHETIC,89.4,81.2
ST00296,Student ST00296,CSE,8,8.16,80.3,67.9,0,5.9,5.9,6.2,4.0,4.9,6.0,4.8,4.8,0,3,1,3,0,6.0,6.8,4.8,8.6,8.1,8.2,0,0,Cybersecurity Specialist,1,SYNTHETIC,79.1,69.8
ST00297,Student ST00297,CSE,8,7.0,69.7,73.9,0,4.1,2.8,3.0,4.6,2.9,3.0,3.0,3.2,0,2,1,0,0,7.4,5.5,4.1,7.5,6.9,5.8,0,0,AI/ML Engineer,0,SYNTHETIC,90.4,76.5
ST00298,Student ST00298,ECE,8,7.15,75.7,72.7,0,1.1,2.6,5.0,4.5,3.6,1.8,4.5,1.0,4,4,1,0,0,9.9,6.9,2.9,4.7,3.0,2.8,1,0,Data Analyst,0,SYNTHETIC,88.7,89.9
ST00299,Student ST00299,CSE,8,7.08,73.2,70.0,0,6.3,5.3,5.0,5.2,5.9,6.5,4.3,4.5,1,1,2,0,0,4.9,6.6,7.4,7.3,6.2,7.3,1,1,Data Analyst,1,SYNTHETIC,85.9,78.0
ST00300,Student ST00300,ISE,7,6.4,70.1,67.1,0,2.9,1.0,3.8,6.7,3.6,6.1,3.5,3.4,3,3,1,0,0,6.8,6.7,4.2,8.9,7.8,6.2,1,0,Full-Stack Developer,1,SYNTHETIC,77.5,81.4
ST00301,Student ST00301,CSE,8,8.26,85.3,81.0,0,5.5,5.6,4.2,4.5,7.1,7.7,4.2,6.2,0,3,1,1,0,6.8,6.6,4.7,7.8,7.6,6.7,1,0,Cybersecurity Specialist,1,SYNTHETIC,82.1,72.4
ST00302,Student ST00302,ISE,8,7.55,75.5,76.2,0,8.4,3.3,3.1,5.6,3.1,5.0,4.2,4.9,1,4,2,0,0,7.1,5.3,6.6,7.3,7.5,6.2,3,1,Cybersecurity Specialist,0,SYNTHETIC,93.0,64.9
ST00303,Student ST00303,ECE,8,6.23,58.6,68.2,1,3.8,2.8,5.6,2.2,4.4,4.4,1.0,2.5,1,2,1,0,1,6.7,6.6,3.2,3.9,3.9,4.1,1,0,Cybersecurity Specialist,0,SYNTHETIC,76.8,91.2
ST00304,Student ST00304,ISE,8,7.84,79.4,79.6,0,3.4,7.0,5.8,6.6,1.0,7.1,1.9,7.0,0,3,1,0,0,5.9,6.9,5.3,6.3,5.6,5.1,0,0,Data Analyst,1,SYNTHETIC,93.5,90.6
ST00305,Student ST00305,CSE,8,6.2,66.4,64.0,0,2.4,4.8,2.6,1.0,3.0,1.3,1.9,1.1,3,1,1,0,0,7.7,7.0,3.0,6.9,6.7,3.0,0,0,AI/ML Engineer,0,SYNTHETIC,97.6,86.7
ST00306,Student ST00306,ISE,8,6.51,64.9,63.0,0,5.6,5.8,3.4,3.2,1.7,4.2,1.1,4.9,3,2,1,0,0,6.5,5.3,4.2,4.0,6.0,3.1,2,0,Full-Stack Developer,0,SYNTHETIC,75.4,74.9
ST00307,Student ST00307,ECE,8,8.54,93.0,80.1,0,5.0,6.8,5.6,7.9,4.3,5.5,6.5,2.5,0,4,2,1,1,6.2,6.3,7.3,7.1,7.6,6.7,1,0,Full-Stack Developer,1,SYNTHETIC,77.0,67.7
ST00308,Student ST00308,CSE,8,8.55,82.2,88.2,0,5.4,5.1,4.6,3.0,5.6,3.9,3.1,2.0,1,3,1,0,1,8.2,7.6,4.4,8.6,8.4,6.5,0,0,Cloud/DevOps Engineer,1,SYNTHETIC,85.3,77.3
ST00309,Student ST00309,CSE,7,7.79,75.3,76.0,0,3.6,5.4,5.3,4.1,3.9,2.5,3.5,3.8,2,4,1,1,2,3.9,6.6,4.8,6.9,7.0,3.7,1,0,Full-Stack Developer,1,SYNTHETIC,94.5,81.2
ST00310,Student ST00310,CSE,7,7.26,75.3,73.6,0,4.5,6.2,3.8,3.9,4.7,6.1,3.3,1.9,1,1,1,1,0,7.9,4.6,5.5,6.4,6.1,4.9,1,0,Cloud/DevOps Engineer,1,SYNTHETIC,95.5,63.2
ST00311,Student ST00311,CSE,8,6.96,75.4,66.8,0,4.7,4.5,5.5,2.3,5.5,5.0,4.9,5.3,1,2,1,0,0,6.4,6.0,3.2,4.8,3.4,4.6,1,0,Full-Stack Developer,0,SYNTHETIC,82.8,60.9
ST00312,Student ST00312,ECE,8,6.61,71.0,67.1,0,6.8,5.7,5.4,6.8,4.8,4.0,1.5,2.7,1,1,2,0,0,4.6,7.1,6.0,4.4,4.0,6.0,1,0,AI/ML Engineer,1,SYNTHETIC,99.0,66.0
ST00313,Student ST00313,ISE,7,6.68,71.6,67.6,0,6.1,7.6,5.2,6.6,1.3,8.5,4.7,2.6,0,2,2,0,0,7.3,6.8,6.9,6.1,5.6,7.6,1,0,QA Specialist,0,SYNTHETIC,89.2,90.8
ST00314,Student ST00314,Mechanical,7,6.03,59.3,68.0,0,6.5,5.5,6.7,5.1,4.5,4.3,1.7,4.2,1,1,2,0,0,5.9,6.2,5.9,7.3,7.1,4.6,2,1,Data Analyst,1,SYNTHETIC,96.0,92.3
ST00315,Student ST00315,CSE,7,7.91,80.0,81.0,0,5.4,6.4,8.5,3.4,3.6,3.2,5.8,2.2,3,6,1,1,0,5.3,6.3,5.0,7.0,7.3,5.5,0,0,QA Specialist,1,SYNTHETIC,92.2,86.4
ST00316,Student ST00316,ISE,8,7.52,67.5,68.8,0,5.2,6.2,5.6,5.1,1.0,5.8,2.4,2.4,2,3,1,1,0,6.8,6.5,4.9,3.3,4.4,3.6,3,0,AI/ML Engineer,0,SYNTHETIC,96.0,86.8
ST00317,Student ST00317,ECE,8,8.75,83.2,86.4,0,3.7,6.1,7.6,7.8,6.8,2.8,6.2,3.6,2,2,2,2,0,7.4,7.5,5.5,4.5,5.1,6.8,0,0,Data Analyst,1,SYNTHETIC,82.4,91.5
ST00318,Student ST00318,CSE,8,8.08,77.8,71.8,0,5.4,4.8,4.1,2.7,3.0,5.8,5.2,4.7,0,3,1,1,0,5.7,6.6,4.1,7.3,7.1,5.6,1,0,Cybersecurity Specialist,1,SYNTHETIC,89.4,94.2
ST00319,Student ST00319,ISE,8,7.13,72.9,74.4,0,5.7,6.8,5.7,4.2,4.8,2.7,1.6,3.4,0,1,1,0,1,7.0,6.2,4.4,4.3,5.6,5.2,3,0,Full-Stack Developer,0,SYNTHETIC,75.6,73.4
ST00320,Student ST00320,CSE,7,7.84,75.6,76.9,0,5.0,6.3,8.0,4.4,1.6,2.2,3.3,2.1,2,3,1,0,1,6.8,5.7,4.7,4.3,5.2,4.6,0,0,Cybersecurity Specialist,0,SYNTHETIC,81.7,68.1
ST00321,Student ST00321,ISE,7,7.32,74.6,68.9,0,4.7,6.7,3.5,2.8,3.6,5.7,3.8,3.1,1,1,1,0,1,5.3,5.2,2.8,9.1,9.0,6.1,1,1,AI/ML Engineer,1,SYNTHETIC,97.4,69.3
ST00322,Student ST00322,ECE,8,6.42,67.2,65.0,0,5.3,4.2,3.1,5.0,1.6,1.0,3.4,4.5,1,1,1,0,0,6.3,5.0,4.9,4.2,4.4,3.7,0,0,Full-Stack Developer,0,SYNTHETIC,75.6,61.8
ST00323,Student ST00323,Mechanical,8,7.03,72.5,71.8,0,4.7,5.7,1.8,3.1,3.0,4.4,1.0,2.8,0,3,1,1,1,6.5,6.7,3.9,4.5,3.6,3.7,1,0,Data Analyst,0,SYNTHETIC,84.6,65.9
ST00324,Student ST00324,ECE,8,8.35,81.8,84.3,0,6.0,5.2,6.7,3.5,3.5,5.4,4.4,5.5,2,2,1,0,1,7.6,6.2,5.1,6.0,7.3,5.0,0,0,QA Specialist,0,SYNTHETIC,80.5,67.0
ST00325,Student ST00325,ECE,7,8.92,86.1,93.6,0,6.8,4.4,7.1,7.0,6.6,8.1,3.4,5.2,2,1,2,2,1,7.4,5.8,5.1,6.4,6.0,5.9,0,0,Full-Stack Developer,1,SYNTHETIC,77.4,74.6
ST00326,Student ST00326,ECE,7,7.87,78.0,83.9,0,7.2,5.1,6.7,5.1,2.3,4.0,1.0,2.6,2,6,2,0,0,5.7,3.8,5.7,6.1,5.7,6.3,1,0,AI/ML Engineer,1,SYNTHETIC,84.6,94.5
ST00327,Student ST00327,CSE,7,7.23,69.9,75.7,0,4.4,5.3,5.3,3.8,5.1,2.7,1.4,3.6,1,3,1,0,0,5.2,7.4,4.3,7.8,8.4,3.9,1,0,Data Analyst,1,SYNTHETIC,84.7,72.0
ST00328,Student ST00328,ISE,8,8.83,84.9,89.2,0,5.3,3.8,6.6,8.1,3.4,5.4,1.6,2.5,2,5,2,0,0,7.1,6.5,6.8,7.6,7.9,8.2,0,1,Full-Stack Developer,1,SYNTHETIC,78.4,84.8
ST00329,Student ST00329,CSE,8,7.84,82.0,78.7,0,4.4,5.1,5.3,6.5,3.0,3.0,6.9,2.9,2,3,2,0,1,7.4,7.2,6.3,8.4,9.0,6.8,1,0,AI/ML Engineer,1,SYNTHETIC,95.4,74.5
ST00330,Student ST00330,Mechanical,7,7.97,78.2,84.7,0,4.2,5.1,4.6,6.6,2.5,4.5,4.8,1.9,0,4,2,0,1,8.1,7.8,5.2,6.1,6.5,6.5,0,0,AI/ML Engineer,1,SYNTHETIC,96.6,71.8
ST00331,Student ST00331,CSE,8,8.1,79.3,80.7,0,6.4,6.1,5.6,8.9,4.1,7.5,3.5,5.7,0,1,2,0,1,6.5,6.6,6.7,6.7,6.4,8.6,0,0,QA Specialist,1,SYNTHETIC,85.0,92.5
ST00332,Student ST00332,Mechanical,7,7.65,79.0,75.4,0,7.7,3.8,5.7,9.1,4.4,5.1,3.4,5.3,1,1,2,0,0,5.9,7.6,8.0,6.4,6.6,7.7,1,0,Data Analyst,0,SYNTHETIC,82.2,90.0
ST00333,Student ST00333,Mechanical,8,8.02,82.8,83.7,0,4.7,5.1,3.8,3.2,1.8,2.2,3.5,5.6,0,1,1,0,0,6.6,7.3,3.9,6.0,6.9,3.7,0,0,QA Specialist,1,SYNTHETIC,88.7,87.0
ST00334,Student ST00334,Mechanical,8,7.26,74.7,71.8,0,2.3,3.2,2.5,2.8,3.0,3.2,3.6,2.2,0,2,1,0,0,5.1,7.1,2.1,5.7,5.5,4.7,1,0,Cybersecurity Specialist,0,SYNTHETIC,84.9,66.7
ST00335,Student ST00335,ISE,8,6.84,71.6,71.3,0,3.5,2.8,1.3,2.4,4.2,5.7,4.6,3.7,0,2,1,2,0,6.2,5.1,3.2,7.1,6.4,3.6,0,0,Full-Stack Developer,0,SYNTHETIC,94.4,89.4
ST00336,Student ST00336,CSE,8,7.42,78.6,72.2,0,3.6,5.8,8.0,4.0,2.7,3.8,3.6,1.5,2,6,1,1,0,7.5,6.3,3.7,4.0,3.8,3.1,0,0,Cloud/DevOps Engineer,1,SYNTHETIC,83.7,73.1
ST00337,Student ST00337,ECE,8,7.74,75.5,75.5,0,8.2,5.5,6.0,3.7,4.1,4.0,1.9,5.6,2,2,2,0,0,7.2,7.2,5.6,7.4,7.2,5.8,1,0,Cybersecurity Specialist,1,SYNTHETIC,79.1,60.4
ST00338,Student ST00338,ISE,7,8.33,83.7,80.0,0,7.1,8.4,6.9,5.1,6.3,5.0,4.7,4.1,0,3,2,0,0,8.3,8.2,5.8,6.4,7.2,5.0,3,0,Full-Stack Developer,1,SYNTHETIC,90.2,90.0
ST00339,Student ST00339,ISE,7,5.89,61.9,60.0,0,5.0,1.9,6.6,2.9,1.0,3.8,2.1,2.1,2,1,1,1,0,6.8,6.4,3.7,8.3,7.7,5.7,2,1,AI/ML Engineer,1,SYNTHETIC,97.1,92.0
ST00340,Student ST00340,CSE,7,7.74,79.2,76.2,0,5.2,4.5,6.4,3.7,2.5,4.7,2.7,1.3,0,2,1,0,0,6.1,6.0,3.9,7.6,7.6,4.3,2,1,AI/ML Engineer,0,SYNTHETIC,76.2,84.3
ST00341,Student ST00341,ISE,7,7.69,78.5,78.2,0,6.5,5.3,4.5,4.5,1.0,7.4,4.7,1.8,0,2,2,0,1,6.4,7.3,4.8,5.6,5.4,5.4,0,0,AI/ML Engineer,0,SYNTHETIC,84.4,80.6
ST00342,Student ST00342,ECE,8,6.6,65.9,66.6,0,5.0,5.6,4.7,5.4,4.7,3.6,4.4,3.0,2,5,1,0,0,5.6,6.3,5.1,5.2,6.1,5.4,1,0,Full-Stack Developer,1,SYNTHETIC,76.5,86.2
ST00343,Student ST00343,CSE,7,5.73,69.1,61.1,0,2.8,4.3,2.8,3.8,2.3,1.6,1.0,1.5,1,3,1,0,2,4.6,4.3,4.3,7.2,7.0,6.2,1,1,AI/ML Engineer,0,SYNTHETIC,78.0,79.8
ST00344,Student ST00344,Mechanical,8,9.25,94.6,89.3,0,6.6,7.9,4.4,5.5,6.4,5.8,4.9,2.1,0,3,2,0,0,8.1,5.8,7.3,7.9,5.9,7.1,0,1,Cybersecurity Specialist,1,SYNTHETIC,78.3,89.7
ST00345,Student ST00345,ISE,8,6.21,66.6,65.6,0,5.2,5.6,2.6,3.3,4.0,3.1,1.4,3.8,1,1,1,0,2,7.3,5.7,4.5,7.2,6.4,3.8,2,0,Full-Stack Developer,0,SYNTHETIC,97.2,69.4
ST00346,Student ST00346,ECE,7,9.68,91.3,89.6,0,7.5,4.9,5.2,6.2,4.6,6.6,4.0,3.8,0,2,2,0,0,6.9,5.9,5.9,6.1,6.8,7.9,0,0,QA Specialist,1,SYNTHETIC,75.3,62.7
ST00347,Student ST00347,ISE,8,6.32,64.3,71.7,0,1.5,3.4,4.9,1.0,2.7,3.7,1.0,2.8,2,3,1,0,0,5.5,5.3,1.3,7.6,6.6,3.6,1,1,QA Specialist,0,SYNTHETIC,89.7,77.9
ST00348,Student ST00348,Mechanical,8,9.38,86.1,84.2,0,8.8,6.7,6.8,6.0,3.5,7.7,4.1,4.6,1,1,2,2,0,7.4,9.7,6.5,9.1,10.0,8.0,0,1,Cloud/DevOps Engineer,0,SYNTHETIC,82.9,62.6
ST00349,Student ST00349,ISE,8,8.9,87.3,78.6,0,6.2,4.8,7.2,3.9,4.1,3.4,3.4,4.5,1,1,1,2,0,8.2,7.7,5.0,8.3,8.3,7.4,0,1,QA Specialist,1,SYNTHETIC,88.5,78.7
ST00350,Student ST00350,Mechanical,8,8.85,85.3,87.3,0,5.5,5.6,7.7,3.7,2.8,6.8,6.0,2.4,2,3,1,0,1,6.5,6.8,4.4,5.9,5.9,5.1,0,0,Cybersecurity Specialist,1,SYNTHETIC,81.2,91.2
ST00351,Student ST00351,ECE,7,9.93,95.5,94.5,0,6.5,6.9,8.0,4.1,4.1,6.0,4.9,3.6,0,4,2,1,0,7.4,8.0,4.1,6.7,7.0,6.4,0,0,QA Specialist,1,SYNTHETIC,96.9,66.8
ST00352,Student ST00352,ISE,8,7.5,75.9,72.5,0,5.0,3.0,4.7,5.5,1.7,5.9,5.0,1.0,2,1,1,0,0,5.9,7.0,5.6,3.4,4.0,4.1,1,0,Cloud/DevOps Engineer,1,SYNTHETIC,86.1,87.1
ST00353,Student ST00353,Mechanical,8,8.58,79.2,84.9,0,5.9,5.0,4.2,4.2,1.6,3.1,4.2,2.7,1,4,1,1,0,7.6,6.2,5.3,6.1,6.7,4.6,2,0,QA Specialist,0,SYNTHETIC,94.9,72.6
ST00354,Student ST00354,Mechanical,8,6.29,66.8,59.4,0,1.6,5.4,4.4,5.0,5.1,4.5,3.1,2.4,1,4,1,0,0,6.0,6.8,2.2,5.9,5.2,3.8,1,0,Full-Stack Developer,0,SYNTHETIC,96.9,68.1
ST00355,Student ST00355,CSE,7,7.51,75.9,71.3,0,6.5,6.5,5.4,5.4,4.1,3.3,1.4,2.6,0,4,2,0,0,8.8,7.5,6.6,7.8,6.6,5.7,1,0,Cybersecurity Specialist,1,SYNTHETIC,80.1,73.1
ST00356,Student ST00356,Mechanical,7,6.97,70.3,72.2,0,4.1,5.8,4.5,4.8,4.5,3.6,2.3,3.7,1,1,1,1,0,6.8,6.6,4.9,4.7,4.7,4.5,2,0,QA Specialist,0,SYNTHETIC,95.7,71.2
ST00357,Student ST00357,CSE,8,8.86,87.6,81.9,0,4.2,4.3,3.7,4.3,3.5,5.0,2.2,2.2,1,1,1,1,0,6.5,7.2,3.6,5.6,7.0,5.5,1,0,Cybersecurity Specialist,1,SYNTHETIC,77.1,62.8
ST00358,Student ST00358,CSE,7,8.03,79.8,77.0,0,5.2,3.7,6.5,6.8,3.4,5.8,2.5,1.7,2,5,2,2,1,6.7,6.0,6.1,6.3,6.3,5.3,0,0,QA Specialist,1,SYNTHETIC,75.8,79.0
ST00359,Student ST00359,CSE,8,6.57,66.9,70.6,0,4.0,4.0,6.0,5.4,1.7,6.4,2.0,2.6,0,4,1,0,0,7.2,5.5,6.4,4.8,4.4,5.2,0,0,AI/ML Engineer,1,SYNTHETIC,81.3,69.8
ST00360,Student ST00360,CSE,7,7.65,79.8,78.3,0,5.3,4.9,3.4,3.3,4.1,3.6,5.2,3.2,1,1,1,0,1,7.4,7.1,5.2,5.4,6.8,4.0,2,0,Cloud/DevOps Engineer,0,SYNTHETIC,84.9,65.8
ST00361,Student ST00361,CSE,8,8.04,76.4,79.2,0,5.6,4.9,4.3,5.6,5.5,4.3,4.0,3.2,1,4,2,2,0,6.0,6.8,6.4,5.1,5.9,4.8,1,0,Cybersecurity Specialist,1,SYNTHETIC,92.5,86.2
ST00362,Student ST00362,Mechanical,8,6.08,61.9,67.2,0,3.0,4.7,3.6,6.7,5.1,4.5,4.6,2.4,2,3,1,0,1,6.3,5.2,3.8,5.5,5.1,4.9,1,0,Cloud/DevOps Engineer,0,SYNTHETIC,77.9,63.9
ST00363,Student ST00363,Mechanical,8,7.52,75.1,74.7,0,4.4,5.3,6.1,5.6,4.4,5.2,1.0,3.9,0,2,1,0,0,6.9,5.0,5.2,6.5,7.1,7.0,0,0,Cybersecurity Specialist,0,SYNTHETIC,79.5,91.3
ST00364,Student ST00364,Mechanical,7,7.05,71.1,69.0,0,5.0,5.1,5.3,5.0,4.0,4.1,2.8,4.6,1,1,1,0,0,7.7,6.8,6.5,7.3,6.8,6.2,0,0,Full-Stack Developer,1,SYNTHETIC,92.2,81.4
ST00365,Student ST00365,ISE,8,6.96,66.6,61.2,0,4.0,6.0,5.1,4.4,2.2,2.8,4.6,2.5,0,3,1,0,2,8.4,5.9,5.5,3.5,3.6,3.6,0,0,Cybersecurity Specialist,0,SYNTHETIC,94.6,88.9
ST00366,Student ST00366,ISE,8,6.65,64.0,78.5,0,5.1,2.0,4.1,4.0,3.6,1.0,2.8,1.0,0,4,1,0,0,4.8,5.5,3.6,3.6,4.6,3.1,1,0,Cybersecurity Specialist,0,SYNTHETIC,79.6,69.5
ST00367,Student ST00367,ISE,8,7.63,81.3,71.9,0,3.1,4.5,5.5,3.9,3.0,2.7,3.4,4.5,1,3,1,0,1,7.0,4.0,3.1,7.8,7.7,4.3,1,0,Cloud/DevOps Engineer,1,SYNTHETIC,96.2,73.0
ST00368,Student ST00368,CSE,8,9.4,87.7,93.3,0,9.0,7.0,8.7,10.0,4.4,7.0,5.0,3.9,1,3,3,2,0,8.8,9.2,10.0,7.0,6.9,9.3,2,1,Full-Stack Developer,1,SYNTHETIC,95.4,77.5
ST00369,Student ST00369,ISE,8,8.92,81.8,87.2,0,5.3,6.0,6.7,5.4,1.3,3.7,4.9,1.0,2,4,2,1,0,5.9,6.1,4.8,7.4,7.4,4.7,0,1,Full-Stack Developer,1,SYNTHETIC,96.2,63.0
ST00370,Student ST00370,CSE,7,8.56,84.0,78.2,0,8.7,5.6,6.3,7.3,7.0,5.1,2.3,4.8,3,2,2,0,0,6.0,7.5,7.2,6.2,5.8,7.8,2,0,AI/ML Engineer,1,SYNTHETIC,86.1,60.9
ST00371,Student ST00371,CSE,7,7.44,78.8,77.4,0,6.0,5.4,4.8,4.8,3.3,5.1,2.6,2.2,2,4,2,0,1,6.9,8.3,4.9,5.5,4.6,4.6,0,0,Cybersecurity Specialist,1,SYNTHETIC,85.1,63.5
ST00372,Student ST00372,CSE,7,7.5,74.7,66.1,0,7.8,6.9,9.0,5.0,7.2,4.4,4.5,1.8,3,2,2,1,0,5.8,7.2,5.7,7.5,8.2,5.5,1,1,Cybersecurity Specialist,1,SYNTHETIC,97.0,83.6
ST00373,Student ST00373,CSE,8,8.44,82.6,83.9,0,5.0,5.3,5.7,6.2,2.3,3.5,5.8,2.4,0,1,2,0,2,6.2,5.7,5.4,3.4,2.9,4.0,0,0,AI/ML Engineer,0,SYNTHETIC,93.6,84.9
ST00374,Student ST00374,ECE,8,6.09,70.0,61.9,0,2.7,3.7,6.4,1.5,1.0,3.7,3.1,2.0,0,1,1,0,0,6.0,4.5,1.3,7.1,5.9,4.5,1,1,Full-Stack Developer,0,SYNTHETIC,90.7,94.8
ST00375,Student ST00375,CSE,7,6.63,67.4,69.7,0,4.4,4.7,5.5,5.2,2.6,3.5,6.1,3.6,1,1,1,0,0,8.0,6.6,3.1,7.9,8.5,5.7,0,1,QA Specialist,0,SYNTHETIC,92.6,86.5
ST00376,Student ST00376,CSE,8,5.71,57.8,57.2,0,4.0,2.0,3.6,4.7,1.8,3.2,4.9,5.0,3,1,1,0,0,5.6,6.9,4.5,7.2,6.7,5.6,2,0,Data Analyst,0,SYNTHETIC,79.6,92.4
ST00377,Student ST00377,ECE,7,7.36,72.6,78.8,0,3.0,1.5,4.2,5.3,2.1,1.8,1.6,2.7,0,1,1,0,1,6.8,6.5,4.9,4.7,4.3,4.2,0,0,Full-Stack Developer,0,SYNTHETIC,91.8,85.4
ST00378,Student ST00378,CSE,8,6.22,69.9,66.2,0,2.9,5.4,2.1,1.9,1.3,1.9,1.6,1.0,0,2,1,0,1,5.6,6.0,1.6,5.5,6.7,4.2,0,0,Full-Stack Developer,0,SYNTHETIC,87.9,84.2
ST00379,Student ST00379,ECE,7,8.51,83.3,78.4,0,7.1,6.3,6.4,7.7,3.2,4.6,2.6,3.8,1,1,2,2,0,5.2,7.0,8.3,6.4,7.5,8.1,0,0,Cloud/DevOps Engineer,1,SYNTHETIC,97.3,92.6
ST00380,Student ST00380,Mechanical,8,5.46,58.9,53.4,0,3.7,6.4,3.8,3.5,3.9,3.2,4.9,2.9,1,2,1,0,0,5.7,5.3,3.2,4.9,5.8,4.1,0,0,Data Analyst,0,SYNTHETIC,92.9,90.0
ST00381,Student ST00381,CSE,7,6.5,60.9,71.5,0,4.1,3.7,5.2,6.7,4.9,1.0,2.1,1.0,2,2,2,0,0,4.8,5.1,4.6,4.4,3.1,4.2,1,0,Cybersecurity Specialist,0,SYNTHETIC,95.3,88.4
ST00382,Student ST00382,CSE,7,8.57,84.6,81.2,0,8.9,7.8,8.1,8.1,5.2,6.9,5.8,3.5,1,2,2,1,0,5.6,6.2,8.5,4.4,3.8,6.8,0,0,QA Specialist,1,SYNTHETIC,98.7,83.1
ST00383,Student ST00383,CSE,8,6.91,61.9,67.3,0,4.8,4.0,4.5,3.2,2.2,2.9,2.2,3.2,0,6,1,1,0,5.3,7.0,3.3,5.8,5.4,5.0,0,0,Cloud/DevOps Engineer,0,SYNTHETIC,84.4,93.6
ST00384,Student ST00384,Mechanical,8,8.53,81.9,83.2,0,8.5,5.8,7.3,7.2,5.4,5.6,6.3,1.1,1,3,2,1,0,6.3,5.8,8.3,7.9,8.3,9.9,1,0,AI/ML Engineer,1,SYNTHETIC,85.6,65.4
ST00385,Student ST00385,ISE,7,5.92,64.6,61.1,0,1.7,4.6,3.2,3.5,1.8,2.0,1.4,1.5,1,2,1,0,0,4.7,7.1,3.8,5.0,5.5,2.6,0,0,Cloud/DevOps Engineer,1,SYNTHETIC,76.3,64.2
ST00386,Student ST00386,ECE,7,7.49,78.7,73.0,0,5.9,9.3,4.4,9.4,4.1,5.6,3.0,1.1,0,2,2,2,0,4.5,4.9,7.8,3.6,3.0,4.9,2,0,Full-Stack Developer,0,SYNTHETIC,86.3,90.6
ST00387,Student ST00387,ISE,7,8.08,76.4,85.8,0,8.0,4.5,6.9,8.1,4.6,8.0,5.6,3.2,0,1,2,0,0,4.3,7.9,7.1,5.7,6.0,7.1,1,0,Data Analyst,1,SYNTHETIC,75.7,92.7
ST00388,Student ST00388,ECE,8,9.92,98.0,92.6,0,8.4,7.6,6.9,8.3,5.1,6.2,3.9,6.1,0,2,2,0,0,8.3,7.4,8.3,7.6,8.5,6.4,0,0,Cybersecurity Specialist,1,SYNTHETIC,76.3,92.9
ST00389,Student ST00389,CSE,7,6.88,68.3,66.5,0,4.0,1.0,1.9,1.0,2.7,2.2,1.0,1.0,2,1,1,0,0,7.0,5.6,1.5,9.3,8.7,3.2,0,0,AI/ML Engineer,0,SYNTHETIC,96.4,94.9
ST00390,Student ST00390,CSE,8,7.25,73.2,75.1,0,5.5,4.7,4.2,6.5,5.1,5.0,1.0,4.7,2,5,2,0,0,8.5,7.6,6.0,6.5,5.1,5.8,0,0,QA Specialist,1,SYNTHETIC,93.5,68.7
ST00391,Student ST00391,ECE,7,8.98,92.0,91.9,0,4.1,5.4,6.1,5.4,4.4,6.0,5.2,3.1,1,5,1,2,1,7.5,6.0,4.2,5.2,5.9,5.6,0,0,QA Specialist,0,SYNTHETIC,86.4,63.9
ST00392,Student ST00392,CSE,8,5.83,63.0,57.3,0,3.4,4.0,3.4,2.9,4.6,3.7,1.5,1.6,2,5,1,0,0,5.9,5.5,3.6,7.4,6.8,5.2,1,0,QA Specialist,0,SYNTHETIC,76.9,83.0
ST00393,Student ST00393,Mechanical,7,6.69,70.0,73.5,0,4.3,4.1,4.8,4.5,1.2,5.7,2.7,3.7,1,1,1,2,0,7.6,6.5,4.6,4.4,4.8,4.9,3,0,QA Specialist,1,SYNTHETIC,88.7,87.7
ST00394,Student ST00394,CSE,7,6.43,63.1,69.6,0,4.0,3.1,2.6,4.8,3.5,1.5,2.9,2.4,5,3,1,0,0,5.1,5.5,3.8,5.5,3.9,5.2,0,0,AI/ML Engineer,0,SYNTHETIC,86.7,82.8
ST00395,Student ST00395,CSE,8,7.33,74.0,80.3,0,2.9,3.6,4.0,3.0,1.1,3.0,4.7,1.0,3,1,1,0,0,5.1,6.1,2.7,8.8,7.3,5.4,0,0,AI/ML Engineer,1,SYNTHETIC,89.0,94.5
ST00396,Student ST00396,CSE,8,7.12,70.4,72.7,0,3.8,4.6,4.8,4.2,4.6,5.8,5.3,4.2,0,3,1,1,0,6.2,5.5,5.0,4.6,4.5,4.7,0,0,Data Analyst,1,SYNTHETIC,90.7,63.6
ST00397,Student ST00397,CSE,8,7.69,76.7,79.6,0,5.3,5.0,5.2,4.2,5.7,4.6,1.3,2.8,1,4,1,0,1,6.0,7.0,5.3,6.5,7.7,5.3,2,0,Data Analyst,1,SYNTHETIC,85.7,66.1
ST00398,Student ST00398,ISE,7,7.58,72.0,69.2,0,6.3,6.3,7.1,4.7,3.8,7.3,3.2,3.1,0,2,2,0,0,5.9,6.7,6.5,4.6,3.4,4.5,1,0,Data Analyst,1,SYNTHETIC,75.8,86.9
ST00399,Student ST00399,Mechanical,7,5.96,63.0,69.1,1,4.9,2.5,4.3,4.0,2.3,4.7,1.7,1.8,0,1,1,0,0,6.7,5.3,4.9,6.0,3.5,5.0,1,0,Cybersecurity Specialist,0,SYNTHETIC,77.1,82.8
ST00400,Student ST00400,Mechanical,8,8.87,87.1,85.9,0,6.8,9.9,6.8,7.2,3.8,7.0,4.8,3.4,0,1,2,1,0,6.8,6.2,7.1,6.2,6.4,5.5,1,0,Data Analyst,0,SYNTHETIC,84.8,78.3
ST00401,Student ST00401,CSE,8,7.78,74.0,75.4,0,7.1,3.7,3.8,5.8,3.6,6.1,2.8,4.7,4,5,2,0,0,7.1,6.3,6.6,4.8,3.9,6.0,0,0,AI/ML Engineer,1,SYNTHETIC,88.5,66.6
ST00402,Student ST00402,ISE,8,6.8,67.6,76.3,0,5.2,4.4,3.1,1.8,3.8,6.2,3.2,3.4,1,2,1,0,0,6.5,7.2,3.3,4.3,3.4,2.9,0,0,Cloud/DevOps Engineer,0,SYNTHETIC,76.5,94.5
ST00403,Student ST00403,CSE,7,7.46,74.7,81.0,0,5.8,2.5,5.5,5.6,3.3,2.6,1.0,1.0,2,1,2,1,0,6.7,8.2,6.5,1.9,3.4,5.2,0,0,QA Specialist,0,SYNTHETIC,78.4,65.5
ST00404,Student ST00404,ISE,7,8.29,83.8,77.3,0,6.3,6.0,6.1,6.8,3.4,5.0,1.0,2.4,1,1,2,1,1,7.6,5.1,6.5,5.8,5.4,5.8,1,0,Cloud/DevOps Engineer,0,SYNTHETIC,88.5,75.2
ST00405,Student ST00405,CSE,8,7.88,78.8,82.3,0,3.6,4.0,6.2,4.2,3.6,3.0,3.4,4.8,3,5,1,0,1,6.2,7.5,3.6,5.3,6.9,4.4,1,0,Full-Stack Developer,0,SYNTHETIC,87.4,78.3
ST00406,Student ST00406,Mechanical,7,8.68,97.2,81.4,0,6.7,4.1,7.4,5.8,6.8,5.2,3.5,6.1,1,5,2,1,0,8.3,6.7,7.1,6.1,5.1,6.7,1,0,AI/ML Engineer,1,SYNTHETIC,96.6,70.7
ST00407,Student ST00407,ECE,7,5.0,55.0,53.2,0,2.0,1.8,4.6,2.5,3.0,2.6,3.6,2.8,1,1,1,0,1,6.0,6.0,3.6,6.2,6.4,3.0,0,0,Cybersecurity Specialist,0,SYNTHETIC,79.4,76.7
ST00408,Student ST00408,CSE,7,6.47,68.6,64.9,0,3.2,2.9,6.3,2.4,4.8,3.1,1.5,2.7,0,1,1,0,0,7.2,7.7,1.5,4.5,3.7,3.1,0,0,Data Analyst,0,SYNTHETIC,78.2,64.0
ST00409,Student ST00409,CSE,7,6.61,64.0,68.6,1,2.7,4.2,4.8,4.5,1.7,4.0,1.8,2.3,1,1,1,0,1,7.0,6.4,3.7,5.1,5.3,4.7,1,0,Cloud/DevOps Engineer,0,SYNTHETIC,97.2,88.9
ST00410,Student ST00410,CSE,7,7.86,82.5,79.0,0,5.1,5.2,6.7,6.4,4.9,6.7,1.7,2.0,0,1,2,1,0,6.5,6.1,5.6,6.2,6.1,5.6,1,0,AI/ML Engineer,1,SYNTHETIC,88.3,88.0
ST00411,Student ST00411,CSE,8,6.06,65.7,69.9,0,5.7,5.3,7.9,5.9,3.4,3.6,4.5,4.4,0,1,2,2,2,5.2,7.4,4.9,8.0,6.9,5.2,0,0,Cybersecurity Specialist,1,SYNTHETIC,94.9,72.2
ST00412,Student ST00412,Mechanical,7,8.28,81.5,94.3,0,5.5,3.7,5.7,5.9,2.2,4.2,4.0,2.4,3,1,2,1,0,6.9,7.6,6.0,5.9,5.4,6.6,0,0,Full-Stack Developer,1,SYNTHETIC,97.0,94.1
ST00413,Student ST00413,ISE,7,6.57,65.0,68.3,0,3.9,3.5,4.0,2.9,1.8,2.1,2.9,2.9,0,1,1,0,0,5.6,7.5,2.8,3.4,3.8,3.6,0,0,QA Specialist,0,SYNTHETIC,87.6,61.1
ST00414,Student ST00414,ECE,7,8.41,83.2,85.3,0,6.5,5.8,5.5,6.0,3.2,3.2,3.6,1.3,2,4,2,0,0,8.0,6.4,7.1,2.4,4.0,4.7,0,0,QA Specialist,1,SYNTHETIC,89.7,68.4
ST00415,Student ST00415,ECE,8,7.01,74.9,75.3,0,2.9,2.3,1.6,2.0,5.8,3.9,5.0,3.1,1,3,1,0,0,5.8,6.3,2.2,6.4,7.3,3.9,0,0,Full-Stack Developer,1,SYNTHETIC,78.6,94.5
ST00416,Student ST00416,Mechanical,7,7.66,78.6,71.8,0,5.1,5.8,4.8,6.3,1.9,4.5,3.0,1.0,0,3,2,1,0,6.7,6.1,5.3,10.0,9.1,7.3,0,0,Cloud/DevOps Engineer,1,SYNTHETIC,93.4,89.9
ST00417,Student ST00417,Mechanical,7,7.99,85.0,87.0,0,7.0,5.0,7.3,7.1,5.4,5.1,2.6,1.1,3,3,2,0,0,5.7,7.0,7.3,6.8,7.0,6.2,1,0,Full-Stack Developer,1,SYNTHETIC,81.6,74.3
ST00418,Student ST00418,ECE,7,8.37,88.7,88.9,0,6.8,7.6,5.4,7.5,4.6,6.4,4.1,5.4,0,3,2,2,0,6.1,7.9,6.4,6.4,5.1,6.9,1,0,Cloud/DevOps Engineer,1,SYNTHETIC,84.4,77.4
ST00419,Student ST00419,ECE,7,6.86,72.2,68.2,0,5.4,5.8,5.4,6.3,3.4,5.8,5.6,2.3,2,3,2,0,0,4.7,5.6,6.0,5.8,6.4,6.0,0,0,Cybersecurity Specialist,1,SYNTHETIC,88.0,76.5
ST00420,Student ST00420,ECE,7,6.81,69.4,62.4,0,3.8,5.1,4.7,3.5,2.4,4.8,1.3,1.7,3,4,1,0,0,6.9,5.8,4.6,6.7,5.6,4.8,0,0,Cybersecurity Specialist,1,SYNTHETIC,86.0,79.3
ST00421,Student ST00421,CSE,7,6.66,66.1,78.7,0,6.2,7.9,8.1,7.0,4.4,4.8,5.0,3.2,1,2,2,2,0,6.6,6.7,7.5,6.1,6.1,7.2,0,0,QA Specialist,1,SYNTHETIC,93.6,85.9
ST00422,Student ST00422,CSE,7,6.54,67.9,67.3,0,7.0,6.4,6.0,4.5,2.4,3.8,5.6,1.9,3,1,2,0,0,6.5,6.9,5.7,1.0,1.8,2.7,0,0,Cybersecurity Specialist,0,SYNTHETIC,85.7,72.7
ST00423,Student ST00423,ECE,7,7.42,73.6,70.4,0,4.5,2.8,5.8,6.4,2.7,5.7,4.8,2.5,1,3,2,0,0,5.0,5.7,6.5,6.7,5.9,6.9,2,0,Full-Stack Developer,0,SYNTHETIC,95.1,85.5
ST00424,Student ST00424,CSE,7,6.64,70.9,73.0,0,7.0,4.4,6.1,4.9,3.9,1.8,3.4,1.4,1,2,2,0,0,4.0,4.7,6.3,7.2,6.7,6.5,2,0,Cloud/DevOps Engineer,1,SYNTHETIC,94.7,67.0
ST00425,Student ST00425,Mechanical,8,6.37,75.9,70.0,0,3.4,4.0,4.1,6.9,1.2,3.9,2.6,2.1,0,1,1,0,1,6.3,2.8,5.7,3.9,4.5,5.8,0,0,AI/ML Engineer,0,SYNTHETIC,77.8,87.3
ST00426,Student ST00426,ISE,8,8.75,83.3,92.6,0,7.4,10.0,6.6,6.0,2.9,5.2,2.4,3.2,1,1,2,3,1,6.6,6.7,5.9,5.7,3.9,4.6,0,0,Full-Stack Developer,1,SYNTHETIC,88.7,65.2
ST00427,Student ST00427,ISE,8,6.74,73.8,75.7,0,3.4,7.0,7.4,5.2,5.5,3.9,1.0,1.8,1,3,1,0,0,4.5,6.3,5.2,7.4,6.3,4.5,1,0,Cybersecurity Specialist,1,SYNTHETIC,93.3,75.8
ST00428,Student ST00428,ISE,7,8.05,83.2,83.5,0,6.1,6.6,5.5,3.9,5.2,6.8,2.1,4.6,2,1,1,0,0,6.8,9.5,5.5,6.1,5.9,6.4,1,0,Cloud/DevOps Engineer,1,SYNTHETIC,91.5,69.5
ST00429,Student ST00429,Mechanical,8,7.11,73.2,70.8,0,5.3,8.1,7.4,3.6,4.1,5.8,2.8,4.9,2,1,1,0,0,6.9,7.8,4.2,4.6,4.5,2.7,2,0,Data Analyst,0,SYNTHETIC,96.4,76.5
ST00430,Student ST00430,Mechanical,8,6.78,71.3,65.0,0,5.0,5.1,5.1,4.9,2.3,5.1,4.2,1.0,0,2,1,0,0,7.8,5.0,3.3,5.4,4.9,4.7,0,0,Cloud/DevOps Engineer,0,SYNTHETIC,94.4,64.7
ST00431,Student ST00431,CSE,8,5.69,64.5,63.2,0,4.9,1.0,1.0,2.8,4.6,3.5,1.6,1.0,0,3,1,0,0,4.3,5.8,4.1,7.4,7.6,4.8,2,1,AI/ML Engineer,0,SYNTHETIC,89.3,79.9
ST00432,Student ST00432,Mechanical,8,7.42,72.9,69.9,0,6.5,3.6,7.1,5.3,2.1,3.7,2.1,1.7,4,5,2,1,1,8.6,6.4,6.2,4.2,3.4,4.3,0,0,Full-Stack Developer,1,SYNTHETIC,87.7,75.7
ST00433,Student ST00433,ECE,7,5.49,58.4,60.5,0,2.1,3.2,3.3,2.1,2.1,2.3,1.0,3.1,0,1,1,0,0,5.6,7.0,2.4,2.4,2.8,1.1,1,0,Full-Stack Developer,0,SYNTHETIC,81.8,68.5
ST00434,Student ST00434,CSE,7,6.74,63.8,70.1,0,4.0,6.3,2.2,3.1,1.0,2.8,3.1,2.9,0,1,1,0,1,8.8,7.7,3.1,4.2,3.8,3.0,2,0,QA Specialist,0,SYNTHETIC,89.9,92.1
ST00435,Student ST00435,Mechanical,7,6.45,66.5,58.1,0,3.5,3.7,4.1,4.1,3.5,3.4,1.8,1.4,1,2,1,0,0,6.7,7.2,4.2,5.5,6.6,5.4,1,0,Cybersecurity Specialist,0,SYNTHETIC,86.2,82.3
ST00436,Student ST00436,CSE,7,6.5,65.0,61.9,0,3.1,6.5,4.4,6.8,1.0,3.9,1.2,4.8,5,6,1,0,0,6.2,6.1,5.7,4.4,3.0,4.6,0,0,AI/ML Engineer,0,SYNTHETIC,90.7,62.7
ST00437,Student ST00437,CSE,7,8.07,81.3,81.6,0,6.0,7.1,6.4,6.4,4.1,2.7,1.8,3.7,2,5,2,0,0,6.9,6.2,5.2,5.2,4.8,6.7,1,0,Full-Stack Developer,1,SYNTHETIC,89.9,60.4
ST00438,Student ST00438,Mechanical,8,9.62,93.1,92.1,0,7.9,9.0,7.3,8.2,6.2,5.9,4.5,4.2,1,3,2,3,1,7.5,7.9,7.6,5.1,5.8,6.8,0,0,Cloud/DevOps Engineer,1,SYNTHETIC,94.8,70.2
ST00439,Student ST00439,CSE,8,5.48,55.0,59.5,1,5.2,4.5,6.2,3.6,2.1,2.8,4.7,1.5,2,2,1,0,0,4.0,4.3,3.5,7.2,7.1,5.6,1,0,QA Specialist,1,SYNTHETIC,76.7,90.3
ST00440,Student ST00440,Mechanical,8,8.2,75.7,81.5,0,5.5,8.0,6.2,4.2,2.8,8.2,3.2,1.0,1,2,1,2,0,7.3,8.7,5.0,5.6,4.2,4.4,1,0,Cybersecurity Specialist,1,SYNTHETIC,96.6,82.0
ST00441,Student ST00441,CSE,8,8.11,82.9,77.8,0,4.8,5.6,6.4,8.1,2.2,5.7,5.9,4.4,3,3,2,1,0,6.2,8.0,6.0,8.2,7.9,7.5,2,1,AI/ML Engineer,1,SYNTHETIC,86.5,66.5
ST00442,Student ST00442,ISE,8,8.37,80.2,83.8,0,5.3,6.0,6.3,5.4,7.6,4.5,5.5,3.0,1,4,2,2,0,6.5,7.3,5.7,9.1,7.2,8.3,0,1,Cloud/DevOps Engineer,1,SYNTHETIC,76.2,86.0
ST00443,Student ST00443,Mechanical,7,8.22,86.5,76.3,0,4.0,6.0,7.9,5.4,2.3,5.7,3.1,4.6,0,2,1,0,0,6.9,7.8,4.7,6.6,6.6,4.5,0,0,Full-Stack Developer,0,SYNTHETIC,90.8,87.8
ST00444,Student ST00444,CSE,7,6.1,62.0,60.1,0,3.8,2.5,5.9,6.5,4.3,5.5,2.1,1.4,0,3,1,1,1,6.4,5.1,6.2,7.8,9.3,7.6,1,1,Data Analyst,1,SYNTHETIC,83.5,90.5
ST00445,Student ST00445,CSE,8,7.85,71.3,70.8,0,4.6,4.5,4.0,6.4,4.2,1.5,2.2,1.0,3,1,2,0,0,7.1,7.2,4.1,4.4,4.0,5.5,0,0,Cybersecurity Specialist,0,SYNTHETIC,97.5,88.3
ST00446,Student ST00446,Mechanical,7,6.92,72.8,73.8,0,5.2,2.9,3.7,2.1,1.0,2.5,2.5,1.0,1,2,1,0,0,7.8,7.1,3.7,5.5,6.0,3.1,1,0,QA Specialist,0,SYNTHETIC,94.7,60.3
ST00447,Student ST00447,CSE,8,8.14,83.9,81.9,0,6.2,4.1,4.7,5.5,4.1,2.4,4.2,4.3,2,1,2,0,0,4.6,5.1,5.9,5.5,4.6,5.8,1,0,QA Specialist,0,SYNTHETIC,95.5,60.0
ST00448,Student ST00448,ISE,7,6.71,74.2,66.5,0,8.0,5.5,4.5,5.1,5.2,6.0,3.4,4.4,1,2,2,0,0,6.5,6.3,6.0,9.1,9.1,8.5,0,1,QA Specialist,0,SYNTHETIC,77.3,61.3
ST00449,Student ST00449,CSE,7,8.68,85.1,81.4,0,3.4,5.8,4.7,3.9,2.3,4.3,2.6,2.2,2,2,1,0,2,7.2,7.6,3.9,5.3,4.6,3.1,1,0,AI/ML Engineer,1,SYNTHETIC,81.0,71.7
ST00450,Student ST00450,ECE,7,7.72,77.2,76.5,0,7.2,5.6,6.2,5.7,5.8,5.3,1.5,3.7,1,1,2,0,2,8.2,7.3,7.3,4.7,4.9,5.9,0,0,QA Specialist,1,SYNTHETIC,79.6,62.4
ST00451,Student ST00451,Mechanical,8,7.71,79.1,74.0,0,4.4,3.9,3.8,6.0,4.1,4.4,2.8,1.0,0,6,1,0,0,8.2,7.1,5.0,6.8,5.4,5.6,1,0,QA Specialist,1,SYNTHETIC,96.7,68.1
ST00452,Student ST00452,ECE,7,8.17,79.6,79.3,0,4.7,5.5,5.9,5.9,4.6,2.9,1.7,1.4,0,4,2,0,0,4.5,6.8,5.8,5.2,5.6,4.4,0,0,Cybersecurity Specialist,1,SYNTHETIC,87.3,92.7
ST00453,Student ST00453,Mechanical,7,7.4,72.7,75.8,0,5.2,3.9,7.1,6.4,2.7,4.3,2.5,2.3,0,2,2,0,0,6.1,6.5,5.7,7.8,7.9,5.3,3,1,AI/ML Engineer,1,SYNTHETIC,80.7,74.8
ST00454,Student ST00454,ISE,8,7.41,74.9,70.3,0,3.9,3.5,3.7,3.8,1.2,3.0,3.2,1.6,1,2,1,0,0,6.2,8.4,3.6,5.1,4.2,4.0,2,0,QA Specialist,0,SYNTHETIC,87.9,62.1
ST00455,Student ST00455,ISE,7,8.82,88.1,79.9,0,5.2,8.2,5.8,10.0,6.7,4.7,4.2,4.9,2,2,2,3,0,8.2,6.2,9.7,7.2,7.2,7.3,1,1,Cloud/DevOps Engineer,0,SYNTHETIC,75.2,80.0
ST00456,Student ST00456,ISE,8,8.37,86.6,82.1,0,4.7,3.5,4.3,4.4,1.7,2.0,3.3,2.6,4,1,1,1,1,7.4,6.5,3.5,5.9,5.5,5.9,1,0,AI/ML Engineer,1,SYNTHETIC,84.2,88.3
ST00457,Student ST00457,CSE,7,5.6,65.2,65.4,0,4.6,3.1,3.2,5.0,3.7,3.4,2.3,2.3,2,1,1,0,0,5.1,4.9,4.9,5.7,6.0,3.9,3,0,AI/ML Engineer,0,SYNTHETIC,81.4,62.7
ST00458,Student ST00458,CSE,7,5.81,62.9,64.3,0,4.9,5.4,4.6,4.6,5.4,5.0,4.1,2.0,2,3,1,0,0,4.9,6.7,5.7,6.0,4.6,4.8,0,0,Cybersecurity Specialist,1,SYNTHETIC,99.0,88.9
ST00459,Student ST00459,ECE,8,6.12,60.0,66.7,0,3.1,1.9,8.0,4.9,2.2,4.5,2.1,3.3,3,2,1,0,1,4.3,5.5,3.5,6.1,6.5,5.6,0,0,Data Analyst,1,SYNTHETIC,96.3,94.2
ST00460,Student ST00460,ECE,7,9.38,98.0,93.7,0,3.1,4.3,5.4,5.0,3.9,2.7,5.7,5.2,1,5,1,3,0,9.6,5.7,4.3,6.0,5.7,5.5,0,0,AI/ML Engineer,1,SYNTHETIC,78.4,83.9
ST00461,Student ST00461,CSE,8,7.99,78.8,84.1,0,6.0,6.6,7.1,7.4,4.7,6.0,3.9,4.0,3,3,2,1,1,3.5,6.5,7.7,4.3,4.6,5.2,3,0,QA Specialist,1,SYNTHETIC,82.8,78.1
ST00462,Student ST00462,CSE,8,6.42,70.5,68.5,0,5.8,6.7,6.1,8.2,1.9,6.2,4.0,1.2,1,2,2,0,0,5.7,5.6,7.0,6.5,7.5,6.6,2,0,Data Analyst,1,SYNTHETIC,93.8,93.5
ST00463,Student ST00463,ECE,7,9.16,92.9,84.6,0,5.5,5.2,6.9,5.8,2.9,3.8,1.3,3.1,1,3,2,2,0,7.7,6.7,5.4,7.2,5.8,5.7,1,0,Cybersecurity Specialist,1,SYNTHETIC,90.7,74.5
ST00464,Student ST00464,Mechanical,7,6.05,69.6,68.4,0,1.1,3.8,2.8,1.6,4.6,1.2,1.0,1.0,1,5,1,0,1,6.1,5.9,1.7,4.6,4.7,2.8,2,0,AI/ML Engineer,0,SYNTHETIC,83.4,79.0
ST00465,Student ST00465,ISE,7,8.31,85.9,79.0,0,4.1,7.1,7.1,6.3,4.8,6.6,1.7,5.4,2,2,1,0,0,6.3,5.2,5.5,5.3,4.7,6.4,0,0,Data Analyst,1,SYNTHETIC,77.1,67.1
ST00466,Student ST00466,ECE,8,7.34,69.5,76.7,0,5.9,8.1,6.7,5.1,1.9,6.2,4.6,1.0,0,4,2,1,1,7.4,6.2,5.3,6.7,6.4,4.9,1,0,Data Analyst,1,SYNTHETIC,90.6,84.8
ST00467,Student ST00467,ISE,7,7.73,83.6,79.1,0,7.1,6.1,7.1,3.6,2.5,3.6,3.6,5.7,1,3,2,2,0,7.9,7.6,5.7,7.8,6.1,5.1,0,0,QA Specialist,1,SYNTHETIC,78.8,84.2
ST00468,Student ST00468,ECE,8,7.66,78.1,76.1,0,5.8,6.1,7.6,7.0,5.3,3.7,4.6,2.1,0,1,2,0,0,5.5,7.3,7.1,3.5,2.8,4.1,1,0,Cloud/DevOps Engineer,1,SYNTHETIC,77.0,71.5
ST00469,Student ST00469,Mechanical,8,8.7,76.7,90.3,0,5.6,4.8,7.7,3.8,4.0,5.6,1.1,1.8,0,2,1,0,1,7.8,8.5,3.5,5.6,6.6,3.7,0,0,Cloud/DevOps Engineer,0,SYNTHETIC,80.2,64.1
ST00470,Student ST00470,ECE,8,7.24,77.6,72.7,0,7.1,8.1,8.1,6.8,4.1,6.4,5.2,3.2,2,3,2,2,0,5.9,5.1,7.7,8.2,9.1,6.2,1,0,AI/ML Engineer,0,SYNTHETIC,85.8,86.5
ST00471,Student ST00471,ISE,8,9.45,94.8,92.5,0,6.6,5.5,5.5,6.0,6.3,3.9,6.2,4.0,1,6,2,1,0,6.7,7.6,7.6,6.3,7.8,6.7,1,0,Cloud/DevOps Engineer,1,SYNTHETIC,95.4,65.7
ST00472,Student ST00472,CSE,8,6.06,57.5,65.9,0,7.5,3.9,7.1,6.9,2.9,6.3,4.6,4.5,1,3,2,0,0,4.0,5.9,7.2,5.4,4.3,6.0,0,0,Full-Stack Developer,0,SYNTHETIC,76.2,93.3
ST00473,Student ST00473,Mechanical,8,8.67,87.0,88.6,0,9.2,5.0,8.2,5.8,1.8,5.8,4.2,1.8,1,3,2,0,1,7.8,6.5,6.4,1.0,1.0,4.6,0,0,Full-Stack Developer,1,SYNTHETIC,75.7,60.7
ST00474,Student ST00474,ISE,7,8.01,79.5,79.8,0,6.3,6.3,6.0,7.0,5.0,6.8,3.3,3.0,3,5,2,1,0,7.3,6.5,6.2,6.5,5.9,7.0,0,0,QA Specialist,1,SYNTHETIC,82.1,80.2
ST00475,Student ST00475,Mechanical,7,6.82,82.1,66.0,0,6.3,4.7,7.4,7.2,6.9,4.6,6.0,4.0,0,5,2,0,3,5.2,5.1,5.5,5.4,6.5,5.0,2,0,Cybersecurity Specialist,0,SYNTHETIC,75.8,61.7
ST00476,Student ST00476,ECE,8,7.57,82.2,73.6,0,6.3,3.5,9.3,5.3,3.9,6.3,4.7,3.1,2,2,2,1,1,6.3,5.0,6.4,8.2,8.6,6.6,0,0,Cloud/DevOps Engineer,1,SYNTHETIC,87.1,62.2
ST00477,Student ST00477,CSE,8,8.8,87.3,86.7,0,5.9,3.7,6.5,5.2,3.8,5.3,3.6,5.3,1,3,2,0,0,2.5,5.9,4.2,7.8,8.3,6.7,2,1,Cybersecurity Specialist,1,SYNTHETIC,98.3,84.7
ST00478,Student ST00478,ECE,8,6.49,65.5,66.4,0,4.5,5.4,5.6,5.0,3.4,4.1,2.6,3.1,2,5,1,0,0,7.4,6.0,4.9,4.2,3.9,4.3,0,0,Cloud/DevOps Engineer,0,SYNTHETIC,76.9,80.6
ST00479,Student ST00479,Mechanical,8,9.6,98.0,93.0,0,7.0,7.2,6.9,4.9,4.2,5.6,4.5,4.1,3,2,2,1,1,6.7,8.2,4.4,5.5,4.9,4.4,0,0,Cybersecurity Specialist,0,SYNTHETIC,90.2,88.5
ST00480,Student ST00480,Mechanical,7,6.43,63.9,71.6,1,5.5,6.8,4.7,5.7,1.7,4.3,3.5,1.0,3,3,2,0,0,5.6,5.9,6.0,7.4,6.6,6.5,0,0,QA Specialist,0,SYNTHETIC,97.4,90.2
ST00481,Student ST00481,CSE,7,6.62,66.3,60.1,0,3.4,3.6,4.4,4.5,2.7,2.8,1.0,1.3,3,4,1,0,0,6.5,7.2,3.4,5.5,3.9,4.3,0,0,Full-Stack Developer,0,SYNTHETIC,96.0,78.0
ST00482,Student ST00482,Mechanical,8,7.05,62.9,71.1,0,5.2,4.5,5.3,3.8,1.6,4.1,3.3,2.4,4,3,1,1,0,6.9,7.1,3.5,7.2,7.9,6.1,0,0,Cloud/DevOps Engineer,1,SYNTHETIC,97.9,89.8
ST00483,Student ST00483,ECE,7,6.35,62.1,65.9,0,3.5,2.6,4.5,1.0,4.3,4.7,2.7,1.5,2,6,1,0,0,5.5,5.2,2.2,5.4,4.5,4.3,0,0,AI/ML Engineer,1,SYNTHETIC,86.3,60.8
ST00484,Student ST00484,ECE,7,6.74,73.5,70.7,0,3.5,6.4,1.9,6.1,4.8,3.8,5.0,2.7,0,2,1,0,0,6.8,5.1,5.2,5.1,5.7,5.0,0,0,Cybersecurity Specialist,0,SYNTHETIC,78.3,80.0
ST00485,Student ST00485,ISE,7,7.41,73.0,74.5,0,4.7,4.7,5.6,4.8,5.4,6.8,2.1,3.9,2,2,1,0,2,5.5,6.6,4.9,7.4,7.7,6.3,0,0,Data Analyst,1,SYNTHETIC,87.7,93.6
ST00486,Student ST00486,CSE,8,7.67,74.8,73.6,0,5.7,5.7,6.5,6.2,2.2,6.8,4.0,3.1,4,4,2,0,0,4.5,6.8,6.1,4.1,4.5,4.8,0,0,AI/ML Engineer,1,SYNTHETIC,88.8,65.2
ST00487,Student ST00487,ISE,8,6.52,60.6,69.8,0,5.8,3.2,5.4,5.8,4.9,5.3,4.6,4.4,4,2,2,0,0,6.0,5.9,6.7,6.9,7.5,5.9,1,0,Cybersecurity Specialist,1,SYNTHETIC,82.1,79.2
ST00488,Student ST00488,ISE,7,8.58,92.0,84.4,0,5.4,3.7,5.6,8.3,5.7,4.2,3.0,6.6,1,3,2,0,0,5.9,8.2,6.3,6.0,5.0,6.3,0,0,Cybersecurity Specialist,1,SYNTHETIC,77.4,87.7
ST00489,Student ST00489,CSE,7,9.07,91.1,81.0,0,5.4,3.9,2.0,7.1,4.7,5.3,2.4,3.6,1,2,2,2,0,8.0,7.2,6.7,6.3,6.3,5.4,1,0,Cybersecurity Specialist,1,SYNTHETIC,77.2,80.4
ST00490,Student ST00490,CSE,8,8.88,90.3,89.9,0,5.5,7.4,8.7,6.0,2.1,6.4,4.4,1.6,1,4,2,1,0,7.9,7.9,6.8,5.3,5.9,5.4,0,0,Full-Stack Developer,1,SYNTHETIC,82.0,79.3
ST00491,Student ST00491,ECE,7,6.65,61.4,73.2,0,3.1,3.5,5.4,1.0,2.4,4.5,2.0,1.0,1,3,1,0,1,7.5,5.8,2.2,5.8,7.4,4.4,2,0,AI/ML Engineer,0,SYNTHETIC,93.1,75.2
ST00492,Student ST00492,ECE,8,6.69,69.2,71.4,0,5.0,3.8,7.5,6.2,2.2,5.3,3.2,2.0,1,1,2,0,0,7.6,6.0,4.5,6.7,5.8,6.7,1,0,AI/ML Engineer,0,SYNTHETIC,79.1,91.7
ST00493,Student ST00493,Mechanical,7,8.31,87.0,79.4,0,8.8,5.4,8.8,5.6,3.4,6.0,5.2,5.1,1,2,2,0,1,5.1,7.1,6.1,7.1,6.2,6.3,0,1,Full-Stack Developer,1,SYNTHETIC,91.4,69.4
ST00494,Student ST00494,Mechanical,7,6.9,75.1,72.7,0,6.0,5.7,5.0,2.6,5.0,3.3,2.3,6.1,1,6,1,0,0,6.9,6.8,3.1,7.6,6.3,5.6,0,0,Full-Stack Developer,1,SYNTHETIC,80.9,72.2
ST00495,Student ST00495,ECE,8,6.92,68.5,61.3,0,6.2,5.5,4.9,4.1,3.7,5.0,4.0,2.7,2,1,1,0,0,4.8,8.2,5.0,7.2,7.5,6.2,0,0,Cybersecurity Specialist,1,SYNTHETIC,80.5,63.8
ST00496,Student ST00496,Mechanical,8,7.44,70.7,71.9,0,2.7,3.7,4.3,1.0,2.3,4.0,2.0,1.0,0,2,1,0,0,6.0,6.3,1.2,7.7,5.2,3.8,0,1,Full-Stack Developer,1,SYNTHETIC,75.5,72.6
ST00497,Student ST00497,Mechanical,7,7.73,80.4,78.5,0,4.9,5.2,4.2,1.9,4.8,4.1,1.0,5.6,1,2,1,1,0,6.5,8.5,2.5,6.9,6.0,4.7,0,0,Full-Stack Developer,0,SYNTHETIC,91.1,92.9
ST00498,Student ST00498,CSE,7,7.69,84.0,76.9,0,8.4,7.5,7.6,5.5,4.5,3.5,4.5,3.8,2,5,2,2,0,6.8,7.9,6.6,6.5,7.0,7.3,0,0,Data Analyst,1,SYNTHETIC,95.6,79.1
ST00499,Student ST00499,ISE,7,6.49,66.3,73.1,0,3.8,4.1,3.0,3.3,2.9,3.6,4.3,4.4,1,6,1,0,1,5.9,7.7,2.9,5.8,4.8,5.4,0,0,Cloud/DevOps Engineer,0,SYNTHETIC,90.7,79.6
ST00500,Student ST00500,Mechanical,7,8.78,81.3,89.4,0,4.9,4.8,6.7,6.9,3.8,4.8,4.2,4.0,1,1,2,0,0,6.9,6.2,5.0,3.3,3.2,4.5,1,0,Cybersecurity Specialist,1,SYNTHETIC,92.2,72.9
ST00501,Student ST00501,Mechanical,8,9.02,80.9,88.4,0,2.5,3.9,7.1,8.7,5.5,5.6,3.8,5.9,1,2,2,0,0,6.4,7.9,4.7,6.6,5.6,7.1,1,0,AI/ML Engineer,1,SYNTHETIC,80.7,79.9
ST00502,Student ST00502,ECE,7,6.98,73.2,70.1,0,5.0,5.9,5.7,4.8,3.5,2.9,5.3,7.2,1,2,1,0,0,5.5,6.4,3.9,7.4,8.4,5.9,1,0,Cloud/DevOps Engineer,0,SYNTHETIC,89.2,93.9
ST00503,Student ST00503,CSE,8,7.58,75.7,80.1,0,4.7,4.4,5.8,6.8,4.3,4.3,4.1,2.8,3,5,2,1,0,7.1,6.8,4.7,6.6,5.2,5.1,0,0,QA Specialist,0,SYNTHETIC,80.8,81.3
ST00504,Student ST00504,ECE,8,7.1,74.8,73.9,0,4.9,4.6,4.6,4.3,6.3,5.1,6.6,1.8,0,4,1,0,0,5.8,6.1,5.2,6.8,6.2,5.4,1,0,Cloud/DevOps Engineer,1,SYNTHETIC,78.0,72.9
ST00505,Student ST00505,CSE,8,6.51,71.5,60.1,0,7.3,4.5,4.9,6.1,4.7,3.7,2.9,4.9,1,1,2,1,1,5.3,6.8,7.2,6.9,6.4,6.9,1,0,AI/ML Engineer,1,SYNTHETIC,75.4,68.3
ST00506,Student ST00506,CSE,8,6.8,68.4,64.5,0,5.2,6.3,7.3,4.2,6.7,3.3,4.9,1.9,2,3,1,0,0,6.7,5.7,5.1,4.1,4.0,3.6,1,0,AI/ML Engineer,0,SYNTHETIC,80.5,88.6
ST00507,Student ST00507,Mechanical,7,8.14,76.8,76.9,0,4.4,6.3,5.2,3.9,2.2,5.7,1.0,1.6,0,1,1,0,1,6.6,6.9,2.6,5.6,6.4,4.4,2,0,QA Specialist,0,SYNTHETIC,86.1,63.2
ST00508,Student ST00508,Mechanical,7,7.41,75.3,71.7,0,5.6,5.7,6.4,5.7,1.0,6.1,5.0,6.1,0,2,2,0,1,5.1,6.9,4.3,6.7,7.8,6.2,1,0,Full-Stack Developer,0,SYNTHETIC,91.7,92.9
ST00509,Student ST00509,ECE,7,6.38,67.7,63.6,0,4.8,5.9,4.2,4.4,4.4,3.8,2.9,2.0,2,2,1,0,0,5.3,4.6,4.1,7.3,7.1,6.2,1,0,Cybersecurity Specialist,1,SYNTHETIC,93.8,65.8
ST00510,Student ST00510,ISE,8,7.27,71.7,75.4,0,8.8,6.2,6.5,7.1,4.6,4.8,4.0,4.4,1,2,2,0,0,4.5,5.8,7.9,8.4,7.8,7.6,2,1,Data Analyst,1,SYNTHETIC,97.5,62.7
ST00511,Student ST00511,CSE,8,7.37,73.9,76.8,0,4.0,3.8,2.0,1.0,1.5,3.3,2.4,4.3,0,2,1,1,0,5.4,6.9,2.1,8.6,9.2,4.8,1,1,QA Specialist,0,SYNTHETIC,82.1,90.5
ST00512,Student ST00512,Mechanical,7,7.43,73.7,78.0,0,7.3,7.3,7.7,7.0,2.9,7.7,6.8,3.3,1,3,2,2,1,6.4,7.4,6.9,7.2,6.9,6.6,0,1,AI/ML Engineer,1,SYNTHETIC,92.2,93.5
ST00513,Student ST00513,CSE,8,8.09,82.1,86.4,0,6.0,6.3,8.5,5.6,2.3,5.8,6.2,2.6,2,2,2,2,0,7.0,6.3,6.1,7.4,7.4,5.8,1,0,AI/ML Engineer,1,SYNTHETIC,84.9,75.5
ST00514,Student ST00514,ISE,7,8.91,89.8,89.5,0,6.3,5.5,3.7,7.3,4.0,4.2,2.8,1.0,3,2,2,0,1,6.6,6.2,8.0,9.6,9.1,7.3,0,1,Cybersecurity Specialist,1,SYNTHETIC,76.0,73.3
ST00515,Student ST00515,CSE,8,6.54,68.6,64.5,0,3.2,1.4,1.4,3.3,1.9,1.7,2.2,2.2,5,3,1,0,0,3.8,4.5,1.6,6.3,6.6,4.8,1,0,Data Analyst,0,SYNTHETIC,96.5,72.0
ST00516,Student ST00516,CSE,7,8.51,80.6,82.6,0,7.6,4.6,7.4,3.7,5.8,6.2,3.5,4.7,0,3,2,0,1,7.7,7.5,5.7,7.7,7.6,6.4,1,1,Full-Stack Developer,1,SYNTHETIC,82.0,84.3
ST00517,Student ST00517,ECE,8,7.17,74.7,78.9,0,5.0,3.4,3.5,2.7,1.9,4.2,2.1,3.2,1,2,1,1,1,6.5,7.1,3.6,5.8,7.1,5.1,1,0,Full-Stack Developer,0,SYNTHETIC,81.8,66.4
ST00518,Student ST00518,ECE,8,7.5,73.3,71.1,0,5.6,6.2,6.8,5.3,6.4,3.9,4.3,3.9,0,4,2,0,0,5.4,7.5,5.6,5.4,4.5,5.0,0,0,Data Analyst,1,SYNTHETIC,82.6,80.7
ST00519,Student ST00519,Mechanical,8,7.36,74.5,73.2,0,3.9,4.9,3.7,4.8,2.5,3.5,3.2,1.8,2,1,1,1,0,5.8,6.1,4.5,7.2,7.4,6.4,0,0,Cloud/DevOps Engineer,0,SYNTHETIC,77.2,82.5
ST00520,Student ST00520,ISE,7,7.12,68.0,77.4,0,6.8,6.8,5.1,4.0,3.7,3.6,3.7,4.7,0,4,2,0,0,6.7,7.2,5.4,5.3,4.2,5.8,0,0,Cybersecurity Specialist,0,SYNTHETIC,95.9,74.7
ST00521,Student ST00521,ECE,8,7.46,84.0,74.5,0,5.6,4.6,6.7,8.1,4.0,4.9,5.8,4.9,0,1,2,1,0,7.5,7.1,5.5,6.2,4.2,5.6,2,0,Data Analyst,1,SYNTHETIC,84.2,79.0
ST00522,Student ST00522,CSE,8,6.75,78.6,71.7,0,6.7,5.1,6.4,6.2,4.4,4.2,3.5,2.0,0,1,2,0,0,4.5,7.4,6.2,5.2,4.1,5.0,1,0,Cloud/DevOps Engineer,0,SYNTHETIC,92.0,82.3
ST00523,Student ST00523,ISE,8,9.15,93.6,87.0,0,3.8,7.2,6.9,8.7,3.6,6.3,2.7,3.6,1,2,2,3,0,6.6,8.2,6.6,9.5,8.9,7.7,3,1,QA Specialist,1,SYNTHETIC,77.0,80.9
ST00524,Student ST00524,ISE,7,6.35,68.8,72.2,0,1.4,1.1,4.3,4.2,1.0,5.6,1.2,3.7,0,3,1,0,0,5.6,4.5,3.3,4.5,4.0,3.7,1,0,Data Analyst,0,SYNTHETIC,80.4,83.1
ST00525,Student ST00525,ECE,7,7.34,61.0,75.1,0,4.5,3.4,5.4,6.6,3.0,3.2,3.2,1.0,2,3,2,0,0,6.7,6.8,4.3,9.1,8.1,6.2,1,0,Cloud/DevOps Engineer,1,SYNTHETIC,96.2,65.2
ST00526,Student ST00526,ECE,8,9.61,94.2,96.8,0,5.5,8.5,6.2,8.8,6.6,6.6,7.1,7.2,0,5,2,1,0,6.6,6.2,7.3,5.5,5.8,6.4,0,0,AI/ML Engineer,1,SYNTHETIC,96.7,68.0
ST00527,Student ST00527,CSE,8,7.48,70.1,74.2,0,5.0,3.2,7.0,3.9,2.0,4.7,2.9,3.9,3,3,1,0,1,2.8,8.5,4.5,4.9,5.2,4.8,1,0,Data Analyst,0,SYNTHETIC,77.8,73.1
ST00528,Student ST00528,ISE,8,8.23,85.1,81.9,0,7.0,6.1,8.2,6.5,6.0,5.4,4.3,7.2,0,2,2,0,1,7.4,5.9,7.5,7.3,6.6,6.7,0,0,Data Analyst,1,SYNTHETIC,83.8,87.8
ST00529,Student ST00529,ISE,7,7.68,77.9,72.7,0,6.8,3.4,6.7,5.0,5.8,3.4,3.4,4.0,3,4,2,1,0,8.2,7.9,5.3,2.3,2.2,4.2,3,0,Cloud/DevOps Engineer,1,SYNTHETIC,92.8,85.0
ST00530,Student ST00530,CSE,8,7.85,71.5,77.0,0,7.8,7.6,8.0,7.8,1.9,6.0,4.7,6.2,0,1,2,1,0,7.1,7.8,8.1,7.1,7.2,7.6,0,0,AI/ML Engineer,1,SYNTHETIC,97.6,74.1
ST00531,Student ST00531,CSE,8,6.35,66.3,75.1,3,5.1,5.2,4.8,5.7,4.3,4.4,3.4,3.3,1,2,2,0,0,5.1,6.3,3.9,5.5,7.0,5.8,1,0,Data Analyst,0,SYNTHETIC,86.1,73.9
ST00532,Student ST00532,CSE,7,7.0,74.9,74.9,0,5.4,3.5,5.9,2.7,2.7,3.0,4.1,1.4,3,2,1,0,0,6.0,6.0,4.6,6.2,6.3,5.7,1,0,Data Analyst,1,SYNTHETIC,96.3,75.9
ST00533,Student ST00533,CSE,8,7.82,77.6,78.4,0,5.0,1.7,2.4,2.8,1.0,3.7,2.6,1.1,0,1,1,0,0,4.5,5.8,3.8,6.7,5.0,5.9,2,0,AI/ML Engineer,0,SYNTHETIC,93.8,86.2
ST00534,Student ST00534,CSE,7,5.62,62.5,56.9,0,5.2,5.0,4.5,6.2,3.8,4.3,1.3,3.0,3,3,2,0,1,6.9,5.5,4.5,3.8,4.5,4.5,1,0,Data Analyst,0,SYNTHETIC,76.3,88.5
ST00535,Student ST00535,Mechanical,7,7.84,79.1,77.6,0,4.4,5.2,4.9,4.8,3.3,4.4,4.8,2.8,2,5,1,1,1,7.2,6.4,6.0,7.4,7.4,6.1,2,0,Cybersecurity Specialist,1,SYNTHETIC,98.4,62.0
ST00536,Student ST00536,ECE,7,7.25,69.2,78.7,0,3.8,2.1,5.5,2.3,2.1,4.8,3.9,1.5,0,1,1,0,1,5.7,6.0,1.9,7.8,7.9,5.6,0,0,Data Analyst,1,SYNTHETIC,92.6,92.9
ST00537,Student ST00537,CSE,8,7.12,70.2,71.7,0,1.0,2.7,4.0,4.2,1.0,2.4,1.0,1.0,2,1,1,0,1,4.4,6.3,4.6,4.3,4.2,4.8,0,0,Cloud/DevOps Engineer,0,SYNTHETIC,94.5,77.3
ST00538,Student ST00538,CSE,8,7.39,75.4,75.4,0,3.9,2.9,4.9,7.1,3.4,3.7,4.1,2.4,2,3,2,0,1,7.0,6.2,6.0,6.1,6.0,5.6,1,0,AI/ML Engineer,1,SYNTHETIC,98.3,64.5
ST00539,Student ST00539,CSE,7,7.71,80.1,79.0,0,6.7,4.6,6.7,4.6,2.2,5.0,1.6,3.7,1,1,2,0,0,6.8,2.9,6.0,4.7,3.7,6.4,2,0,Full-Stack Developer,0,SYNTHETIC,81.7,60.0
ST00540,Student ST00540,Mechanical,8,7.61,77.7,75.2,0,6.1,6.1,3.7,4.3,2.9,4.0,2.9,3.9,1,1,1,0,1,6.5,6.3,6.2,5.6,4.7,5.7,0,0,Cloud/DevOps Engineer,1,SYNTHETIC,93.1,85.2
ST00541,Student ST00541,CSE,8,6.71,68.3,65.1,0,5.4,4.5,6.3,2.8,3.8,2.3,2.9,3.6,2,4,1,0,0,6.1,4.7,3.0,6.2,5.6,3.9,0,0,AI/ML Engineer,0,SYNTHETIC,82.6,65.2
ST00542,Student ST00542,ECE,7,7.37,77.4,75.4,0,5.6,6.7,4.8,5.3,3.7,3.4,3.0,1.0,1,2,2,1,1,5.4,6.6,5.5,6.5,5.9,6.1,0,0,QA Specialist,1,SYNTHETIC,88.9,69.3
ST00543,Student ST00543,Mechanical,8,8.48,90.6,84.8,0,3.3,6.5,3.4,4.7,3.4,4.5,3.4,3.2,1,2,1,0,0,7.1,5.6,4.0,6.5,6.9,5.1,0,0,Full-Stack Developer,1,SYNTHETIC,98.6,70.4
ST00544,Student ST00544,CSE,8,8.08,75.6,86.2,0,5.6,2.4,5.4,7.0,2.8,3.6,3.7,1.9,0,3,2,0,1,5.6,6.1,6.2,5.5,4.8,7.7,1,0,Cloud/DevOps Engineer,0,SYNTHETIC,94.3,87.4
ST00545,Student ST00545,Mechanical,7,7.34,73.4,76.0,0,5.0,3.1,5.0,3.6,2.8,4.7,3.9,5.6,1,6,1,1,1,7.3,5.2,4.5,3.4,4.3,3.7,0,0,Data Analyst,0,SYNTHETIC,85.3,86.7
ST00546,Student ST00546,Mechanical,7,7.99,79.5,74.4,0,4.9,6.0,6.0,7.3,2.9,5.9,2.7,2.8,1,2,2,0,0,8.4,7.1,8.2,3.5,3.7,5.5,0,0,Data Analyst,1,SYNTHETIC,87.9,82.0
ST00547,Student ST00547,ECE,8,7.53,78.0,74.1,0,5.8,3.6,6.0,4.9,4.0,5.1,5.8,4.6,2,2,2,1,0,4.6,4.7,5.3,6.8,7.8,6.6,1,0,QA Specialist,1,SYNTHETIC,80.7,90.6
ST00548,Student ST00548,ECE,7,8.31,86.2,82.1,0,2.7,5.8,5.6,5.6,4.6,3.1,1.0,3.4,0,4,1,0,0,6.7,7.0,4.4,6.8,5.8,5.3,0,0,QA Specialist,1,SYNTHETIC,77.1,90.1
ST00549,Student ST00549,ISE,8,8.26,83.0,90.7,0,5.2,9.2,6.6,7.2,5.0,5.9,4.5,1.7,0,3,2,0,0,8.0,6.4,6.8,7.2,6.6,7.2,0,1,AI/ML Engineer,0,SYNTHETIC,76.4,89.8
ST00550,Student ST00550,ECE,7,8.32,87.0,77.6,0,3.7,5.8,6.3,3.2,3.6,6.4,3.4,4.6,0,2,1,1,2,3.8,7.0,4.1,6.0,5.5,4.7,2,0,Cybersecurity Specialist,0,SYNTHETIC,93.9,86.9
ST00551,Student ST00551,ISE,7,6.14,58.4,64.4,0,7.8,6.3,5.1,6.9,3.4,4.0,1.0,3.4,1,3,2,0,1,6.3,6.0,8.0,6.4,6.1,6.1,0,0,AI/ML Engineer,0,SYNTHETIC,75.2,75.5
ST00552,Student ST00552,CSE,7,8.86,82.8,84.1,0,6.5,4.1,4.3,4.5,4.1,4.5,6.8,3.2,0,1,2,0,1,6.3,6.2,6.3,4.2,2.3,4.1,1,0,Cloud/DevOps Engineer,1,SYNTHETIC,76.9,60.9
ST00553,Student ST00553,ISE,7,7.04,71.0,76.3,0,5.3,6.1,4.0,5.3,2.6,5.0,1.0,1.0,0,2,2,0,0,7.0,5.8,4.7,5.7,4.8,4.7,1,0,AI/ML Engineer,0,SYNTHETIC,87.3,68.4
ST00554,Student ST00554,CSE,8,6.83,73.9,64.2,0,6.5,2.9,4.3,2.5,1.1,5.8,2.9,2.5,3,5,1,0,0,6.4,6.7,2.9,4.6,5.4,5.3,1,0,AI/ML Engineer,0,SYNTHETIC,97.2,79.3
ST00555,Student ST00555,ISE,8,6.77,72.1,72.9,0,4.5,3.4,6.6,4.2,1.8,3.0,2.9,3.5,0,2,1,0,0,6.4,6.5,4.2,6.2,5.9,5.9,1,0,Cybersecurity Specialist,0,SYNTHETIC,91.7,62.4
ST00556,Student ST00556,CSE,7,6.6,72.9,64.8,0,4.0,3.7,5.4,3.8,4.9,2.7,2.9,1.2,3,3,1,0,0,5.9,7.8,4.0,8.5,8.3,5.4,2,0,Cybersecurity Specialist,0,SYNTHETIC,93.1,86.3
ST00557,Student ST00557,CSE,7,7.12,71.4,71.6,0,5.7,5.8,7.0,5.1,2.8,5.1,4.1,4.9,0,1,2,0,0,5.4,6.8,4.3,7.3,7.5,6.6,1,0,Full-Stack Developer,0,SYNTHETIC,81.8,88.3
ST00558,Student ST00558,ECE,7,6.81,66.4,72.1,0,5.3,5.5,3.1,3.6,2.7,4.6,4.8,1.0,0,1,1,0,0,6.1,7.0,5.6,6.0,6.0,6.0,0,0,Cloud/DevOps Engineer,1,SYNTHETIC,82.1,76.9
ST00559,Student ST00559,ISE,7,6.33,69.0,73.7,0,5.3,4.5,6.6,2.3,2.7,7.1,2.8,2.5,4,2,1,0,0,6.6,4.4,1.3,6.5,7.3,4.6,0,0,QA Specialist,0,SYNTHETIC,76.5,62.3
ST00560,Student ST00560,CSE,7,7.3,71.9,70.3,0,7.3,6.8,6.6,3.5,3.4,7.4,5.2,1.0,2,1,2,0,0,6.2,5.3,5.1,4.2,4.1,3.5,0,0,Data Analyst,1,SYNTHETIC,81.5,84.5
ST00561,Student ST00561,CSE,7,8.12,85.6,67.3,0,2.1,5.2,5.8,2.0,6.6,5.2,2.2,5.3,1,6,1,1,0,7.0,6.7,1.1,5.6,7.4,3.7,0,0,AI/ML Engineer,1,SYNTHETIC,92.2,94.1
ST00562,Student ST00562,CSE,8,7.09,74.6,67.8,0,2.8,3.3,3.2,5.5,2.8,5.7,2.9,1.0,1,1,1,0,0,8.5,7.6,3.9,6.0,6.0,5.6,0,0,Cybersecurity Specialist,0,SYNTHETIC,87.3,77.4
ST00563,Student ST00563,CSE,7,7.55,73.7,78.3,0,6.4,5.3,6.6,5.6,4.1,4.1,1.5,4.2,2,2,2,2,0,7.6,5.7,5.7,7.0,6.7,7.5,0,0,Full-Stack Developer,1,SYNTHETIC,97.5,77.9
ST00564,Student ST00564,Mechanical,7,9.41,90.5,87.7,0,5.9,6.1,5.2,6.6,4.6,5.0,2.2,2.5,1,3,2,3,0,6.3,5.7,5.1,6.5,7.2,7.1,1,0,Data Analyst,1,SYNTHETIC,98.9,87.1
ST00565,Student ST00565,CSE,7,6.57,73.3,76.0,0,6.9,6.0,5.0,4.1,1.3,3.8,2.8,2.5,1,1,2,1,1,6.7,8.3,6.0,6.5,5.7,6.1,0,0,Cloud/DevOps Engineer,0,SYNTHETIC,92.9,69.5
ST00566,Student ST00566,ECE,8,8.1,81.7,76.2,0,2.9,4.0,6.2,5.6,3.8,6.4,3.6,2.0,1,2,1,2,0,8.4,7.2,4.6,5.3,6.0,4.0,0,0,Full-Stack Developer,1,SYNTHETIC,92.7,87.9
ST00567,Student ST00567,CSE,8,8.23,78.1,79.5,0,7.1,6.5,6.6,8.3,2.2,6.1,4.2,1.9,1,3,2,3,0,5.2,6.9,8.3,6.6,5.5,8.0,1,0,AI/ML Engineer,1,SYNTHETIC,82.7,88.5
ST00568,Student ST00568,Mechanical,8,8.48,84.6,85.5,0,6.1,4.9,6.3,7.5,3.8,6.6,5.1,3.1,2,3,2,2,0,6.2,5.1,7.3,5.1,4.5,5.3,1,0,AI/ML Engineer,1,SYNTHETIC,92.7,93.6
ST00569,Student ST00569,ISE,7,7.75,75.3,75.7,0,2.9,2.4,4.8,4.8,3.0,4.2,1.4,1.0,1,3,1,0,0,6.7,6.2,4.3,5.4,4.6,4.3,1,0,AI/ML Engineer,0,SYNTHETIC,80.7,91.3
ST00570,Student ST00570,CSE,8,8.23,86.0,80.3,0,5.1,6.5,5.9,3.6,4.5,6.8,5.9,2.5,1,3,1,1,2,7.7,5.4,5.4,4.0,3.0,4.0,0,0,AI/ML Engineer,1,SYNTHETIC,91.6,88.0
ST00571,Student ST00571,CSE,8,6.13,64.0,69.8,0,6.0,2.8,2.2,3.9,1.0,3.6,2.4,1.0,2,4,1,0,1,4.5,4.7,4.1,6.7,5.9,7.3,2,0,Cybersecurity Specialist,1,SYNTHETIC,91.8,79.8
ST00572,Student ST00572,ISE,7,5.66,63.7,57.1,0,4.1,3.8,4.2,4.5,1.0,4.0,1.7,2.3,0,2,1,0,0,4.8,5.0,3.9,7.7,6.9,6.1,0,0,Cloud/DevOps Engineer,1,SYNTHETIC,91.5,82.8
ST00573,Student ST00573,CSE,8,8.12,81.7,80.4,0,2.8,5.2,4.4,2.4,1.1,4.7,4.0,1.0,3,3,1,2,0,6.3,5.6,3.0,6.6,6.3,4.6,0,0,AI/ML Engineer,1,SYNTHETIC,79.6,67.8
ST00574,Student ST00574,ISE,7,7.53,73.8,81.3,0,7.6,5.4,5.3,6.2,4.2,4.6,2.2,3.5,1,3,2,0,0,5.6,5.2,6.5,7.7,7.0,8.5,2,0,QA Specialist,1,SYNTHETIC,95.7,81.8
ST00575,Student ST00575,ECE,7,7.91,83.5,73.1,0,5.3,4.0,6.6,4.4,2.5,5.8,1.7,1.4,4,3,1,1,1,8.8,5.5,5.0,10.0,9.5,7.0,0,0,AI/ML Engineer,1,SYNTHETIC,97.3,62.3
ST00576,Student ST00576,ISE,8,7.63,73.2,74.5,0,2.5,1.2,4.3,5.2,1.1,2.0,3.6,1.2,0,3,1,0,2,7.7,6.2,4.6,7.0,7.5,5.2,0,0,Cloud/DevOps Engineer,1,SYNTHETIC,78.8,84.8
ST00577,Student ST00577,ISE,7,8.55,85.2,88.0,0,5.1,4.1,4.1,6.8,3.7,2.4,2.3,4.1,0,3,2,2,1,4.2,6.9,5.9,6.7,5.9,6.0,1,0,AI/ML Engineer,1,SYNTHETIC,89.6,67.6
ST00578,Student ST00578,Mechanical,8,8.62,88.0,89.3,0,7.1,4.5,5.9,4.8,3.3,2.6,1.0,4.9,0,3,2,0,0,8.3,6.8,4.6,5.5,5.7,5.3,1,0,Cloud/DevOps Engineer,1,SYNTHETIC,75.1,73.1
ST00579,Student ST00579,ISE,8,7.2,69.4,71.8,0,8.2,3.3,7.7,6.4,5.6,4.6,1.3,4.4,0,2,2,1,1,7.0,5.8,7.1,5.5,5.1,5.8,1,0,AI/ML Engineer,1,SYNTHETIC,92.7,72.2
ST00580,Student ST00580,ISE,7,7.51,76.8,68.8,0,4.0,4.6,3.2,6.1,3.6,2.2,2.3,5.7,1,5,1,0,0,6.5,7.2,4.8,6.2,5.8,6.1,0,0,Data Analyst,0,SYNTHETIC,95.3,81.3
ST00581,Student ST00581,ISE,7,5.85,65.1,60.6,0,3.3,2.9,3.2,5.2,2.1,4.2,2.7,1.0,5,2,1,0,0,4.4,5.7,4.0,5.9,6.2,4.7,0,0,Data Analyst,0,SYNTHETIC,78.3,73.4
ST00582,Student ST00582,ISE,7,7.2,72.2,72.7,0,6.7,6.2,4.0,2.9,3.0,5.5,2.0,3.8,1,3,1,0,0,5.9,6.2,3.3,7.3,6.5,3.5,0,0,Cloud/DevOps Engineer,0,SYNTHETIC,86.7,74.9
ST00583,Student ST00583,ISE,8,8.32,88.1,80.1,0,4.5,4.4,6.9,7.6,1.4,3.6,1.0,2.9,1,2,2,3,0,4.9,8.5,6.1,4.3,3.8,5.5,0,0,Data Analyst,0,SYNTHETIC,75.4,86.2
ST00584,Student ST00584,ECE,7,6.85,70.9,75.7,0,4.2,8.5,5.5,4.2,5.5,3.9,5.7,1.5,0,1,1,0,0,6.6,7.4,5.5,7.2,5.8,4.3,0,0,Data Analyst,1,SYNTHETIC,92.1,65.7
ST00585,Student ST00585,CSE,7,7.43,74.5,75.5,0,5.6,8.2,6.9,6.4,3.0,3.4,3.2,1.0,2,5,2,0,0,6.2,3.8,5.8,7.4,8.5,5.9,0,0,AI/ML Engineer,0,SYNTHETIC,78.5,89.0
ST00586,Student ST00586,ECE,7,6.09,69.4,67.6,0,2.7,6.2,4.0,3.2,2.8,4.2,2.3,1.0,3,1,1,0,3,6.1,6.8,2.8,4.8,4.7,3.9,1,0,Cybersecurity Specialist,0,SYNTHETIC,83.0,72.3
ST00587,Student ST00587,Mechanical,7,7.85,77.1,77.7,0,7.0,6.6,3.9,4.4,4.8,5.3,3.2,1.2,0,2,2,0,0,6.4,7.6,4.4,8.2,7.7,6.1,1,0,Data Analyst,1,SYNTHETIC,95.4,65.3
ST00588,Student ST00588,ECE,7,6.5,66.0,65.3,0,3.7,2.3,7.9,2.5,3.3,1.6,1.0,2.6,2,5,1,0,1,5.5,6.7,3.5,5.9,5.5,5.4,0,0,Full-Stack Developer,1,SYNTHETIC,96.6,79.3
ST00589,Student ST00589,CSE,8,6.98,64.9,67.5,0,4.3,5.1,6.7,4.3,5.1,4.1,3.5,2.5,0,1,1,1,0,6.1,6.5,4.3,7.1,4.5,4.3,0,1,Cloud/DevOps Engineer,0,SYNTHETIC,87.8,75.8
ST00590,Student ST00590,ECE,8,7.82,77.1,83.8,0,6.0,6.2,5.6,4.1,5.5,5.0,1.1,4.1,2,5,1,0,1,7.0,7.6,5.0,5.0,6.5,4.7,2,0,AI/ML Engineer,1,SYNTHETIC,79.1,86.4
ST00591,Student ST00591,CSE,7,6.62,69.9,74.4,0,5.2,4.0,3.0,5.9,4.5,5.0,2.6,3.4,2,1,2,0,0,5.6,8.2,5.5,8.1,6.8,6.3,1,1,AI/ML Engineer,1,SYNTHETIC,82.2,76.4
ST00592,Student ST00592,Mechanical,8,9.78,96.1,96.8,0,5.9,5.4,4.6,6.4,1.5,3.6,5.3,2.0,1,6,2,1,0,6.9,7.6,6.4,2.9,3.9,4.8,1,0,Full-Stack Developer,1,SYNTHETIC,85.7,75.0
ST00593,Student ST00593,ECE,8,9.53,93.6,89.2,0,6.5,6.6,7.5,6.4,5.3,5.6,3.1,2.2,2,1,2,1,1,7.8,8.3,5.9,5.1,5.0,4.7,1,0,Data Analyst,1,SYNTHETIC,88.1,84.9
ST00594,Student ST00594,ECE,7,8.03,84.9,75.9,0,8.4,5.2,7.0,6.7,1.7,5.2,3.7,3.6,0,4,2,0,0,7.9,8.5,8.4,7.4,6.2,7.2,0,1,QA Specialist,1,SYNTHETIC,90.4,88.5
ST00595,Student ST00595,Mechanical,8,8.12,83.3,85.4,0,5.7,5.4,7.0,9.5,4.3,6.0,5.4,3.0,0,5,2,1,1,7.0,6.5,7.3,4.2,3.3,5.5,2,0,Cybersecurity Specialist,0,SYNTHETIC,93.5,92.0
ST00596,Student ST00596,ECE,8,9.37,93.8,97.0,0,6.4,5.6,7.1,5.9,3.9,3.2,6.4,3.2,2,3,2,0,0,5.9,9.0,5.7,4.9,6.1,6.5,0,0,QA Specialist,1,SYNTHETIC,97.7,71.9
ST00597,Student ST00597,ECE,8,7.61,84.0,78.5,0,4.5,6.3,3.3,5.7,1.9,5.8,2.4,3.5,0,1,1,0,0,5.6,7.2,5.6,8.6,8.4,6.9,0,1,Data Analyst,1,SYNTHETIC,93.1,93.5
ST00598,Student ST00598,CSE,7,7.43,73.5,76.2,0,7.0,2.4,4.9,4.0,4.4,3.8,1.5,1.0,1,4,2,0,0,5.9,5.8,5.7,4.5,4.3,4.5,2,0,Full-Stack Developer,1,SYNTHETIC,97.2,71.5
ST00599,Student ST00599,CSE,7,7.3,78.4,78.8,0,5.9,4.0,8.9,5.5,3.7,5.5,6.4,1.0,0,2,2,0,0,5.6,6.5,6.6,5.7,6.3,4.6,0,0,Full-Stack Developer,0,SYNTHETIC,80.6,78.0
ST00600,Student ST00600,CSE,8,7.9,81.0,77.1,0,5.5,6.9,6.4,5.8,6.3,6.7,2.3,4.2,0,1,2,0,0,8.3,7.5,6.6,5.5,5.7,5.7,1,0,Cloud/DevOps Engineer,0,SYNTHETIC,80.4,78.7
ST00601,Student ST00601,CSE,8,9.18,92.3,86.8,0,4.9,7.9,5.2,6.3,5.1,7.2,4.5,4.8,0,3,2,1,0,7.4,7.0,5.7,5.7,4.8,5.3,0,0,Cybersecurity Specialist,1,SYNTHETIC,75.3,70.5
ST00602,Student ST00602,Mechanical,7,7.21,75.0,71.4,0,2.7,3.8,3.9,3.9,1.5,3.2,2.0,1.2,2,1,1,0,0,6.2,5.9,4.6,7.1,7.2,5.8,0,0,QA Specialist,0,SYNTHETIC,91.4,94.4
ST00603,Student ST00603,Mechanical,8,8.45,80.5,85.1,0,5.3,6.2,7.2,5.4,3.4,5.5,5.4,4.8,1,1,2,0,0,6.4,8.0,5.8,6.2,5.6,5.4,1,0,Cloud/DevOps Engineer,0,SYNTHETIC,78.1,78.8
ST00604,Student ST00604,CSE,7,7.05,71.1,66.4,0,4.8,4.1,4.1,2.9,5.1,2.6,3.0,1.5,2,2,1,0,0,8.6,7.3,3.2,5.3,6.1,3.6,1,0,AI/ML Engineer,1,SYNTHETIC,82.1,91.9
ST00605,Student ST00605,CSE,7,6.77,75.4,68.5,0,4.3,4.5,3.4,3.5,2.1,4.9,1.4,1.0,1,4,1,1,0,7.2,6.2,4.8,7.1,6.2,4.8,1,1,AI/ML Engineer,0,SYNTHETIC,78.2,71.0
ST00606,Student ST00606,ISE,7,7.72,77.2,78.5,0,8.0,6.8,5.4,6.1,5.9,4.5,7.7,4.0,1,1,2,1,0,8.9,7.8,7.6,4.3,4.4,6.9,0,0,Full-Stack Developer,0,SYNTHETIC,91.4,92.8
ST00607,Student ST00607,CSE,8,6.72,65.8,70.9,0,1.9,4.8,2.8,2.7,1.0,2.9,4.8,2.6,1,2,1,0,0,4.7,6.6,2.9,8.0,7.3,4.7,1,0,Data Analyst,1,SYNTHETIC,84.3,89.6
ST00608,Student ST00608,CSE,7,7.41,74.2,77.6,0,4.9,4.8,5.2,3.0,3.4,6.3,2.1,2.8,1,6,1,1,0,7.9,6.6,3.7,4.2,3.2,4.3,1,0,Cloud/DevOps Engineer,0,SYNTHETIC,80.1,79.5
ST00609,Student ST00609,ISE,8,8.16,80.7,80.7,0,4.9,4.9,7.1,4.1,3.8,6.9,4.0,1.7,0,3,1,1,1,7.1,7.3,4.6,4.9,5.9,5.3,1,0,AI/ML Engineer,1,SYNTHETIC,93.4,80.1
ST00610,Student ST00610,ECE,8,7.78,77.2,77.8,0,4.8,7.3,6.0,5.5,4.3,8.6,1.7,1.8,0,2,1,0,1,6.7,7.1,5.4,5.2,5.7,5.9,2,0,QA Specialist,1,SYNTHETIC,81.3,92.4
ST00611,Student ST00611,CSE,8,6.63,66.8,66.3,0,5.6,5.9,4.0,7.1,3.0,3.1,2.6,6.6,0,1,2,1,1,6.2,5.0,6.7,5.2,4.6,6.9,0,0,Cloud/DevOps Engineer,0,SYNTHETIC,79.2,92.2
ST00612,Student ST00612,ISE,8,6.85,70.4,75.5,0,6.0,4.4,5.4,5.7,3.5,5.8,3.8,5.4,1,2,2,0,0,5.7,7.1,5.3,7.0,5.8,6.2,0,0,Cybersecurity Specialist,0,SYNTHETIC,89.8,81.3
ST00613,Student ST00613,Mechanical,7,7.27,67.9,72.8,0,4.7,5.3,5.5,5.5,1.0,3.2,2.0,3.2,2,1,1,0,0,7.4,8.1,5.5,4.5,4.6,4.4,1,0,QA Specialist,0,SYNTHETIC,96.5,89.8
ST00614,Student ST00614,Mechanical,7,7.8,80.9,77.8,0,5.8,7.5,8.6,5.2,5.0,6.1,2.5,1.6,0,1,2,0,0,7.0,6.2,6.8,7.6,7.7,6.0,1,0,Data Analyst,1,SYNTHETIC,96.9,89.6
ST00615,Student ST00615,ISE,8,8.32,86.4,81.0,0,3.7,5.9,3.8,5.3,3.2,5.0,5.1,5.0,0,1,1,1,2,5.7,6.3,3.9,7.1,6.5,3.8,1,1,Data Analyst,0,SYNTHETIC,88.3,72.3
ST00616,Student ST00616,ECE,7,8.92,87.1,87.8,0,6.6,7.1,4.8,4.9,4.3,5.6,4.4,3.1,1,1,2,3,1,8.4,6.5,5.9,6.5,6.0,4.5,2,0,Cybersecurity Specialist,1,SYNTHETIC,95.3,61.6
ST00617,Student ST00617,ISE,7,6.75,71.9,69.1,0,6.6,4.7,2.3,2.4,1.4,4.7,5.2,1.7,2,6,1,0,0,5.2,4.5,2.8,6.8,5.7,5.3,0,0,Data Analyst,1,SYNTHETIC,76.2,79.6
ST00618,Student ST00618,ECE,8,6.65,71.0,70.3,0,4.9,4.2,5.2,5.7,1.0,4.9,3.6,2.9,3,4,2,0,1,6.7,5.8,5.7,8.5,9.0,8.5,1,0,Cloud/DevOps Engineer,1,SYNTHETIC,91.1,64.3
ST00619,Student ST00619,ECE,7,8.13,79.1,81.0,0,5.6,8.4,5.0,9.0,5.9,5.4,3.5,2.9,0,1,2,0,0,5.7,6.9,7.2,7.8,7.3,7.2,0,1,QA Specialist,1,SYNTHETIC,87.6,83.1
ST00620,Student ST00620,CSE,8,6.57,71.1,63.1,0,2.8,5.7,3.6,1.0,4.2,2.9,1.0,1.4,2,1,1,0,0,6.0,5.6,2.4,5.0,5.0,4.5,0,0,Data Analyst,0,SYNTHETIC,90.6,81.3
ST00621,Student ST00621,CSE,8,8.2,81.8,82.3,0,4.5,5.6,4.3,5.5,6.3,6.1,2.2,3.1,1,3,1,1,1,6.5,5.6,6.0,7.6,7.0,6.3,1,0,AI/ML Engineer,1,SYNTHETIC,98.6,90.0
ST00622,Student ST00622,CSE,8,8.64,88.8,79.0,0,6.0,7.5,7.7,8.0,2.8,4.4,5.6,2.7,1,1,2,1,2,5.6,6.8,7.1,8.1,7.9,7.2,0,0,Data Analyst,1,SYNTHETIC,76.2,91.6
ST00623,Student ST00623,Mechanical,7,5.59,59.0,62.3,0,3.3,4.8,3.3,4.1,3.8,4.3,1.5,4.0,1,6,1,0,0,6.8,6.5,2.7,5.6,6.5,4.9,1,0,Cybersecurity Specialist,0,SYNTHETIC,93.9,92.1
ST00624,Student ST00624,ECE,7,6.3,68.7,67.1,0,4.3,4.6,4.3,3.9,5.6,1.8,1.0,3.6,3,3,1,0,0,7.9,5.4,4.6,7.2,8.1,4.8,0,1,AI/ML Engineer,0,SYNTHETIC,86.4,87.8
ST00625,Student ST00625,CSE,8,6.95,80.1,73.9,0,5.8,7.1,5.1,4.4,5.4,4.8,4.0,2.7,0,4,1,0,0,7.7,6.3,6.2,7.4,7.2,7.5,0,0,QA Specialist,1,SYNTHETIC,84.2,80.5
ST00626,Student ST00626,ISE,8,8.23,87.4,79.2,0,6.3,7.5,6.9,6.6,4.2,7.1,5.9,4.0,1,3,2,1,0,7.9,7.7,7.1,5.2,4.7,5.3,1,0,Cloud/DevOps Engineer,1,SYNTHETIC,75.1,90.5
ST00627,Student ST00627,CSE,8,6.54,60.6,72.3,0,4.7,5.3,2.2,4.8,3.9,2.1,4.0,2.2,1,3,1,1,0,7.6,6.7,4.6,6.5,5.9,5.6,0,0,Data Analyst,1,SYNTHETIC,76.5,78.3
ST00628,Student ST00628,Mechanical,8,6.37,68.1,68.8,0,6.0,3.8,4.1,5.1,2.7,3.9,1.0,2.3,1,2,2,0,0,6.4,4.8,5.5,7.4,6.3,5.9,2,1,Cybersecurity Specialist,1,SYNTHETIC,82.0,81.1
ST00629,Student ST00629,CSE,8,7.16,78.9,78.3,0,6.3,7.6,8.2,5.4,2.6,4.6,8.2,1.0,0,3,2,0,0,4.5,6.2,4.8,7.9,5.6,6.5,2,1,Cloud/DevOps Engineer,0,SYNTHETIC,84.8,75.2
ST00630,Student ST00630,ISE,8,7.63,78.8,73.6,0,4.0,3.5,5.9,3.1,3.0,3.1,1.0,4.0,0,1,1,0,1,6.3,5.8,3.9,3.9,2.0,5.8,0,0,AI/ML Engineer,0,SYNTHETIC,78.3,86.0
ST00631,Student ST00631,ECE,8,8.25,78.7,82.3,0,6.8,4.3,5.1,6.6,2.3,4.7,1.0,1.4,0,3,2,2,1,6.9,7.2,7.5,6.6,7.8,7.4,0,0,Full-Stack Developer,1,SYNTHETIC,76.2,87.5
ST00632,Student ST00632,ECE,7,6.54,66.6,70.0,0,5.5,7.1,6.4,5.6,2.0,4.1,3.2,3.8,4,4,2,1,2,6.7,6.4,4.9,5.8,5.6,6.6,0,0,QA Specialist,0,SYNTHETIC,77.8,65.6
ST00633,Student ST00633,CSE,8,8.24,86.0,83.4,0,6.5,4.4,7.8,5.2,1.6,3.2,3.5,3.3,1,1,2,1,1,5.5,7.3,6.0,6.2,6.4,5.1,1,0,Data Analyst,1,SYNTHETIC,89.8,77.6
ST00634,Student ST00634,Mechanical,7,7.0,73.1,77.1,0,2.9,2.2,7.2,3.7,2.8,2.5,4.2,1.3,0,4,1,0,0,7.7,6.6,3.5,6.5,5.9,6.2,1,0,AI/ML Engineer,0,SYNTHETIC,96.2,79.0
ST00635,Student ST00635,ECE,8,8.5,84.1,84.9,0,3.5,3.9,5.7,5.3,2.7,6.4,4.0,3.2,1,3,1,2,0,5.1,7.1,3.9,5.1,5.6,6.3,0,0,QA Specialist,1,SYNTHETIC,87.6,87.7
ST00636,Student ST00636,Mechanical,7,7.99,80.3,83.1,0,6.6,7.0,7.6,7.8,5.2,5.5,4.6,7.8,1,1,2,0,0,6.9,7.1,7.5,7.5,5.8,7.1,2,0,Cybersecurity Specialist,1,SYNTHETIC,79.2,84.4
ST00637,Student ST00637,Mechanical,7,6.79,63.1,73.8,0,5.0,6.1,4.9,4.2,3.3,4.0,4.6,2.9,1,1,1,0,1,7.0,8.0,4.9,6.7,7.5,5.8,0,0,QA Specialist,0,SYNTHETIC,80.5,75.1
ST00638,Student ST00638,CSE,7,6.4,68.7,62.7,0,7.2,7.3,6.1,6.0,2.4,6.3,4.2,4.1,2,4,2,0,1,7.6,7.0,6.1,7.0,6.2,5.3,0,0,AI/ML Engineer,1,SYNTHETIC,98.6,89.2
ST00639,Student ST00639,CSE,8,8.45,83.6,87.9,0,6.3,4.3,4.5,5.2,2.8,2.7,3.1,3.2,3,3,2,1,0,7.4,7.1,5.4,4.1,4.4,5.3,2,0,Cybersecurity Specialist,1,SYNTHETIC,90.8,73.7
ST00640,Student ST00640,CSE,8,6.52,59.8,67.5,0,6.6,6.7,6.2,5.6,2.0,2.2,4.0,5.3,3,1,2,0,0,4.3,5.6,6.0,6.7,5.3,7.1,0,0,QA Specialist,0,SYNTHETIC,83.1,84.5
ST00641,Student ST00641,ISE,7,9.25,79.6,95.6,0,7.0,6.4,9.3,7.8,3.6,3.7,4.7,4.0,1,1,2,3,0,7.6,8.7,7.5,4.2,5.0,6.7,0,0,Data Analyst,1,SYNTHETIC,87.1,68.2
ST00642,Student ST00642,ECE,8,6.19,68.0,66.8,0,3.8,3.7,4.4,3.0,1.0,5.1,2.0,2.5,4,2,1,0,0,8.1,3.9,2.8,8.9,8.3,5.0,0,0,QA Specialist,0,SYNTHETIC,95.5,85.6
ST00643,Student ST00643,CSE,8,6.69,67.4,70.2,0,6.7,4.6,5.9,5.2,4.2,3.0,3.2,2.4,1,3,2,0,1,5.4,6.7,6.4,6.0,4.5,5.8,0,0,QA Specialist,0,SYNTHETIC,86.4,86.7
ST00644,Student ST00644,CSE,7,7.75,80.0,76.9,0,7.2,6.9,7.4,3.0,2.5,4.5,2.6,2.3,3,1,1,0,0,6.2,5.7,5.8,8.7,6.4,7.0,2,1,Data Analyst,1,SYNTHETIC,77.1,70.4
ST00645,Student ST00645,Mechanical,8,7.3,69.6,73.3,0,5.0,2.8,4.4,3.4,3.3,4.7,2.9,1.1,1,3,1,0,2,7.4,7.1,5.0,7.3,6.7,5.4,0,0,Full-Stack Developer,0,SYNTHETIC,88.1,75.2
ST00646,Student ST00646,ISE,7,5.2,55.0,55.7,0,1.0,3.9,5.3,5.5,1.9,3.3,1.6,1.6,0,5,1,0,0,6.3,4.8,3.6,7.5,7.2,6.0,2,0,Data Analyst,0,SYNTHETIC,87.1,70.2
ST00647,Student ST00647,ISE,8,8.38,80.6,77.8,0,5.6,4.3,8.4,4.9,2.4,4.8,5.0,3.2,0,3,2,3,1,5.0,5.4,4.7,6.6,6.8,5.0,0,0,Cybersecurity Specialist,1,SYNTHETIC,98.3,90.4
ST00648,Student ST00648,CSE,7,8.54,86.4,82.8,0,6.0,6.7,8.3,3.4,5.6,3.5,5.9,2.7,1,2,1,0,0,6.1,6.6,5.5,6.6,7.4,5.7,0,0,Cybersecurity Specialist,0,SYNTHETIC,85.5,81.3
ST00649,Student ST00649,CSE,7,8.59,89.3,87.9,0,7.4,6.1,8.6,8.5,6.5,6.1,3.5,4.4,3,3,2,1,0,5.9,7.2,8.5,6.5,5.8,8.3,2,0,Full-Stack Developer,1,SYNTHETIC,84.8,71.8
ST00650,Student ST00650,ISE,8,6.97,76.7,74.8,0,8.2,5.3,6.2,5.5,3.4,3.0,3.9,1.6,2,1,2,2,1,5.8,6.4,5.4,5.0,3.3,6.7,1,0,Full-Stack Developer,1,SYNTHETIC,95.7,82.2
ST00651,Student ST00651,CSE,8,6.75,64.9,68.0,0,8.1,6.0,4.2,4.1,1.8,4.7,3.1,2.9,1,3,2,0,1,5.6,4.8,6.6,6.4,6.3,5.7,3,0,Full-Stack Developer,1,SYNTHETIC,92.0,86.7
ST00652,Student ST00652,ISE,7,8.19,83.9,81.7,0,7.0,4.9,6.2,4.4,3.0,4.5,2.3,4.3,1,3,2,0,1,4.7,7.0,5.1,6.8,7.2,5.6,0,0,Cybersecurity Specialist,1,SYNTHETIC,79.8,82.8
ST00653,Student ST00653,CSE,8,6.8,71.3,66.1,0,5.8,3.2,5.5,5.8,1.8,2.5,2.1,1.0,0,3,2,2,1,3.9,6.5,7.0,2.0,2.8,4.2,1,0,Cloud/DevOps Engineer,0,SYNTHETIC,89.1,84.1
ST00654,Student ST00654,Mechanical,7,7.03,68.0,72.2,0,5.2,5.0,9.2,7.0,5.5,3.0,2.5,3.3,1,3,2,0,1,7.8,6.7,7.4,8.2,8.9,5.4,0,0,AI/ML Engineer,1,SYNTHETIC,83.6,74.4
ST00655,Student ST00655,ISE,7,7.45,80.4,78.8,0,7.2,4.2,3.0,2.0,1.9,5.5,2.3,3.5,1,4,1,0,3,8.7,6.9,4.7,8.1,7.1,7.0,0,0,QA Specialist,0,SYNTHETIC,79.9,60.4
ST00656,Student ST00656,CSE,7,6.7,67.9,73.2,1,2.8,2.8,2.1,3.7,1.9,4.5,1.6,2.5,1,4,1,1,1,3.3,7.1,3.9,6.8,3.6,5.7,0,0,Data Analyst,0,SYNTHETIC,79.3,92.9
ST00657,Student ST00657,CSE,7,8.41,81.0,86.6,0,6.6,7.0,8.2,7.2,5.8,4.4,5.0,4.4,1,3,2,0,0,7.9,7.2,8.1,5.8,5.2,5.9,0,0,Cybersecurity Specialist,0,SYNTHETIC,84.6,67.9
ST00658,Student ST00658,ISE,7,8.71,82.7,82.5,0,5.8,8.9,6.3,6.6,5.7,6.6,4.3,3.3,2,2,2,1,0,6.7,7.0,5.6,8.8,7.7,7.0,0,0,Data Analyst,1,SYNTHETIC,80.4,92.7
ST00659,Student ST00659,CSE,8,6.85,69.9,65.1,0,2.3,4.8,4.6,6.4,6.0,4.0,5.2,2.3,1,4,1,0,1,5.9,7.0,5.0,5.0,3.7,4.5,1,0,AI/ML Engineer,0,SYNTHETIC,80.8,66.9
ST00660,Student ST00660,Mechanical,7,8.45,84.4,80.5,0,7.6,6.1,6.8,4.8,5.6,8.2,2.6,1.6,1,2,2,1,0,6.4,7.5,6.7,6.5,6.3,7.0,1,0,Full-Stack Developer,1,SYNTHETIC,81.1,69.8
ST00661,Student ST00661,ISE,7,7.13,70.7,69.3,1,9.1,5.8,6.8,6.1,6.1,7.3,1.5,4.4,1,2,2,0,1,4.9,8.1,8.4,5.0,4.9,7.9,2,0,QA Specialist,1,SYNTHETIC,94.7,79.0
ST00662,Student ST00662,CSE,8,6.72,69.2,72.7,0,5.6,5.5,4.5,3.3,2.3,2.8,1.0,4.3,1,1,1,1,0,6.3,7.4,4.3,5.9,6.2,4.3,0,0,Full-Stack Developer,0,SYNTHETIC,88.0,62.8
ST00663,Student ST00663,Mechanical,8,7.86,84.6,81.7,0,5.6,5.8,6.7,4.4,5.1,3.6,4.2,3.9,0,2,1,0,0,10.0,7.6,4.9,8.1,8.3,5.3,1,0,Data Analyst,0,SYNTHETIC,90.5,65.1
ST00664,Student ST00664,CSE,7,8.07,79.6,80.8,0,7.3,6.7,6.5,7.0,1.6,7.4,3.8,2.5,3,1,2,0,1,8.6,5.8,6.9,5.0,5.1,5.9,4,0,Data Analyst,1,SYNTHETIC,87.4,74.2
ST00665,Student ST00665,ISE,8,6.94,72.8,67.3,0,6.9,6.4,7.0,4.7,3.2,6.0,2.5,5.4,1,4,2,1,0,7.7,5.9,5.6,5.6,6.1,5.8,0,0,Cybersecurity Specialist,0,SYNTHETIC,81.7,75.4
ST00666,Student ST00666,ECE,8,8.72,82.9,90.6,0,7.0,6.4,7.7,5.3,6.6,5.9,6.5,3.6,3,3,2,0,0,6.9,4.7,5.6,5.5,7.7,6.1,0,0,Cloud/DevOps Engineer,0,SYNTHETIC,89.1,91.5
ST00667,Student ST00667,CSE,8,8.55,84.3,83.9,0,3.4,7.5,6.8,3.2,3.9,4.4,2.9,2.3,0,1,1,2,0,8.9,5.2,4.1,6.0,4.9,3.2,0,0,QA Specialist,1,SYNTHETIC,80.0,83.0
ST00668,Student ST00668,Mechanical,8,5.83,61.8,55.0,2,2.7,3.7,3.4,3.0,4.2,1.4,1.0,1.0,2,4,1,0,0,7.9,4.5,2.9,5.0,5.2,2.1,1,0,Cybersecurity Specialist,0,SYNTHETIC,76.6,77.7
ST00669,Student ST00669,Mechanical,7,7.35,74.3,76.5,0,2.2,2.0,4.4,3.4,4.3,4.1,1.5,1.7,2,3,1,0,1,5.6,7.6,2.8,5.4,6.3,4.7,1,0,Full-Stack Developer,0,SYNTHETIC,90.2,78.9
ST00670,Student ST00670,ECE,8,7.27,69.1,76.1,0,5.2,5.4,4.5,4.2,3.3,3.0,3.1,2.3,3,3,1,0,0,7.7,6.3,4.2,4.4,4.4,5.7,0,0,Cybersecurity Specialist,0,SYNTHETIC,75.7,86.4
ST00671,Student ST00671,ISE,8,7.48,76.8,75.5,0,8.0,5.9,3.1,6.6,4.0,3.0,1.4,5.0,0,1,2,0,0,5.4,7.8,7.3,4.2,5.6,6.0,2,0,Cybersecurity Specialist,0,SYNTHETIC,95.6,70.5
ST00672,Student ST00672,CSE,8,7.29,74.9,74.4,0,7.3,5.5,4.4,3.6,3.9,3.5,2.3,1.7,1,2,2,0,0,5.9,7.0,6.0,5.4,6.0,5.9,2,0,Data Analyst,0,SYNTHETIC,94.7,77.8
ST00673,Student ST00673,ISE,8,6.44,62.4,64.8,0,5.6,4.4,3.5,4.1,2.2,2.6,2.4,1.9,0,1,1,1,0,6.8,6.3,5.4,5.8,4.6,4.8,0,0,Cybersecurity Specialist,0,SYNTHETIC,89.6,72.9
ST00674,Student ST00674,ISE,7,6.26,68.2,61.4,0,7.7,6.0,6.4,4.6,2.5,5.7,1.6,2.8,1,3,2,1,0,6.5,7.1,5.2,4.0,4.8,4.0,0,0,Cloud/DevOps Engineer,1,SYNTHETIC,92.4,80.3
ST00675,Student ST00675,Mechanical,8,6.96,67.9,69.0,0,5.5,8.0,3.1,4.5,2.3,3.9,3.9,1.0,2,2,1,1,0,5.3,6.0,4.5,6.1,6.5,4.1,0,0,AI/ML Engineer,1,SYNTHETIC,91.4,88.8
ST00676,Student ST00676,CSE,8,8.28,81.7,79.9,0,5.3,4.9,7.3,7.0,5.9,3.5,4.0,2.1,1,4,2,0,1,7.3,6.2,5.8,5.6,4.7,5.8,0,0,Cloud/DevOps Engineer,1,SYNTHETIC,83.9,89.8
ST00677,Student ST00677,Mechanical,7,7.12,78.2,74.4,0,7.4,7.6,8.3,8.3,3.1,7.5,3.5,4.8,0,3,2,1,0,7.9,4.7,8.6,8.8,8.1,7.9,0,1,QA Specialist,1,SYNTHETIC,87.6,78.2
ST00678,Student ST00678,ISE,7,8.96,90.1,86.1,0,4.8,4.7,8.4,8.1,5.0,3.6,4.9,2.8,1,1,2,0,1,7.0,7.1,7.2,3.7,2.3,4.8,0,0,Full-Stack Developer,1,SYNTHETIC,94.1,94.1
ST00679,Student ST00679,ISE,8,7.07,71.7,77.8,0,5.8,5.3,5.6,5.5,1.0,4.2,5.0,8.8,1,3,2,0,0,6.1,7.3,4.9,7.1,6.8,6.5,0,1,Full-Stack Developer,1,SYNTHETIC,90.8,69.6
ST00680,Student ST00680,ISE,8,6.84,73.9,70.2,0,6.4,3.6,3.7,5.5,1.5,3.2,1.0,4.4,1,1,2,1,1,4.6,5.5,6.9,7.7,6.7,6.6,2,0,Data Analyst,1,SYNTHETIC,89.7,75.8
ST00681,Student ST00681,CSE,7,6.86,69.4,75.5,0,4.7,4.1,4.5,5.1,4.0,3.2,1.7,1.6,1,5,1,0,2,5.8,5.0,5.0,5.6,6.0,5.2,0,0,QA Specialist,0,SYNTHETIC,83.6,94.9
ST00682,Student ST00682,ECE,8,5.14,58.0,51.3,0,1.0,3.8,2.5,2.4,2.3,1.0,2.0,2.6,0,1,1,0,1,4.9,5.5,1.4,6.8,6.9,3.6,0,0,Cybersecurity Specialist,0,SYNTHETIC,98.2,63.1
ST00683,Student ST00683,Mechanical,7,6.67,68.6,66.0,0,5.9,3.5,5.4,4.4,3.7,4.1,1.8,4.3,1,2,1,0,1,5.8,6.3,5.4,4.3,3.8,4.9,1,0,AI/ML Engineer,1,SYNTHETIC,92.9,88.3
ST00684,Student ST00684,CSE,7,8.72,89.0,84.6,0,4.0,3.8,5.7,4.8,1.1,5.3,5.0,4.8,1,2,1,2,1,6.3,7.3,4.8,3.9,5.2,4.6,1,0,Cloud/DevOps Engineer,0,SYNTHETIC,96.9,75.8
ST00685,Student ST00685,ISE,8,6.82,68.1,76.2,0,4.4,2.8,3.6,3.4,4.9,4.3,3.8,1.0,0,5,1,0,0,6.3,6.3,3.9,6.7,8.4,7.1,0,0,Data Analyst,1,SYNTHETIC,86.2,82.2
ST00686,Student ST00686,ISE,7,7.55,78.9,67.3,0,4.5,8.0,5.4,4.4,5.0,5.4,4.8,5.9,2,4,1,2,2,5.4,6.7,3.9,6.4,8.0,6.7,2,0,Cybersecurity Specialist,1,SYNTHETIC,96.3,80.1
ST00687,Student ST00687,CSE,7,6.25,66.6,68.4,0,2.5,3.8,5.7,5.5,2.1,1.9,1.8,1.4,2,4,1,0,0,6.4,3.5,5.4,6.4,7.4,4.3,2,0,AI/ML Engineer,1,SYNTHETIC,96.6,88.7
ST00688,Student ST00688,ECE,8,8.8,91.8,86.8,0,4.5,2.8,6.6,5.6,4.2,4.7,1.7,3.5,0,1,1,1,0,6.7,8.7,4.8,5.2,4.6,5.0,1,0,AI/ML Engineer,0,SYNTHETIC,76.5,74.1
ST00689,Student ST00689,ECE,7,5.64,56.3,52.3,0,6.1,3.9,5.2,2.9,1.0,4.0,3.4,5.0,2,3,1,0,0,5.6,4.6,3.8,8.3,7.8,7.7,0,0,Data Analyst,1,SYNTHETIC,82.0,73.4
ST00690,Student ST00690,ISE,7,8.7,80.6,87.7,0,6.3,7.2,9.5,7.0,5.9,7.5,5.3,3.8,0,1,2,2,0,6.6,5.4,7.7,8.1,7.1,8.0,1,0,QA Specialist,1,SYNTHETIC,91.1,76.0
ST00691,Student ST00691,CSE,7,8.19,88.8,79.3,0,4.9,7.0,7.3,9.3,4.9,6.2,3.1,4.2,1,1,2,1,0,6.3,7.8,7.7,6.7,5.1,7.3,0,0,AI/ML Engineer,1,SYNTHETIC,91.7,68.1
ST00692,Student ST00692,ISE,8,7.29,78.6,80.3,0,5.9,5.3,6.1,6.4,2.6,5.0,3.0,1.3,0,2,2,0,1,6.2,6.6,6.8,5.1,5.8,5.2,0,0,QA Specialist,1,SYNTHETIC,94.1,69.7
ST00693,Student ST00693,CSE,8,10.0,98.0,97.0,0,5.8,8.1,8.1,7.1,4.1,7.4,3.4,7.6,0,2,2,2,0,8.0,7.1,5.8,5.9,5.5,5.8,1,0,Full-Stack Developer,1,SYNTHETIC,78.8,74.1
ST00694,Student ST00694,Mechanical,7,6.94,71.2,65.5,0,7.2,7.8,6.8,3.1,6.5,4.2,2.7,3.7,2,4,1,1,0,7.0,5.9,4.2,5.0,5.8,4.8,1,0,Cybersecurity Specialist,1,SYNTHETIC,95.7,69.0
ST00695,Student ST00695,ISE,7,7.48,77.1,74.0,0,4.1,5.7,5.2,5.3,2.0,5.2,3.5,3.8,2,1,1,1,0,4.9,7.4,4.7,4.0,3.9,3.2,4,0,AI/ML Engineer,1,SYNTHETIC,94.5,92.3
ST00696,Student ST00696,ECE,7,7.54,77.5,80.4,0,7.7,4.4,7.8,3.7,4.3,3.7,4.9,2.1,0,3,2,2,0,7.1,7.6,5.3,3.6,4.7,4.6,0,0,AI/ML Engineer,1,SYNTHETIC,89.1,90.6
ST00697,Student ST00697,CSE,7,8.51,80.1,82.5,0,6.1,5.8,5.0,3.3,5.6,5.8,5.3,2.9,0,1,1,1,0,6.6,7.3,3.7,7.7,7.4,5.4,1,1,Cybersecurity Specialist,1,SYNTHETIC,89.8,91.5
ST00698,Student ST00698,ECE,7,6.8,72.1,69.8,0,6.1,8.1,6.6,4.6,8.9,3.5,1.0,1.0,1,4,2,0,0,5.1,4.2,5.7,5.9,4.4,5.5,1,0,QA Specialist,1,SYNTHETIC,84.9,92.4
ST00699,Student ST00699,Mechanical,7,6.61,67.3,68.2,0,2.9,1.1,4.1,1.0,3.4,2.2,1.0,1.9,1,1,1,0,0,4.6,6.2,1.7,6.4,6.5,3.8,1,0,Cybersecurity Specialist,0,SYNTHETIC,85.7,75.3
ST00700,Student ST00700,CSE,8,9.33,91.3,94.3,0,6.2,5.5,9.4,6.5,3.6,3.3,6.9,3.3,2,3,2,0,0,7.7,7.8,6.1,7.2,5.4,7.2,0,0,QA Specialist,1,SYNTHETIC,91.4,65.0
ST00701,Student ST00701,ECE,7,8.59,90.4,83.1,0,6.8,6.9,5.4,8.7,5.7,6.6,5.8,4.4,1,2,2,0,0,7.1,8.3,7.9,5.8,5.5,5.5,0,0,Cybersecurity Specialist,1,SYNTHETIC,97.4,61.4
ST00702,Student ST00702,ISE,8,8.26,84.0,79.3,0,4.5,5.6,9.5,8.3,4.1,5.2,2.2,2.1,0,3,2,2,0,5.7,5.3,7.2,5.1,4.1,6.4,0,0,QA Specialist,1,SYNTHETIC,76.8,91.9
ST00703,Student ST00703,Mechanical,7,6.7,64.2,66.4,0,4.2,3.7,4.3,2.0,1.0,3.1,2.1,1.5,2,4,1,0,0,7.7,5.7,2.1,5.6,4.7,3.5,1,0,Data Analyst,1,SYNTHETIC,92.0,74.6
ST00704,Student ST00704,ISE,7,8.25,83.7,84.6,0,7.3,6.3,4.0,6.1,5.1,4.6,3.8,2.3,1,4,2,0,0,6.8,5.8,7.3,4.4,3.8,4.3,0,0,AI/ML Engineer,1,SYNTHETIC,98.8,77.8
ST00705,Student ST00705,ISE,8,7.44,73.5,76.4,0,4.7,5.9,7.2,6.5,5.2,5.1,2.1,1.9,2,2,2,0,0,9.4,7.4,4.9,5.1,7.1,5.2,0,0,Full-Stack Developer,0,SYNTHETIC,87.5,80.2
ST00706,Student ST00706,ISE,8,6.55,70.8,70.0,1,2.8,2.8,3.5,3.1,2.3,1.6,1.4,1.2,1,1,1,0,1,6.9,7.2,3.2,4.7,4.4,2.8,1,0,AI/ML Engineer,0,SYNTHETIC,77.9,61.2
ST00707,Student ST00707,ISE,7,8.05,83.9,81.0,0,4.0,5.6,5.1,6.2,4.1,7.7,5.1,3.8,3,2,1,1,0,4.9,7.0,6.4,6.7,5.8,4.6,0,0,Data Analyst,1,SYNTHETIC,94.7,85.4
ST00708,Student ST00708,Mechanical,7,7.29,74.5,74.3,0,4.0,4.2,4.2,1.3,4.9,2.2,2.6,2.7,1,4,1,0,0,4.7,5.4,2.5,5.2,1.6,4.5,1,0,Data Analyst,1,SYNTHETIC,90.9,77.6
ST00709,Student ST00709,CSE,8,8.4,81.4,80.0,0,5.3,7.1,7.1,6.5,5.5,6.4,5.2,4.3,0,1,2,2,0,6.0,6.1,5.8,6.0,5.9,6.7,1,0,Cloud/DevOps Engineer,1,SYNTHETIC,76.3,80.5
ST00710,Student ST00710,ISE,7,7.47,79.5,76.0,0,4.6,7.8,4.8,3.0,5.0,4.6,2.9,2.2,2,4,1,1,1,6.0,6.4,3.5,5.4,6.3,3.3,0,0,AI/ML Engineer,1,SYNTHETIC,89.3,76.5
ST00711,Student ST00711,ISE,7,7.53,68.2,82.1,0,5.4,2.5,4.2,2.7,1.1,4.4,3.9,1.9,2,6,1,2,0,9.0,7.8,3.6,7.3,6.8,4.2,0,0,Data Analyst,1,SYNTHETIC,87.0,91.6
ST00712,Student ST00712,CSE,8,8.42,84.9,81.4,0,6.5,5.9,6.3,4.8,3.6,8.1,5.6,1.2,0,1,2,0,0,5.1,5.9,5.5,7.7,5.9,5.9,0,1,Full-Stack Developer,1,SYNTHETIC,86.5,93.1
ST00713,Student ST00713,ECE,8,9.31,93.9,92.8,0,7.5,5.9,7.0,5.1,6.0,6.0,7.1,7.3,4,3,2,1,0,8.1,7.8,5.4,7.3,5.9,6.0,0,1,Full-Stack Developer,1,SYNTHETIC,84.7,81.8
ST00714,Student ST00714,CSE,8,7.26,79.2,76.5,0,5.4,7.2,6.3,2.1,5.5,5.9,4.9,1.0,2,2,1,0,0,6.9,6.9,1.1,5.3,3.9,4.7,0,0,Cloud/DevOps Engineer,0,SYNTHETIC,75.3,76.6
ST00715,Student ST00715,ECE,7,8.65,80.8,79.7,0,6.5,7.3,7.8,6.1,4.1,7.7,5.7,4.2,1,6,2,1,0,7.6,6.8,7.8,6.2,5.1,6.5,0,0,Cloud/DevOps Engineer,1,SYNTHETIC,92.0,94.0
ST00716,Student ST00716,CSE,7,7.08,67.5,71.2,0,2.8,4.8,5.7,3.6,3.1,4.3,1.2,3.8,3,3,1,0,1,4.8,6.5,3.5,4.8,4.2,2.4,0,0,AI/ML Engineer,0,SYNTHETIC,90.6,76.5
ST00717,Student ST00717,ECE,7,7.3,75.3,70.3,0,9.3,6.2,5.6,2.9,5.0,3.8,2.5,4.7,1,3,2,0,1,7.6,5.1,4.4,9.5,8.8,7.7,1,0,Cloud/DevOps Engineer,1,SYNTHETIC,89.8,90.5
ST00718,Student ST00718,Mechanical,7,9.14,88.4,87.9,0,7.1,6.7,5.2,6.9,4.1,4.9,4.3,2.3,0,2,2,2,0,7.0,6.5,5.0,5.2,5.7,7.0,2,0,Data Analyst,1,SYNTHETIC,94.4,73.3
ST00719,Student ST00719,ECE,8,6.9,73.5,74.6,0,3.1,2.8,5.4,2.1,3.1,4.3,2.6,3.9,0,1,1,0,0,8.3,5.7,3.4,5.5,6.2,4.5,1,0,Cloud/DevOps Engineer,1,SYNTHETIC,90.5,89.9
ST00720,Student ST00720,CSE,7,8.78,88.1,92.8,0,5.3,5.0,3.9,5.6,1.3,3.4,1.0,5.0,2,2,2,0,1,8.6,5.8,5.8,6.1,5.9,6.4,1,0,Data Analyst,1,SYNTHETIC,91.7,84.8
ST00721,Student ST00721,ISE,7,6.18,62.1,64.1,0,4.7,4.9,6.7,4.4,5.5,2.2,2.5,1.0,5,2,1,0,0,4.3,7.4,4.5,5.6,6.8,4.7,0,0,QA Specialist,0,SYNTHETIC,80.2,69.0
ST00722,Student ST00722,ECE,8,8.22,75.4,73.1,0,3.7,3.4,6.4,6.6,4.9,6.2,5.3,1.0,0,1,1,2,1,6.4,5.5,6.5,5.6,6.8,5.6,1,0,Full-Stack Developer,1,SYNTHETIC,87.6,90.0
ST00723,Student ST00723,CSE,7,6.66,61.5,66.9,0,4.1,6.0,5.5,6.3,1.0,2.8,2.6,5.8,0,2,1,0,0,6.9,5.4,6.2,8.1,8.1,6.3,0,0,Data Analyst,0,SYNTHETIC,88.9,70.8
ST00724,Student ST00724,CSE,7,5.49,55.5,65.3,0,3.9,3.6,4.8,5.1,4.8,3.3,1.0,2.7,0,2,1,0,1,4.1,6.0,3.5,8.2,8.0,5.3,1,0,AI/ML Engineer,0,SYNTHETIC,90.3,77.5
ST00725,Student ST00725,ECE,7,9.65,95.3,97.0,0,6.4,8.0,7.2,6.6,5.7,7.0,2.6,5.1,0,3,2,1,1,6.1,6.3,6.5,3.3,3.0,3.8,0,0,Full-Stack Developer,1,SYNTHETIC,92.6,81.1
ST00726,Student ST00726,Mechanical,7,6.25,67.6,64.0,0,4.4,2.8,5.1,4.2,2.2,2.5,2.1,1.0,3,2,1,0,0,7.5,7.4,4.9,4.9,6.1,4.9,1,0,Cloud/DevOps Engineer,0,SYNTHETIC,82.4,76.7
ST00727,Student ST00727,CSE,8,6.42,66.3,66.2,0,4.5,4.1,2.1,7.2,1.0,2.6,2.7,1.2,2,2,2,0,0,5.4,4.2,6.2,9.3,9.0,7.1,0,0,Cloud/DevOps Engineer,1,SYNTHETIC,85.9,87.5
ST00728,Student ST00728,ISE,7,8.2,83.1,81.3,0,5.1,5.3,5.4,7.1,4.0,3.4,2.6,1.0,1,4,2,0,2,5.9,6.3,5.6,4.5,6.1,4.7,0,0,Cybersecurity Specialist,1,SYNTHETIC,76.2,73.1
ST00729,Student ST00729,CSE,7,7.39,79.5,74.7,0,4.6,4.6,6.2,8.2,5.9,5.6,3.8,5.2,1,2,2,0,0,5.9,5.3,6.6,6.5,4.7,5.8,1,0,QA Specialist,1,SYNTHETIC,79.7,67.4
ST00730,Student ST00730,CSE,7,7.42,75.6,73.1,0,4.6,6.3,3.1,6.1,1.0,4.5,4.4,1.0,0,2,2,1,0,7.6,8.4,5.6,7.5,7.5,6.8,0,0,QA Specialist,1,SYNTHETIC,79.6,88.6
ST00731,Student ST00731,ECE,7,5.75,65.7,66.2,0,3.1,3.3,3.8,4.8,1.0,2.6,2.0,2.4,2,4,1,0,0,5.2,5.9,4.9,5.6,5.8,4.4,0,0,Data Analyst,1,SYNTHETIC,83.8,83.2
ST00732,Student ST00732,ECE,8,6.14,59.0,60.8,0,5.8,5.7,9.5,4.7,3.7,7.0,3.7,1.2,3,3,1,0,1,5.7,4.0,5.6,9.2,9.3,6.2,0,0,Cybersecurity Specialist,1,SYNTHETIC,81.6,76.5
ST00733,Student ST00733,ECE,7,7.91,80.1,77.7,0,6.9,3.9,6.0,4.0,4.2,4.2,2.9,1.3,2,2,2,0,0,5.9,8.0,6.1,2.8,3.6,4.2,1,0,AI/ML Engineer,0,SYNTHETIC,75.0,91.5
ST00734,Student ST00734,ISE,8,7.05,69.9,70.5,0,5.1,6.2,5.4,4.5,4.0,5.1,3.7,1.5,1,4,1,0,0,5.0,5.1,4.6,4.8,6.2,5.0,0,0,Full-Stack Developer,0,SYNTHETIC,96.6,73.5
ST00735,Student ST00735,CSE,8,6.97,67.8,75.0,0,3.4,4.8,5.4,5.3,1.0,4.0,1.2,3.1,0,6,1,1,0,5.3,6.4,3.8,3.6,3.8,4.1,0,0,AI/ML Engineer,1,SYNTHETIC,84.0,64.6
ST00736,Student ST00736,CSE,8,8.9,90.5,80.4,0,7.0,8.8,5.9,4.4,4.8,5.3,4.6,4.5,3,3,2,0,0,6.1,5.8,6.2,6.3,6.7,6.3,1,0,Data Analyst,1,SYNTHETIC,83.3,62.0
ST00737,Student ST00737,CSE,8,6.69,74.5,68.4,0,4.5,6.1,6.3,2.8,3.6,4.6,2.8,4.9,1,4,1,1,1,7.3,5.7,3.3,5.2,5.2,4.4,2,0,Cybersecurity Specialist,0,SYNTHETIC,79.9,77.2
ST00738,Student ST00738,CSE,7,6.2,57.6,64.3,0,3.6,3.8,6.3,4.5,2.7,1.3,2.3,3.3,0,2,1,0,0,5.3,5.2,2.7,5.1,5.2,5.2,1,0,Cybersecurity Specialist,1,SYNTHETIC,77.2,76.2
ST00739,Student ST00739,ECE,7,6.93,72.9,69.7,0,2.5,3.0,4.1,3.4,1.6,5.8,3.5,5.6,1,1,1,0,0,5.5,5.4,2.6,3.2,4.5,4.1,4,0,QA Specialist,0,SYNTHETIC,89.8,91.1
ST00740,Student ST00740,ECE,8,7.62,77.0,76.0,0,4.5,4.7,5.3,4.8,2.8,3.9,2.0,3.0,0,2,1,0,1,6.4,7.1,4.7,9.0,8.4,6.9,0,0,Cloud/DevOps Engineer,1,SYNTHETIC,82.8,89.8
ST00741,Student ST00741,Mechanical,7,5.18,55.9,52.1,0,5.6,4.5,5.8,2.8,2.3,1.9,1.2,1.0,1,2,1,0,0,5.5,4.7,3.5,7.8,8.4,5.3,0,0,AI/ML Engineer,0,SYNTHETIC,77.9,77.5
ST00742,Student ST00742,CSE,8,8.55,91.4,83.2,0,4.3,5.3,6.9,6.5,3.5,4.9,3.2,3.0,1,3,2,0,0,6.9,7.0,4.1,7.1,6.5,7.6,0,0,QA Specialist,0,SYNTHETIC,81.4,92.4
ST00743,Student ST00743,ECE,8,6.87,63.4,67.6,0,4.0,3.8,3.9,6.8,4.2,5.3,3.2,1.0,2,1,2,0,0,4.4,6.5,5.7,7.9,8.6,6.9,2,0,Full-Stack Developer,0,SYNTHETIC,95.5,81.7
ST00744,Student ST00744,ISE,8,8.12,81.8,77.3,0,7.0,5.0,7.7,3.8,6.6,3.2,2.5,3.4,2,1,2,1,0,6.6,4.6,5.8,7.2,8.4,5.3,1,0,Cloud/DevOps Engineer,1,SYNTHETIC,77.3,91.3
ST00745,Student ST00745,Mechanical,7,8.53,89.9,88.5,0,5.6,6.9,5.8,6.2,3.8,5.7,5.8,3.0,1,1,2,2,0,7.0,6.9,6.2,4.1,5.4,4.8,1,0,QA Specialist,1,SYNTHETIC,90.8,79.2
ST00746,Student ST00746,CSE,7,6.43,62.9,62.0,1,4.3,3.5,4.7,3.1,5.3,3.1,2.0,1.0,1,3,1,0,1,7.2,6.9,5.0,8.0,6.9,5.5,1,0,Cybersecurity Specialist,0,SYNTHETIC,85.5,90.1
ST00747,Student ST00747,CSE,7,8.28,77.4,82.9,0,3.0,5.9,6.3,5.6,3.2,2.7,1.4,1.3,2,2,1,1,0,6.8,6.1,4.8,6.6,6.9,4.1,1,0,Full-Stack Developer,1,SYNTHETIC,97.4,91.6
ST00748,Student ST00748,ISE,8,6.73,65.9,67.2,0,4.4,3.3,2.1,5.9,3.6,3.9,2.5,1.8,1,3,1,1,0,7.1,5.5,5.1,5.4,4.1,5.1,0,0,Cybersecurity Specialist,1,SYNTHETIC,85.2,86.4
ST00749,Student ST00749,Mechanical,7,7.65,83.4,72.5,0,4.2,2.5,4.7,6.4,4.5,5.8,2.0,1.0,2,3,2,0,1,7.2,8.0,6.2,8.8,8.2,6.4,0,0,QA Specialist,1,SYNTHETIC,77.3,87.8
ST00750,Student ST00750,CSE,7,8.74,85.0,82.0,0,6.2,3.4,5.4,7.2,4.2,4.6,3.3,1.5,1,1,2,2,0,8.7,7.8,7.7,4.8,3.7,6.4,0,0,Data Analyst,1,SYNTHETIC,97.7,75.2
ST00751,Student ST00751,ISE,8,7.7,75.4,74.2,0,4.5,4.8,5.1,8.9,2.1,3.8,2.7,2.4,1,4,2,1,0,6.5,7.3,6.7,6.6,6.9,5.5,0,0,Full-Stack Developer,1,SYNTHETIC,98.0,74.2
ST00752,Student ST00752,CSE,7,9.24,89.0,80.4,0,7.1,5.7,7.5,7.9,3.5,5.5,6.6,2.9,1,1,2,1,0,6.9,7.3,6.4,7.2,6.1,7.7,1,0,QA Specialist,1,SYNTHETIC,98.3,91.9
ST00753,Student ST00753,ISE,7,8.5,90.9,86.9,0,5.5,5.7,8.2,5.7,4.3,7.2,3.5,2.3,1,4,2,1,2,7.2,6.5,5.4,6.1,6.1,5.5,0,0,Cybersecurity Specialist,1,SYNTHETIC,95.8,85.7
ST00754,Student ST00754,Mechanical,8,7.07,66.9,75.7,0,6.8,4.7,4.9,7.0,6.3,4.5,2.1,4.1,1,4,2,0,0,7.3,5.1,7.4,5.1,4.9,5.0,0,0,Cybersecurity Specialist,1,SYNTHETIC,97.0,72.6
ST00755,Student ST00755,CSE,8,7.33,77.2,69.8,0,6.4,3.2,8.6,6.9,3.7,3.6,3.1,3.1,3,1,2,0,0,6.7,7.0,6.2,5.6,6.7,7.2,3,0,Cybersecurity Specialist,1,SYNTHETIC,83.6,78.0
ST00756,Student ST00756,Mechanical,8,9.91,96.2,94.0,0,7.0,6.8,7.9,5.1,4.2,8.3,4.5,3.5,1,5,2,2,0,7.8,8.4,5.1,6.2,5.7,6.2,1,0,AI/ML Engineer,1,SYNTHETIC,77.3,79.9
ST00757,Student ST00757,CSE,7,8.32,77.6,87.3,0,8.3,6.2,6.2,6.6,4.5,4.9,3.4,3.3,1,1,2,0,0,6.1,4.9,8.0,8.4,8.0,8.4,0,0,QA Specialist,1,SYNTHETIC,80.1,86.4
ST00758,Student ST00758,CSE,7,7.37,70.1,81.8,0,5.4,3.5,1.2,5.9,4.1,5.9,2.8,3.0,1,5,2,1,0,8.2,6.1,6.7,6.2,6.3,5.8,0,0,Cybersecurity Specialist,1,SYNTHETIC,77.2,75.1
ST00759,Student ST00759,CSE,8,5.32,59.5,60.7,0,4.6,1.0,3.9,3.8,3.3,1.0,3.2,1.1,2,1,1,0,0,6.7,4.1,4.2,6.9,6.9,4.3,0,0,Data Analyst,0,SYNTHETIC,95.9,72.3
ST00760,Student ST00760,CSE,7,9.25,84.9,97.0,0,6.7,5.7,6.4,5.5,3.3,6.3,5.9,2.2,1,2,2,1,1,7.8,7.7,6.0,6.3,6.0,5.1,0,0,AI/ML Engineer,1,SYNTHETIC,89.9,80.3
ST00761,Student ST00761,Mechanical,7,7.99,77.6,79.7,0,5.3,5.0,4.6,6.8,5.0,4.8,5.3,4.0,1,3,2,0,1,6.1,6.4,4.9,5.9,7.4,5.3,0,0,Cloud/DevOps Engineer,1,SYNTHETIC,83.6,87.4
ST00762,Student ST00762,CSE,8,6.03,67.8,68.1,0,5.4,5.2,4.4,5.0,5.0,4.6,1.1,1.9,2,5,1,0,0,4.4,6.4,5.7,9.5,8.7,5.6,1,1,Cybersecurity Specialist,1,SYNTHETIC,90.1,61.2
ST00763,Student ST00763,ECE,8,6.76,74.2,72.4,0,3.4,3.0,2.0,2.9,1.0,4.8,4.0,1.7,4,3,1,0,1,5.4,5.2,3.2,3.6,3.3,2.5,0,0,Data Analyst,0,SYNTHETIC,81.4,84.7
ST00764,Student ST00764,Mechanical,7,6.9,70.9,71.5,0,4.3,6.0,4.4,4.6,2.2,3.4,1.8,3.4,0,1,1,0,0,4.5,6.4,5.0,5.4,7.0,4.8,0,0,Data Analyst,1,SYNTHETIC,80.7,94.0
ST00765,Student ST00765,ECE,8,6.34,66.7,59.2,0,3.4,3.8,5.4,2.6,3.1,1.5,3.7,3.9,3,1,1,0,0,5.0,6.1,3.2,7.6,7.6,5.6,0,0,AI/ML Engineer,0,SYNTHETIC,95.6,85.6
ST00766,Student ST00766,ISE,8,5.88,57.7,66.7,0,3.6,3.5,4.0,4.7,1.2,3.6,2.8,2.7,2,4,1,0,1,5.4,6.7,3.6,7.6,8.2,5.8,0,1,QA Specialist,0,SYNTHETIC,84.3,83.4
ST00767,Student ST00767,Mechanical,7,7.37,70.8,68.7,0,3.8,3.8,7.5,5.4,4.7,5.4,2.9,2.0,3,1,1,1,0,5.1,4.0,4.1,2.9,2.2,5.1,0,0,Data Analyst,0,SYNTHETIC,82.3,72.4
ST00768,Student ST00768,ISE,7,7.2,82.9,74.9,0,6.1,8.0,9.1,6.1,3.7,3.8,3.6,3.8,1,4,2,0,1,6.8,6.8,6.4,7.0,6.8,5.6,0,0,QA Specialist,1,SYNTHETIC,82.5,89.2
ST00769,Student ST00769,CSE,8,6.69,68.7,65.3,0,4.5,4.9,4.7,8.0,4.5,4.5,3.5,2.3,4,5,2,0,1,9.0,5.1,7.0,6.4,7.2,6.8,1,0,Data Analyst,1,SYNTHETIC,81.3,67.3
ST00770,Student ST00770,ISE,8,7.61,78.6,74.9,0,8.1,4.0,7.0,5.4,7.6,3.1,5.1,4.2,3,1,2,0,0,7.8,6.0,7.2,6.4,7.6,5.8,0,0,QA Specialist,1,SYNTHETIC,81.4,88.5
ST00771,Student ST00771,Mechanical,7,5.0,58.9,50.0,0,3.5,5.1,5.7,5.6,4.1,4.7,2.6,2.6,3,1,1,0,0,5.1,6.0,4.6,7.0,7.2,5.5,0,0,Cybersecurity Specialist,1,SYNTHETIC,88.9,73.6
ST00772,Student ST00772,ISE,7,6.94,72.4,78.1,0,3.7,4.0,4.6,7.0,5.2,4.7,4.9,2.1,0,5,2,0,0,5.7,6.1,5.4,5.1,5.5,5.1,0,0,AI/ML Engineer,0,SYNTHETIC,86.9,68.6
ST00773,Student ST00773,CSE,8,7.68,73.3,82.7,0,4.9,4.7,3.1,6.4,2.2,4.1,4.0,5.0,1,3,2,0,2,6.0,6.3,5.2,3.9,3.4,6.0,1,0,AI/ML Engineer,0,SYNTHETIC,75.9,93.1
ST00774,Student ST00774,CSE,8,7.58,73.4,81.3,0,6.6,3.9,6.9,6.9,4.2,3.7,3.4,4.0,5,1,2,0,0,6.7,7.0,7.5,5.3,4.1,6.1,1,0,Cybersecurity Specialist,0,SYNTHETIC,91.8,70.2
ST00775,Student ST00775,CSE,8,8.75,86.4,86.0,0,4.9,4.8,7.4,5.3,2.0,5.1,4.7,3.0,2,1,1,1,0,8.1,7.9,5.5,5.3,5.3,4.7,0,0,Cloud/DevOps Engineer,1,SYNTHETIC,78.5,61.6
ST00776,Student ST00776,CSE,7,7.61,83.7,77.1,0,4.7,6.9,4.7,6.1,3.4,4.9,5.3,2.7,2,3,2,1,0,6.0,4.9,5.4,6.7,6.2,5.9,1,0,Full-Stack Developer,1,SYNTHETIC,84.7,91.8
ST00777,Student ST00777,Mechanical,8,9.99,98.0,95.9,0,6.1,6.8,7.1,3.2,4.3,4.5,6.0,3.5,0,4,1,1,0,6.5,7.7,5.2,8.2,7.6,6.2,0,0,Cloud/DevOps Engineer,1,SYNTHETIC,90.6,64.8
ST00778,Student ST00778,ECE,7,6.98,72.0,75.0,0,5.6,4.8,4.9,7.0,1.0,6.2,2.3,3.3,0,1,2,0,1,6.7,5.6,9.0,7.9,8.3,6.7,0,1,Data Analyst,1,SYNTHETIC,77.3,70.6
ST00779,Student ST00779,Mechanical,7,8.34,88.0,82.0,0,7.3,7.1,7.2,5.1,3.1,7.1,4.6,2.1,1,1,2,0,0,7.0,8.2,6.9,6.7,8.5,6.9,0,0,Full-Stack Developer,0,SYNTHETIC,96.1,68.2
ST00780,Student ST00780,ISE,8,6.8,68.3,68.4,0,6.0,2.4,6.1,4.3,3.4,6.5,1.6,1.4,1,3,1,0,0,5.8,6.4,4.3,6.7,6.5,6.2,1,0,Data Analyst,1,SYNTHETIC,83.2,67.4
ST00781,Student ST00781,ECE,8,7.91,79.7,82.3,0,3.8,3.1,7.6,4.8,3.4,6.9,2.6,3.0,1,4,1,1,1,6.8,8.3,5.7,5.4,6.2,5.0,0,0,Data Analyst,1,SYNTHETIC,81.2,78.2
ST00782,Student ST00782,CSE,8,6.19,72.0,65.0,0,7.4,4.4,5.8,2.3,2.7,5.2,2.9,3.5,5,3,1,0,2,6.6,4.7,5.6,6.9,7.1,4.3,2,0,Cloud/DevOps Engineer,1,SYNTHETIC,92.9,70.6
ST00783,Student ST00783,CSE,8,6.8,67.6,68.5,0,6.2,6.2,4.6,4.0,1.0,5.0,5.4,1.6,0,1,1,0,1,8.0,6.3,5.0,6.5,4.9,4.5,1,0,Cybersecurity Specialist,0,SYNTHETIC,77.8,69.0
ST00784,Student ST00784,CSE,7,6.85,69.7,77.0,0,3.7,4.5,7.0,3.9,1.6,3.4,3.1,3.6,0,2,1,0,0,5.4,5.5,4.5,6.9,7.5,6.1,1,0,Data Analyst,0,SYNTHETIC,79.0,74.5
ST00785,Student ST00785,CSE,7,6.22,57.5,63.2,0,5.0,3.9,3.7,3.8,1.3,4.9,1.3,1.0,3,1,1,0,0,6.3,5.7,4.0,6.8,6.4,6.8,0,0,QA Specialist,0,SYNTHETIC,91.8,79.2
ST00786,Student ST00786,ISE,8,7.48,74.6,71.4,0,4.3,5.7,8.5,6.2,1.6,3.9,2.5,1.9,1,4,1,0,1,6.4,6.4,5.6,5.8,5.7,6.4,0,0,Cybersecurity Specialist,1,SYNTHETIC,78.3,88.5
ST00787,Student ST00787,CSE,7,9.64,93.4,86.0,0,6.8,4.8,4.9,7.8,4.4,4.4,1.0,4.3,2,2,2,0,0,8.8,7.1,7.5,7.3,8.3,7.6,0,0,AI/ML Engineer,1,SYNTHETIC,89.2,91.5
ST00788,Student ST00788,CSE,7,8.32,84.9,83.8,0,7.2,7.5,7.0,6.2,3.9,4.9,1.8,2.4,1,1,2,1,2,5.7,7.8,6.7,5.6,6.5,6.7,1,0,Data Analyst,1,SYNTHETIC,95.5,82.0
ST00789,Student ST00789,Mechanical,8,7.99,82.5,77.7,0,5.1,3.1,7.2,3.8,4.1,4.3,3.0,4.0,1,1,1,0,1,6.2,8.8,5.1,7.2,7.5,6.3,1,0,QA Specialist,0,SYNTHETIC,79.0,88.7
ST00790,Student ST00790,Mechanical,7,7.86,83.8,76.8,0,4.5,2.9,6.6,5.3,3.9,3.5,3.1,4.7,2,2,1,2,0,6.3,6.2,5.0,4.9,5.7,5.6,0,0,Full-Stack Developer,1,SYNTHETIC,83.2,70.1
ST00791,Student ST00791,CSE,8,7.12,69.4,76.2,0,3.7,5.0,3.3,4.4,2.5,3.3,3.1,1.0,2,6,1,0,0,7.1,6.7,4.3,6.1,5.5,3.8,0,0,Full-Stack Developer,1,SYNTHETIC,97.3,70.0
ST00792,Student ST00792,CSE,7,6.04,62.9,68.2,0,5.4,3.3,3.5,5.4,3.4,2.2,1.4,4.6,0,4,2,0,0,4.1,5.8,4.9,7.6,5.8,6.7,0,1,Data Analyst,1,SYNTHETIC,80.0,82.2
ST00793,Student ST00793,ISE,8,7.11,72.3,72.2,0,5.0,2.8,6.9,3.1,3.2,4.8,3.8,3.7,1,5,1,0,1,6.4,4.9,4.7,6.6,7.5,4.9,0,0,Cybersecurity Specialist,1,SYNTHETIC,88.8,67.3
ST00794,Student ST00794,Mechanical,8,8.42,82.3,85.5,0,5.8,4.6,6.6,3.6,2.4,6.4,1.0,2.1,2,5,1,0,2,7.8,6.7,4.3,3.1,2.5,3.1,0,0,Full-Stack Developer,1,SYNTHETIC,96.9,95.0
ST00795,Student ST00795,CSE,8,7.31,80.3,80.3,0,4.9,3.8,6.2,3.0,1.5,2.8,3.2,1.0,0,2,1,1,0,5.2,7.5,3.8,4.7,5.2,3.8,0,0,AI/ML Engineer,1,SYNTHETIC,77.4,78.2
ST00796,Student ST00796,ISE,8,8.97,90.7,90.3,0,5.9,6.5,6.3,8.0,3.8,4.4,4.7,1.4,0,3,2,3,0,7.2,5.9,6.5,5.2,3.4,7.1,0,0,Cybersecurity Specialist,1,SYNTHETIC,87.8,73.5
ST00797,Student ST00797,ECE,8,6.91,71.9,66.4,0,4.7,5.6,8.1,4.7,4.7,6.4,1.9,2.7,3,4,1,0,1,3.8,6.2,4.5,3.2,3.7,3.2,0,0,Full-Stack Developer,1,SYNTHETIC,77.5,61.8
ST00798,Student ST00798,Mechanical,8,7.35,72.9,69.1,0,4.4,4.8,3.0,4.2,3.2,6.6,1.7,3.9,0,3,1,1,0,6.1,5.9,5.0,6.8,6.0,4.9,0,0,Data Analyst,0,SYNTHETIC,84.9,91.5
ST00799,Student ST00799,CSE,7,6.99,66.1,73.4,0,9.0,6.2,6.1,4.6,1.5,5.4,7.3,5.3,2,1,2,1,1,6.1,6.1,5.3,6.3,5.0,6.6,0,0,Cybersecurity Specialist,1,SYNTHETIC,89.4,62.2
ST00800,Student ST00800,CSE,7,5.8,58.0,63.8,0,5.1,4.3,2.5,1.7,2.2,1.0,1.0,1.0,1,3,1,0,0,4.0,4.4,3.4,4.6,3.4,4.0,0,0,Cybersecurity Specialist,0,SYNTHETIC,98.7,75.8
ST00801,Student ST00801,Mechanical,8,7.1,70.8,72.6,0,2.9,1.0,3.2,2.1,3.3,2.2,1.6,1.0,0,3,1,0,0,5.4,6.5,2.6,9.5,9.2,4.7,0,0,Data Analyst,1,SYNTHETIC,80.2,72.4
ST00802,Student ST00802,Mechanical,7,6.5,67.2,67.8,0,5.9,2.4,6.1,3.4,3.9,6.4,1.8,1.4,1,3,1,0,2,7.7,7.6,5.4,5.3,6.8,4.3,0,0,Cybersecurity Specialist,0,SYNTHETIC,81.0,81.2
ST00803,Student ST00803,ISE,7,6.79,69.0,66.1,0,2.8,4.3,4.9,2.9,5.8,4.0,1.5,1.0,0,4,1,0,1,6.5,5.9,3.2,9.1,9.1,5.0,0,0,Full-Stack Developer,0,SYNTHETIC,81.0,66.7
ST00804,Student ST00804,ECE,7,9.06,94.0,75.1,0,7.2,6.1,6.3,5.8,4.2,4.8,2.7,2.7,5,3,2,1,0,6.3,6.4,6.0,5.8,5.8,5.6,1,0,Full-Stack Developer,1,SYNTHETIC,77.4,75.3
ST00805,Student ST00805,CSE,7,5.64,62.1,57.6,0,3.2,2.0,3.3,3.1,1.0,3.5,1.0,1.0,0,3,1,0,0,6.9,6.2,3.7,3.8,5.1,2.8,0,0,QA Specialist,0,SYNTHETIC,81.2,74.9
ST00806,Student ST00806,Mechanical,7,7.58,80.2,66.7,0,5.9,4.7,5.1,5.6,3.6,4.0,4.3,1.8,3,2,2,0,1,6.5,6.1,5.1,3.7,3.0,4.8,0,0,QA Specialist,1,SYNTHETIC,96.6,67.6
ST00807,Student ST00807,ECE,7,7.82,78.2,85.2,0,6.8,6.4,4.2,5.2,6.8,4.1,2.5,3.3,0,2,2,1,0,9.2,5.4,6.4,6.1,6.7,5.0,0,0,Cloud/DevOps Engineer,1,SYNTHETIC,84.4,85.9
ST00808,Student ST00808,CSE,8,7.86,73.2,86.5,0,5.2,5.1,5.3,5.0,1.0,4.8,3.4,3.9,0,1,1,0,0,8.8,6.8,5.6,7.5,6.9,5.9,0,1,QA Specialist,0,SYNTHETIC,79.8,63.0
ST00809,Student ST00809,ECE,8,5.38,59.0,54.9,0,4.7,3.5,7.0,5.3,1.0,3.4,1.0,1.3,1,1,1,0,1,6.1,6.0,5.2,8.0,7.3,6.0,1,0,Cybersecurity Specialist,1,SYNTHETIC,88.4,77.4
ST00810,Student ST00810,CSE,8,6.99,71.8,73.5,0,4.4,3.9,3.9,5.6,1.4,3.9,4.6,1.0,2,4,1,0,0,4.9,8.6,4.8,9.2,7.4,7.5,2,0,Cybersecurity Specialist,0,SYNTHETIC,94.9,77.1
ST00811,Student ST00811,Mechanical,8,8.15,82.9,83.1,0,7.7,5.9,7.3,8.6,4.7,5.0,3.3,5.0,1,1,2,0,1,6.8,8.1,9.2,6.1,7.1,7.0,0,0,Cybersecurity Specialist,1,SYNTHETIC,90.3,84.6
ST00812,Student ST00812,ISE,8,7.2,74.4,68.0,0,5.6,6.1,7.0,6.4,3.8,7.6,5.7,4.3,2,4,2,1,0,6.8,6.5,5.6,7.1,6.8,6.5,2,0,Full-Stack Developer,1,SYNTHETIC,95.4,88.0
ST00813,Student ST00813,CSE,8,5.44,58.4,60.3,0,4.2,1.8,3.0,5.1,2.5,3.7,1.4,2.0,1,3,1,0,0,7.1,5.4,3.9,5.9,4.8,4.6,0,0,Full-Stack Developer,0,SYNTHETIC,84.1,78.9
ST00814,Student ST00814,ECE,7,7.57,73.6,73.9,0,4.3,5.9,6.7,6.6,5.1,5.9,4.8,2.0,1,3,2,0,0,4.5,5.9,5.6,8.1,9.4,6.4,0,1,Cloud/DevOps Engineer,0,SYNTHETIC,83.5,86.5
ST00815,Student ST00815,CSE,7,7.03,69.9,66.3,0,3.6,4.6,2.0,5.4,6.2,3.8,2.5,2.3,0,2,1,0,0,4.7,5.7,3.8,7.1,3.7,4.6,0,0,AI/ML Engineer,1,SYNTHETIC,94.1,67.6
ST00816,Student ST00816,ISE,8,7.47,75.8,71.2,0,3.7,3.0,4.3,4.8,2.5,3.8,4.0,1.9,1,6,1,0,0,6.6,7.3,4.2,7.1,7.7,6.5,1,0,Cloud/DevOps Engineer,1,SYNTHETIC,80.3,65.0
ST00817,Student ST00817,CSE,7,5.0,55.0,59.9,0,3.5,3.1,4.7,1.0,2.5,3.1,1.0,2.9,1,3,1,0,0,6.1,7.1,2.5,5.2,4.1,3.1,0,0,AI/ML Engineer,0,SYNTHETIC,90.7,61.6
ST00818,Student ST00818,ECE,7,8.3,80.1,79.9,0,6.9,3.8,6.6,5.1,3.6,7.7,3.4,4.4,0,3,2,0,0,7.8,8.1,4.3,4.5,3.2,4.7,0,0,QA Specialist,1,SYNTHETIC,81.4,71.2
ST00819,Student ST00819,CSE,7,8.91,88.8,89.4,0,6.5,7.1,5.1,6.4,5.3,7.3,6.8,3.6,1,5,2,1,1,8.8,6.7,5.7,8.7,8.7,8.9,0,1,Data Analyst,1,SYNTHETIC,90.5,67.1
ST00820,Student ST00820,ISE,7,5.19,60.5,57.2,0,2.5,2.0,2.9,3.1,1.0,1.3,1.0,1.0,2,1,1,0,0,7.7,4.2,3.8,6.5,7.0,4.9,0,0,Cloud/DevOps Engineer,0,SYNTHETIC,83.5,92.7
ST00821,Student ST00821,ISE,8,9.25,85.4,86.9,0,9.5,5.1,10.0,7.2,5.4,10.0,8.2,8.2,1,5,2,0,1,8.2,8.3,8.5,6.5,7.0,6.1,2,0,QA Specialist,1,SYNTHETIC,98.0,65.2
ST00822,Student ST00822,ECE,7,8.05,85.6,86.7,0,6.8,7.8,6.7,6.7,5.5,4.0,4.9,2.9,1,3,2,0,0,6.8,5.3,6.6,9.0,7.4,8.8,0,0,QA Specialist,1,SYNTHETIC,98.4,88.7
ST00823,Student ST00823,Mechanical,8,7.31,71.0,69.3,0,6.8,8.5,5.2,4.9,2.8,6.3,4.7,1.8,1,4,2,0,0,6.9,8.4,6.3,9.3,8.4,6.2,0,1,Full-Stack Developer,1,SYNTHETIC,93.7,82.9
ST00824,Student ST00824,Mechanical,7,7.8,78.0,77.3,0,3.9,4.2,5.0,5.3,2.9,3.5,4.4,3.5,1,1,1,0,1,6.3,5.4,4.4,4.4,2.4,4.4,1,0,Cloud/DevOps Engineer,1,SYNTHETIC,95.2,86.6
ST00825,Student ST00825,CSE,8,7.36,83.1,71.0,0,5.8,1.9,4.6,6.1,2.8,3.3,2.4,1.0,4,2,2,0,0,6.9,6.8,6.1,7.7,7.4,7.5,1,0,Cybersecurity Specialist,0,SYNTHETIC,85.2,62.6
ST00826,Student ST00826,CSE,7,8.64,79.4,83.3,0,4.7,6.7,6.4,4.7,4.9,4.8,2.3,2.2,0,1,1,3,0,8.6,5.7,4.9,7.4,6.9,6.8,2,1,QA Specialist,0,SYNTHETIC,97.2,78.3
ST00827,Student ST00827,Mechanical,7,8.26,83.5,75.4,0,3.9,4.2,2.3,4.2,3.9,3.7,3.1,3.2,1,1,1,1,0,6.1,4.6,5.1,6.6,5.9,4.0,0,0,Cloud/DevOps Engineer,1,SYNTHETIC,76.8,81.2
ST00828,Student ST00828,Mechanical,8,7.48,79.4,75.0,0,5.8,6.0,5.0,2.9,1.8,1.0,1.8,4.0,0,2,1,1,1,5.4,6.0,2.8,6.7,6.3,4.8,3,0,Cybersecurity Specialist,1,SYNTHETIC,76.1,70.7
ST00829,Student ST00829,Mechanical,8,6.57,69.5,66.7,0,2.7,4.1,4.5,3.2,3.8,1.2,2.0,2.9,1,4,1,0,0,4.4,5.9,2.2,6.2,6.5,5.5,0,0,Cybersecurity Specialist,0,SYNTHETIC,96.4,81.6
ST00830,Student ST00830,CSE,7,7.14,72.3,67.0,0,5.0,6.9,7.2,6.6,4.0,4.9,3.8,1.0,2,1,2,0,0,5.4,7.1,6.8,8.1,6.4,7.3,0,0,Full-Stack Developer,0,SYNTHETIC,95.7,60.4
ST00831,Student ST00831,ECE,7,7.81,73.6,76.1,0,7.2,8.7,6.8,5.4,4.5,5.3,3.8,3.6,1,2,2,0,0,4.8,6.9,6.8,6.7,6.5,5.2,1,0,AI/ML Engineer,1,SYNTHETIC,83.8,82.5
ST00832,Student ST00832,ISE,7,7.32,73.1,72.4,0,7.7,5.1,4.8,5.5,1.7,3.5,4.7,3.1,2,2,2,0,0,7.4,5.9,5.8,7.9,8.4,8.5,1,0,Data Analyst,1,SYNTHETIC,93.2,67.3
ST00833,Student ST00833,Mechanical,8,8.61,92.6,85.3,0,4.6,6.7,5.0,5.7,2.7,4.7,4.2,3.6,0,1,1,0,0,7.6,5.7,6.1,7.6,7.0,8.5,0,0,AI/ML Engineer,1,SYNTHETIC,92.2,78.8
ST00834,Student ST00834,ECE,8,6.29,60.9,56.5,0,3.1,2.1,2.6,3.2,3.0,2.9,1.9,2.2,1,3,1,0,0,6.3,7.4,2.0,7.0,7.8,3.7,1,1,Full-Stack Developer,0,SYNTHETIC,88.0,78.8
ST00835,Student ST00835,Mechanical,8,6.13,62.9,65.1,0,5.0,3.3,3.7,2.5,1.0,2.1,4.7,3.6,2,1,1,0,0,4.0,6.4,4.1,4.6,3.5,4.4,2,0,Full-Stack Developer,0,SYNTHETIC,91.4,63.9
ST00836,Student ST00836,CSE,7,6.13,63.6,63.8,0,4.5,2.5,3.2,4.6,4.6,3.5,3.2,3.3,0,2,1,0,1,6.1,6.8,5.3,5.9,6.2,6.3,0,0,Cloud/DevOps Engineer,0,SYNTHETIC,79.8,74.7
ST00837,Student ST00837,ISE,8,6.45,61.7,61.7,0,4.1,4.8,6.8,4.3,1.0,3.7,4.6,2.3,3,5,1,1,0,6.9,6.3,3.6,7.2,7.2,5.4,1,0,QA Specialist,0,SYNTHETIC,94.5,83.3
ST00838,Student ST00838,ECE,7,6.07,59.5,60.1,0,6.6,6.5,7.4,4.2,1.2,4.9,5.0,3.0,1,1,2,0,0,5.1,6.3,4.5,6.6,6.3,6.2,2,0,Cybersecurity Specialist,0,SYNTHETIC,94.9,63.5
ST00839,Student ST00839,CSE,8,6.24,68.6,59.5,0,5.6,4.5,6.0,2.7,2.3,3.6,1.9,1.0,2,1,1,0,0,4.8,4.2,3.5,7.7,6.5,5.3,0,0,AI/ML Engineer,1,SYNTHETIC,93.2,65.1
ST00840,Student ST00840,ISE,7,6.59,65.4,65.5,0,6.6,2.5,6.2,5.4,5.2,8.0,4.9,3.8,1,2,2,0,0,8.0,7.7,5.0,3.6,3.1,5.7,2,0,Cybersecurity Specialist,0,SYNTHETIC,93.5,81.5
ST00841,Student ST00841,CSE,7,7.92,79.4,75.9,0,6.1,3.0,6.7,4.7,2.4,3.1,4.2,2.8,1,1,2,0,0,6.9,7.1,6.3,4.4,4.6,4.5,2,0,Data Analyst,0,SYNTHETIC,81.3,78.2
ST00842,Student ST00842,ECE,8,8.62,82.8,84.0,0,5.6,7.1,5.2,5.4,6.1,5.5,2.4,3.7,0,3,2,2,1,8.4,8.1,4.8,7.4,8.1,6.5,0,0,AI/ML Engineer,1,SYNTHETIC,96.5,81.7
ST00843,Student ST00843,CSE,8,9.29,86.2,94.7,0,7.4,6.0,9.0,6.3,3.5,5.9,4.5,5.3,2,2,2,0,0,6.5,7.3,6.9,6.6,6.4,6.3,1,0,Cloud/DevOps Engineer,1,SYNTHETIC,83.3,64.7
ST00844,Student ST00844,Mechanical,8,8.54,90.0,83.7,0,5.1,7.7,6.6,5.9,5.0,6.5,1.5,2.3,1,1,2,2,0,6.8,7.6,6.4,7.8,7.7,7.1,1,0,Cloud/DevOps Engineer,1,SYNTHETIC,93.0,66.5
ST00845,Student ST00845,CSE,8,7.36,65.2,76.2,0,5.5,7.1,6.1,3.3,2.7,4.6,4.8,1.0,2,5,1,1,0,7.3,7.2,4.0,6.2,5.2,4.2,2,0,QA Specialist,1,SYNTHETIC,97.8,66.4
ST00846,Student ST00846,CSE,7,6.02,61.5,65.0,0,3.5,5.2,3.1,2.6,3.9,3.7,1.1,4.0,0,1,1,0,0,6.8,4.6,1.8,5.1,4.9,3.9,0,0,QA Specialist,0,SYNTHETIC,84.2,68.4
ST00847,Student ST00847,Mechanical,7,6.7,65.0,70.5,0,5.8,1.0,4.9,4.8,3.5,1.7,2.0,1.0,1,1,2,0,0,6.2,5.6,4.1,4.8,4.4,4.7,0,0,AI/ML Engineer,1,SYNTHETIC,98.6,89.2
ST00848,Student ST00848,CSE,8,7.42,74.7,73.0,0,4.8,3.4,6.2,7.8,2.5,5.9,1.8,1.9,2,4,2,1,0,7.3,6.6,7.9,7.6,6.5,7.5,1,1,Cybersecurity Specialist,1,SYNTHETIC,79.2,72.3
ST00849,Student ST00849,ECE,7,6.6,65.2,64.8,0,5.2,6.3,2.8,5.8,2.2,4.1,1.0,3.0,1,4,2,1,1,6.8,5.8,5.5,6.4,7.2,5.6,1,0,Cybersecurity Specialist,1,SYNTHETIC,94.8,91.8
ST00850,Student ST00850,CSE,8,6.66,68.5,64.2,0,4.3,4.4,3.7,3.6,1.6,3.4,5.1,3.3,0,2,1,0,0,5.5,6.7,3.2,5.8,4.6,5.3,1,0,QA Specialist,0,SYNTHETIC,84.3,90.0
ST00851,Student ST00851,ISE,8,6.71,71.0,75.5,0,5.7,4.4,5.7,3.3,3.3,5.6,3.1,2.4,2,2,1,0,1,7.9,6.8,4.0,7.9,6.5,6.7,0,1,AI/ML Engineer,0,SYNTHETIC,96.5,93.2
ST00852,Student ST00852,ECE,7,6.58,73.6,69.1,0,4.2,3.7,1.9,1.5,4.3,4.5,1.0,1.9,1,2,1,1,1,5.0,5.9,1.1,6.4,7.2,3.1,0,0,Cloud/DevOps Engineer,0,SYNTHETIC,93.4,80.4
ST00853,Student ST00853,Mechanical,8,7.17,75.8,73.0,1,6.2,5.8,5.6,4.3,4.0,6.3,3.5,2.3,0,1,2,0,0,6.4,6.3,5.8,5.6,3.7,5.1,1,0,Data Analyst,0,SYNTHETIC,84.6,71.6
ST00854,Student ST00854,Mechanical,8,7.04,78.0,67.4,0,5.6,6.7,6.1,6.4,4.6,2.7,3.6,4.0,1,1,2,1,0,5.7,3.7,6.5,4.8,4.8,4.9,0,0,Cybersecurity Specialist,1,SYNTHETIC,79.7,73.8
ST00855,Student ST00855,ECE,8,6.07,58.9,63.0,0,4.7,4.5,3.6,5.7,2.3,4.4,2.4,2.9,1,6,1,0,0,5.6,5.8,4.6,6.3,5.1,4.9,1,0,Full-Stack Developer,0,SYNTHETIC,94.4,87.8
ST00856,Student ST00856,ECE,7,5.81,61.4,60.9,0,2.9,2.3,3.7,2.9,1.1,3.7,1.0,1.3,1,2,1,0,0,5.0,6.1,3.1,5.0,4.3,3.6,0,0,Cloud/DevOps Engineer,0,SYNTHETIC,93.5,81.5
ST00857,Student ST00857,ISE,7,6.25,63.1,68.7,0,4.7,6.2,5.5,4.9,3.4,4.2,4.1,2.3,2,3,1,0,0,7.4,3.9,4.5,6.2,5.2,4.7,1,0,AI/ML Engineer,0,SYNTHETIC,93.3,62.4
ST00858,Student ST00858,ISE,8,5.37,56.9,59.9,0,4.8,6.5,4.6,6.1,2.1,3.9,1.0,3.7,0,1,2,1,3,4.6,4.9,5.4,9.3,9.1,6.5,1,1,Cybersecurity Specialist,0,SYNTHETIC,89.6,80.1
ST00859,Student ST00859,CSE,8,5.91,55.0,70.4,0,2.4,2.1,2.9,1.8,2.4,4.6,1.2,1.0,0,5,1,0,0,3.9,6.5,3.0,5.9,5.0,2.8,1,0,Cybersecurity Specialist,0,SYNTHETIC,94.9,73.1
ST00860,Student ST00860,CSE,8,6.25,63.7,65.1,0,4.1,6.0,6.3,4.2,2.4,3.2,4.3,1.5,1,3,1,0,0,5.4,5.9,3.0,6.5,5.9,3.6,3,0,Full-Stack Developer,1,SYNTHETIC,75.2,69.3
ST00861,Student ST00861,CSE,7,7.66,80.0,73.0,0,2.8,3.0,6.9,3.0,2.2,3.4,2.0,5.0,1,4,1,0,0,8.6,6.8,3.4,4.6,5.1,4.5,0,0,Cybersecurity Specialist,1,SYNTHETIC,98.8,74.2
ST00862,Student ST00862,ECE,8,8.09,77.0,78.8,0,4.7,4.4,5.9,5.7,3.8,4.7,4.5,2.3,1,3,1,0,0,5.6,6.0,5.0,7.0,6.9,6.4,1,0,AI/ML Engineer,1,SYNTHETIC,91.6,81.7
ST00863,Student ST00863,CSE,8,7.74,79.2,84.6,0,7.0,4.4,4.6,7.1,5.4,4.6,4.6,2.3,4,1,2,1,2,5.8,7.1,6.9,6.6,7.1,5.7,1,0,QA Specialist,1,SYNTHETIC,82.8,67.5
ST00864,Student ST00864,CSE,8,6.67,68.0,75.5,0,4.9,6.5,5.8,6.0,2.5,3.2,4.6,3.2,2,1,2,1,0,5.7,5.2,5.6,7.4,6.0,5.3,0,1,Cybersecurity Specialist,1,SYNTHETIC,86.4,87.7
ST00865,Student ST00865,Mechanical,8,7.4,77.0,76.7,0,4.3,5.9,6.7,5.0,2.5,5.9,5.0,2.8,1,2,1,2,2,6.1,5.9,5.7,8.3,7.5,4.8,0,0,Cloud/DevOps Engineer,0,SYNTHETIC,76.2,78.1
ST00866,Student ST00866,Mechanical,8,7.98,71.6,86.7,0,5.1,8.6,3.9,3.8,5.7,2.6,4.1,2.0,1,2,1,0,0,5.3,7.2,4.4,7.0,6.4,6.1,1,0,QA Specialist,0,SYNTHETIC,81.1,91.9
ST00867,Student ST00867,ECE,8,7.61,76.6,82.8,0,5.5,5.0,6.7,6.4,3.5,3.3,2.1,2.8,2,2,2,1,1,6.2,6.5,7.1,6.5,6.7,6.9,0,0,QA Specialist,1,SYNTHETIC,97.6,86.8
ST00868,Student ST00868,ECE,8,9.03,88.3,92.2,0,6.2,7.1,6.0,5.4,5.4,6.5,8.4,3.7,1,1,2,2,0,7.3,6.6,6.1,7.6,6.3,6.3,1,0,Cloud/DevOps Engineer,1,SYNTHETIC,80.4,88.6
ST00869,Student ST00869,Mechanical,8,5.91,66.3,58.0,1,6.3,8.1,2.6,5.6,2.7,5.2,4.1,4.4,0,4,2,0,0,6.8,7.2,5.1,7.1,6.4,5.2,0,1,AI/ML Engineer,0,SYNTHETIC,76.8,63.1
ST00870,Student ST00870,CSE,7,5.49,64.1,54.9,0,2.4,1.0,3.9,1.5,2.6,3.8,1.0,1.0,0,2,1,0,0,5.6,5.5,1.0,7.1,7.9,3.5,0,0,Data Analyst,0,SYNTHETIC,98.0,74.6
ST00871,Student ST00871,ECE,8,7.58,78.7,71.9,0,4.1,2.2,3.2,5.2,3.0,2.8,1.4,3.1,2,4,1,0,0,8.1,6.6,4.4,4.2,2.9,4.8,0,0,QA Specialist,1,SYNTHETIC,93.6,88.7
ST00872,Student ST00872,CSE,8,8.16,76.6,74.9,0,6.2,5.3,7.9,5.8,5.9,6.3,2.1,2.0,1,3,2,1,0,6.6,6.4,7.7,4.5,5.3,5.4,2,0,Cloud/DevOps Engineer,1,SYNTHETIC,77.0,93.4
ST00873,Student ST00873,ISE,8,7.24,76.0,70.3,0,5.1,3.0,2.9,2.9,6.1,1.3,3.4,1.3,1,2,1,0,0,5.5,5.8,3.8,8.1,7.8,5.4,1,0,Full-Stack Developer,0,SYNTHETIC,92.4,75.6
ST00874,Student ST00874,ECE,7,8.22,85.8,84.4,0,7.2,3.6,7.8,6.7,4.7,4.0,5.0,4.9,0,2,2,1,0,7.0,6.6,8.9,6.7,6.6,7.2,1,0,AI/ML Engineer,1,SYNTHETIC,95.3,71.7
ST00875,Student ST00875,CSE,7,7.76,79.2,75.1,0,3.6,4.3,3.8,4.5,2.5,4.2,1.1,2.5,0,2,1,1,1,4.9,6.6,4.7,9.4,8.4,5.7,0,0,Cloud/DevOps Engineer,1,SYNTHETIC,76.6,60.5
ST00876,Student ST00876,CSE,7,8.09,76.5,75.9,0,4.9,3.1,6.4,2.9,3.9,6.0,2.9,1.0,0,5,1,0,0,4.9,8.2,4.6,7.2,6.3,3.2,2,0,Data Analyst,1,SYNTHETIC,75.5,64.4
ST00877,Student ST00877,ECE,8,7.63,77.9,82.1,0,3.1,4.5,3.5,4.2,4.1,5.5,2.7,4.3,0,4,1,1,1,8.4,6.1,3.4,7.9,8.0,5.3,0,0,QA Specialist,0,SYNTHETIC,83.0,77.0
ST00878,Student ST00878,ECE,7,6.41,63.0,64.3,0,5.7,5.7,5.2,5.1,3.2,3.8,3.2,2.0,1,2,2,0,0,6.9,6.4,5.6,7.2,6.5,6.3,0,0,Cloud/DevOps Engineer,0,SYNTHETIC,94.5,68.2
ST00879,Student ST00879,CSE,7,6.44,65.2,69.2,0,2.6,3.6,5.6,5.2,4.4,2.7,3.6,1.0,2,1,1,0,0,4.9,4.1,4.7,7.1,7.3,2.9,1,0,Cybersecurity Specialist,0,SYNTHETIC,76.0,86.7
ST00880,Student ST00880,ECE,8,8.69,87.0,86.0,0,6.0,5.0,4.9,3.8,2.5,5.2,1.4,2.7,1,5,1,3,1,5.7,8.9,5.7,3.1,4.2,3.7,1,0,Full-Stack Developer,1,SYNTHETIC,80.5,93.9
ST00881,Student ST00881,ISE,7,6.31,68.0,63.0,0,8.0,6.4,4.4,3.2,3.2,4.5,4.6,1.0,0,4,2,2,1,4.0,7.1,4.3,5.7,6.9,7.4,0,0,Cybersecurity Specialist,1,SYNTHETIC,88.0,94.1
ST00882,Student ST00882,Mechanical,8,7.24,80.8,73.9,0,5.9,4.1,6.6,4.7,3.9,5.4,1.0,1.0,0,2,2,1,1,5.5,6.5,5.9,5.4,6.1,5.3,1,0,AI/ML Engineer,1,SYNTHETIC,98.6,75.9
ST00883,Student ST00883,ISE,7,8.61,86.2,86.5,0,7.6,6.4,6.0,5.5,5.4,4.2,1.0,3.3,3,3,2,0,1,6.3,8.3,6.4,7.4,6.5,7.1,2,0,Cloud/DevOps Engineer,1,SYNTHETIC,92.7,60.9
ST00884,Student ST00884,ECE,7,6.61,67.0,67.6,0,2.6,4.3,4.4,4.5,4.7,6.7,3.9,1.0,1,2,1,0,0,5.0,7.0,3.2,5.9,5.6,3.4,0,0,AI/ML Engineer,0,SYNTHETIC,93.4,85.4
ST00885,Student ST00885,ISE,7,7.81,73.2,77.8,0,4.6,6.9,4.2,5.6,5.3,5.1,5.1,3.8,2,6,1,0,0,6.6,5.2,4.2,6.2,5.3,5.8,0,0,Cloud/DevOps Engineer,1,SYNTHETIC,84.2,74.3
ST00886,Student ST00886,CSE,8,6.26,61.8,61.4,0,3.8,4.1,3.2,4.5,1.0,2.1,2.2,3.1,2,2,1,0,0,6.1,5.0,5.1,4.2,4.6,3.4,1,0,Full-Stack Developer,1,SYNTHETIC,77.7,65.3
ST00887,Student ST00887,ISE,8,6.72,67.1,65.9,0,5.4,6.0,6.1,6.3,3.4,5.1,4.5,2.2,2,3,2,0,0,6.3,4.1,6.3,5.6,4.7,6.4,1,0,Cloud/DevOps Engineer,1,SYNTHETIC,92.8,67.3
ST00888,Student ST00888,Mechanical,7,7.14,77.2,73.5,0,3.5,2.5,3.1,3.3,2.9,4.5,1.5,3.8,1,5,1,0,2,5.9,6.4,3.2,4.6,4.7,3.8,1,0,AI/ML Engineer,0,SYNTHETIC,76.7,80.7
ST00889,Student ST00889,CSE,7,7.73,75.6,78.2,0,7.0,5.7,5.5,5.4,5.7,5.6,5.0,3.3,0,1,2,0,0,6.0,5.7,6.7,4.9,5.0,5.7,1,0,Full-Stack Developer,1,SYNTHETIC,91.7,90.9
ST00890,Student ST00890,CSE,8,6.35,61.7,62.7,1,6.3,3.9,5.3,4.9,3.0,3.7,4.9,2.9,0,1,2,0,1,6.6,4.8,5.8,6.9,6.2,6.4,0,0,Data Analyst,1,SYNTHETIC,98.6,94.6
ST00891,Student ST00891,Mechanical,7,8.97,91.3,87.3,0,7.2,5.5,6.6,8.5,4.8,6.3,6.2,3.9,1,2,2,1,0,7.9,6.8,5.9,6.6,6.5,8.9,1,0,QA Specialist,1,SYNTHETIC,80.3,88.2
ST00892,Student ST00892,CSE,8,7.75,77.2,74.8,0,4.2,4.8,5.2,4.1,3.2,1.9,1.6,2.3,2,1,1,0,1,5.2,5.5,5.4,6.6,5.9,5.1,0,0,Cybersecurity Specialist,1,SYNTHETIC,96.6,78.3
ST00893,Student ST00893,ISE,7,7.63,82.1,68.6,0,7.2,6.2,7.0,5.1,2.8,3.2,1.6,4.1,2,4,2,0,0,7.1,5.1,5.6,6.2,6.2,5.9,0,0,Cloud/DevOps Engineer,1,SYNTHETIC,78.5,76.3
ST00894,Student ST00894,CSE,8,6.58,65.0,67.5,0,4.1,5.8,6.4,4.5,4.7,1.8,1.0,4.0,2,2,1,0,1,5.3,6.4,5.1,6.9,6.8,6.1,0,0,Data Analyst,1,SYNTHETIC,78.9,72.1
ST00895,Student ST00895,ISE,8,6.01,63.8,63.6,0,3.0,4.6,1.0,4.6,3.2,1.7,1.0,2.9,2,2,1,0,0,8.0,6.1,3.9,5.9,4.2,4.4,0,0,QA Specialist,0,SYNTHETIC,77.1,88.1
ST00896,Student ST00896,Mechanical,7,8.16,76.3,80.6,0,5.9,7.2,6.0,6.3,4.0,5.9,5.8,3.5,2,2,2,2,2,7.0,7.0,6.0,5.8,7.2,6.4,0,0,Cybersecurity Specialist,0,SYNTHETIC,77.2,70.9
ST00897,Student ST00897,Mechanical,8,7.84,79.9,77.4,0,4.6,3.6,8.1,4.4,2.2,4.8,3.8,2.7,0,2,1,2,1,6.0,5.8,5.7,4.6,4.2,4.8,1,0,Cybersecurity Specialist,1,SYNTHETIC,96.5,71.1
ST00898,Student ST00898,Mechanical,7,7.99,78.9,86.3,0,6.7,6.4,7.4,5.2,2.4,7.1,2.6,1.6,0,1,2,2,0,6.6,7.2,5.8,7.8,7.3,7.0,1,0,Cloud/DevOps Engineer,0,SYNTHETIC,91.3,66.7
ST00899,Student ST00899,CSE,7,8.19,78.7,75.4,0,4.2,5.9,5.0,6.3,1.5,3.6,2.2,3.4,1,1,1,1,0,6.5,6.6,5.6,6.2,6.0,5.2,0,0,Full-Stack Developer,1,SYNTHETIC,83.2,71.6
ST00900,Student ST00900,ISE,8,6.67,71.9,63.6,0,4.2,2.3,3.9,2.2,3.0,2.3,1.0,1.2,1,5,1,1,0,5.3,7.3,3.0,4.3,4.0,4.6,0,0,AI/ML Engineer,0,SYNTHETIC,95.4,93.9
ST00901,Student ST00901,ISE,8,6.38,61.9,71.1,0,3.2,6.0,5.3,3.5,3.4,3.3,1.5,2.9,1,3,1,0,0,6.0,6.2,3.2,9.1,7.8,6.4,1,1,Cloud/DevOps Engineer,0,SYNTHETIC,88.0,93.5
ST00902,Student ST00902,CSE,7,6.9,71.3,71.7,0,5.2,5.3,6.8,5.8,4.3,6.8,1.0,2.7,1,4,2,0,0,5.7,6.4,5.9,5.4,5.7,4.6,1,0,QA Specialist,0,SYNTHETIC,79.5,71.2
ST00903,Student ST00903,CSE,8,6.91,75.0,74.3,0,7.2,5.2,5.8,2.5,2.5,5.4,4.7,1.1,2,4,1,0,1,5.0,6.2,5.1,4.6,4.8,4.3,2,0,QA Specialist,1,SYNTHETIC,93.0,92.4
ST00904,Student ST00904,ECE,7,7.23,70.1,73.4,0,3.3,4.7,6.3,3.1,1.0,1.9,5.5,3.1,1,1,1,2,1,6.3,5.8,3.4,7.3,6.8,4.5,0,0,Cloud/DevOps Engineer,0,SYNTHETIC,86.5,65.9
ST00905,Student ST00905,ISE,8,5.78,69.0,69.2,0,5.1,4.3,3.8,5.5,4.3,4.3,1.3,1.8,2,3,2,0,0,5.3,5.3,4.7,5.9,4.7,5.3,1,0,QA Specialist,0,SYNTHETIC,88.1,87.1
ST00906,Student ST00906,ISE,8,7.5,76.7,72.1,0,6.3,5.6,6.4,6.2,4.5,6.3,2.5,5.2,1,2,2,0,0,8.0,8.5,5.5,6.4,7.3,6.1,0,0,Full-Stack Developer,1,SYNTHETIC,85.7,77.3
ST00907,Student ST00907,CSE,7,7.78,81.7,79.9,0,7.9,5.5,8.2,5.7,5.8,5.0,6.8,4.4,0,1,2,1,1,7.1,7.6,5.0,6.7,7.2,8.1,1,0,Full-Stack Developer,1,SYNTHETIC,85.3,79.5
ST00908,Student ST00908,ECE,8,7.88,81.4,77.3,0,5.9,4.1,5.1,6.2,6.0,5.2,3.4,2.1,1,3,2,0,0,7.0,6.5,5.2,8.7,7.7,7.9,0,1,AI/ML Engineer,1,SYNTHETIC,90.8,73.7
ST00909,Student ST00909,CSE,7,8.05,84.7,83.6,0,7.4,4.4,8.1,5.6,6.3,3.4,2.8,1.0,0,1,2,1,0,6.4,5.3,5.6,6.9,6.6,6.1,1,0,Data Analyst,0,SYNTHETIC,83.4,83.2
ST00910,Student ST00910,CSE,7,7.04,69.8,74.2,0,2.0,4.4,6.6,5.2,1.6,2.0,4.8,1.0,2,6,1,0,0,6.5,5.0,4.2,9.2,8.5,5.8,1,1,Data Analyst,1,SYNTHETIC,79.2,92.2
ST00911,Student ST00911,CSE,8,6.78,72.4,57.8,0,2.0,1.3,5.5,3.7,2.3,3.2,1.0,2.7,0,2,1,0,0,5.6,6.1,3.0,6.5,7.1,4.8,0,0,Full-Stack Developer,0,SYNTHETIC,93.0,89.1
ST00912,Student ST00912,ISE,8,6.76,71.8,72.6,0,5.0,5.6,5.2,5.6,3.6,2.5,2.3,5.9,1,3,2,1,1,5.3,5.8,5.5,5.3,6.0,5.1,0,0,Full-Stack Developer,1,SYNTHETIC,82.1,85.2
ST00913,Student ST00913,CSE,7,8.62,87.3,80.5,0,5.2,8.3,7.6,6.2,6.3,3.5,2.9,3.3,1,3,2,0,2,6.7,7.1,6.2,5.6,5.3,5.8,0,0,AI/ML Engineer,0,SYNTHETIC,77.2,69.1
ST00914,Student ST00914,ISE,7,7.46,81.9,84.3,0,4.8,4.3,5.1,3.5,3.7,1.9,7.7,2.7,0,2,1,0,1,5.7,5.8,3.9,5.9,7.0,5.4,1,0,Cloud/DevOps Engineer,1,SYNTHETIC,76.3,93.6
ST00915,Student ST00915,CSE,7,7.89,75.2,79.7,0,5.1,4.4,6.3,5.3,6.2,6.1,2.8,4.0,1,1,1,0,1,7.0,6.2,6.3,8.4,10.0,5.9,2,1,Data Analyst,1,SYNTHETIC,80.1,62.0
ST00916,Student ST00916,CSE,7,8.02,88.2,78.6,0,4.3,3.4,5.3,5.3,3.7,4.3,3.3,5.3,2,3,1,0,0,7.9,7.8,6.1,7.1,6.8,5.9,1,0,Data Analyst,1,SYNTHETIC,95.5,90.0
ST00917,Student ST00917,ECE,8,6.66,67.0,67.4,0,3.2,1.0,3.2,1.5,1.0,1.0,3.2,3.3,0,6,1,0,1,5.0,4.7,2.0,9.0,7.7,5.9,0,1,AI/ML Engineer,0,SYNTHETIC,93.4,86.3
ST00918,Student ST00918,ECE,7,8.92,90.1,85.7,0,4.5,5.1,4.6,4.3,3.7,2.6,1.9,3.4,4,2,1,1,0,6.5,9.0,4.2,8.9,8.0,7.7,2,1,Cybersecurity Specialist,1,SYNTHETIC,77.3,88.8
ST00919,Student ST00919,Mechanical,8,7.29,67.9,70.5,0,6.0,4.4,5.9,5.9,4.8,7.3,1.0,5.0,2,4,2,0,0,6.5,6.6,6.6,6.8,7.3,5.2,1,0,Cybersecurity Specialist,1,SYNTHETIC,79.0,69.7
ST00920,Student ST00920,CSE,7,8.15,75.0,77.9,0,4.8,4.1,4.1,3.5,2.5,2.7,3.8,4.4,2,1,1,2,0,6.5,5.8,5.0,6.1,5.1,5.3,0,0,Cybersecurity Specialist,1,SYNTHETIC,81.9,64.3
ST00921,Student ST00921,CSE,7,8.41,79.7,85.5,0,3.1,4.8,7.7,4.4,3.5,4.8,3.7,5.4,1,4,1,0,1,7.0,6.4,3.7,6.2,6.3,4.2,0,0,Data Analyst,1,SYNTHETIC,95.8,70.9
ST00922,Student ST00922,ISE,7,7.58,75.3,68.4,0,5.1,5.2,4.3,7.4,5.0,6.6,5.2,4.0,1,1,2,2,1,6.0,6.4,7.6,4.4,4.3,4.8,2,0,AI/ML Engineer,1,SYNTHETIC,87.8,61.5
ST00923,Student ST00923,CSE,7,6.75,70.6,67.1,0,2.6,4.2,5.0,6.8,3.6,3.2,1.0,1.0,0,3,1,0,0,5.7,5.5,5.0,6.0,6.2,5.7,0,0,Cybersecurity Specialist,0,SYNTHETIC,75.5,60.2
ST00924,Student ST00924,ISE,8,7.37,68.9,83.7,0,3.5,5.8,4.9,3.5,1.2,2.5,1.2,2.3,1,4,1,0,1,6.1,6.2,3.6,7.8,6.6,6.4,0,1,Cybersecurity Specialist,1,SYNTHETIC,98.5,71.5
ST00925,Student ST00925,CSE,7,6.44,68.8,67.9,1,3.6,3.2,4.1,4.8,2.1,4.8,1.8,1.4,1,2,1,0,0,8.0,6.1,4.9,6.6,6.1,5.2,1,0,Cybersecurity Specialist,0,SYNTHETIC,87.5,84.1
ST00926,Student ST00926,CSE,8,6.52,65.7,62.7,0,4.5,1.0,8.3,4.3,2.8,6.7,1.4,4.6,0,5,1,0,0,8.4,7.2,4.0,4.4,4.1,4.6,0,0,QA Specialist,1,SYNTHETIC,97.4,77.6
ST00927,Student ST00927,ECE,7,8.19,83.8,78.7,0,6.2,6.1,5.2,4.5,5.2,4.1,4.4,2.7,3,1,2,1,0,6.3,8.7,4.8,8.2,7.7,5.6,2,1,Cybersecurity Specialist,1,SYNTHETIC,84.4,92.5
ST00928,Student ST00928,ISE,8,7.04,69.7,73.7,0,2.7,3.2,2.9,3.9,2.7,6.4,1.0,1.9,1,3,1,0,0,7.0,8.0,4.0,7.4,6.7,5.8,0,0,Full-Stack Developer,1,SYNTHETIC,94.9,68.3
ST00929,Student ST00929,CSE,8,6.02,62.5,62.7,0,5.7,3.3,6.8,3.1,4.9,3.5,3.2,3.0,1,4,1,0,0,4.9,7.4,4.6,7.6,6.6,5.9,4,0,Cloud/DevOps Engineer,1,SYNTHETIC,85.7,93.9
ST00930,Student ST00930,Mechanical,7,9.55,91.0,97.0,0,6.6,7.3,3.5,5.7,4.9,5.2,4.1,3.3,1,2,2,1,0,8.5,6.8,5.7,4.7,4.7,5.0,1,0,Data Analyst,1,SYNTHETIC,94.7,70.0
ST00931,Student ST00931,ECE,8,7.41,75.1,68.9,0,7.4,6.6,3.3,4.7,5.8,5.3,3.3,1.0,1,3,2,1,0,7.3,7.7,5.8,7.6,8.9,6.9,0,1,Data Analyst,1,SYNTHETIC,75.9,68.1
ST00932,Student ST00932,CSE,7,6.66,63.9,62.7,0,5.6,4.4,5.2,1.0,2.7,2.5,1.0,1.0,1,1,1,1,1,6.9,6.3,2.2,5.5,5.6,3.6,0,0,Full-Stack Developer,0,SYNTHETIC,91.0,90.2
ST00933,Student ST00933,ISE,8,6.57,69.2,60.2,0,4.1,4.0,6.0,5.8,3.8,3.5,5.3,1.0,1,3,1,0,0,8.0,6.0,4.4,6.1,5.3,4.8,0,0,QA Specialist,0,SYNTHETIC,92.1,72.9
ST00934,Student ST00934,CSE,7,6.9,78.3,68.1,0,5.7,4.1,5.0,2.5,3.2,4.4,5.3,1.7,3,6,1,0,1,7.5,5.9,4.7,6.7,7.0,6.2,0,0,QA Specialist,1,SYNTHETIC,92.4,87.1
ST00935,Student ST00935,Mechanical,7,8.33,85.9,82.7,0,6.3,7.5,6.3,7.5,1.2,5.5,3.8,1.0,1,4,2,1,0,8.3,8.6,6.1,6.4,6.3,5.3,1,0,Full-Stack Developer,1,SYNTHETIC,79.9,63.1
ST00936,Student ST00936,CSE,7,6.54,74.9,69.1,0,4.0,1.8,4.7,3.6,2.1,1.6,2.2,2.4,1,1,1,1,0,4.4,7.7,2.7,7.2,6.0,3.5,1,1,AI/ML Engineer,0,SYNTHETIC,90.2,67.5
ST00937,Student ST00937,CSE,8,8.16,76.3,80.0,0,7.8,6.4,7.7,5.9,6.5,7.5,4.7,4.4,1,1,2,1,1,6.9,7.9,6.0,7.7,6.6,8.2,1,0,QA Specialist,1,SYNTHETIC,82.6,77.5
ST00938,Student ST00938,ECE,7,8.13,84.3,78.8,0,5.2,2.7,2.8,7.1,2.6,7.1,5.4,5.4,0,2,2,0,0,6.4,5.4,5.6,5.9,6.0,5.3,2,0,Full-Stack Developer,0,SYNTHETIC,77.8,61.8
ST00939,Student ST00939,ISE,7,9.67,96.5,97.0,0,6.2,6.8,4.4,7.1,3.6,5.0,5.6,1.4,2,1,2,1,1,7.1,6.2,6.3,5.7,4.8,6.4,3,0,Data Analyst,1,SYNTHETIC,88.4,63.4
ST00940,Student ST00940,ECE,7,8.69,87.0,89.5,0,5.4,7.1,4.7,5.3,4.1,6.2,5.8,4.8,2,3,2,0,1,5.5,6.7,5.1,5.6,6.2,5.5,0,0,Cloud/DevOps Engineer,0,SYNTHETIC,82.8,79.7
ST00941,Student ST00941,ISE,8,8.11,79.9,79.7,0,5.6,3.8,2.1,4.2,3.0,4.9,1.8,2.0,1,1,1,1,0,5.9,6.2,3.5,6.0,5.8,5.4,1,0,Cloud/DevOps Engineer,0,SYNTHETIC,84.8,64.3
ST00942,Student ST00942,CSE,8,6.66,73.2,65.8,0,5.9,6.1,6.0,4.4,4.6,4.4,4.1,4.1,1,5,1,0,0,4.8,6.6,4.6,7.1,6.8,5.7,1,1,Data Analyst,1,SYNTHETIC,93.0,75.3
ST00943,Student ST00943,CSE,7,6.58,74.0,68.3,0,3.7,3.4,5.8,3.8,5.5,5.1,2.3,1.6,0,3,1,1,0,5.0,5.1,2.5,7.5,8.3,4.5,1,0,Cybersecurity Specialist,1,SYNTHETIC,97.0,67.0
ST00944,Student ST00944,Mechanical,7,6.58,73.0,65.1,0,2.7,1.9,3.3,2.3,2.7,3.1,2.1,1.7,2,4,1,0,1,6.2,6.6,2.4,7.3,6.9,5.0,0,1,QA Specialist,0,SYNTHETIC,78.6,94.8
ST00945,Student ST00945,Mechanical,8,6.45,65.0,67.2,0,6.1,5.4,7.0,5.3,4.0,4.1,1.7,3.8,1,1,2,1,0,6.3,5.9,5.4,7.4,9.0,7.8,1,0,Cybersecurity Specialist,1,SYNTHETIC,94.0,60.9
ST00946,Student ST00946,ECE,7,8.23,81.8,78.6,0,6.3,3.7,5.8,4.5,5.4,4.3,4.1,2.2,1,3,2,2,0,6.5,6.8,5.3,6.1,6.6,5.7,1,0,Data Analyst,1,SYNTHETIC,76.9,85.3
ST00947,Student ST00947,CSE,7,6.35,66.6,70.9,0,3.8,5.7,4.6,5.7,2.8,4.6,2.2,1.9,0,5,1,0,1,5.0,6.4,5.6,5.5,5.1,5.5,0,0,Cybersecurity Specialist,1,SYNTHETIC,95.6,73.2
ST00948,Student ST00948,Mechanical,8,6.22,59.6,57.7,0,2.4,3.3,2.2,4.2,2.3,1.0,1.9,1.9,2,4,1,0,0,5.1,6.3,4.7,7.1,6.5,5.6,2,0,Full-Stack Developer,1,SYNTHETIC,91.3,78.3
ST00949,Student ST00949,ISE,8,7.59,75.5,81.8,0,5.7,3.8,6.5,4.8,3.2,4.2,4.1,1.0,2,1,1,0,0,4.6,7.1,4.7,7.0,5.6,4.6,2,0,Cybersecurity Specialist,0,SYNTHETIC,75.4,67.0
ST00950,Student ST00950,Mechanical,8,7.23,65.4,71.3,0,5.0,5.1,6.9,5.7,3.8,3.8,5.7,4.7,2,3,2,0,0,8.4,5.0,5.6,5.0,4.6,5.8,0,0,Cloud/DevOps Engineer,1,SYNTHETIC,96.4,84.2
ST00951,Student ST00951,ISE,7,7.19,69.6,76.1,0,7.8,8.9,5.9,7.8,6.4,5.0,2.9,2.3,1,2,2,1,0,6.7,4.0,9.3,7.9,6.1,8.1,1,0,Cybersecurity Specialist,1,SYNTHETIC,79.8,85.9
ST00952,Student ST00952,ISE,7,7.35,67.2,74.6,0,5.1,1.4,4.0,4.6,4.9,5.4,4.1,1.7,0,3,1,1,1,7.5,7.8,4.8,4.4,4.8,3.3,1,0,Full-Stack Developer,1,SYNTHETIC,87.4,81.6
ST00953,Student ST00953,ISE,7,7.54,75.8,70.5,0,5.5,3.9,4.1,4.6,3.8,4.0,1.8,3.4,5,1,1,1,0,8.8,6.1,3.7,3.2,5.6,2.8,0,0,Full-Stack Developer,1,SYNTHETIC,87.3,68.9
ST00954,Student ST00954,ISE,7,6.75,65.9,72.7,0,5.1,5.0,6.3,2.7,4.4,4.0,2.2,1.0,0,6,1,0,0,8.0,5.4,4.5,7.6,8.2,4.4,0,0,QA Specialist,1,SYNTHETIC,97.7,72.0
ST00955,Student ST00955,CSE,8,8.85,89.6,86.0,0,5.7,4.2,8.5,5.0,6.2,6.1,4.4,2.6,3,1,2,0,0,7.8,7.9,5.6,5.6,6.2,5.9,2,0,AI/ML Engineer,1,SYNTHETIC,82.5,79.9
ST00956,Student ST00956,ISE,8,6.0,67.7,62.2,0,5.7,4.1,4.6,3.0,3.5,4.5,1.8,1.0,1,2,1,0,0,6.4,7.4,4.0,6.3,7.1,4.2,0,0,Full-Stack Developer,1,SYNTHETIC,77.0,62.7
ST00957,Student ST00957,CSE,7,8.3,83.3,90.6,0,7.3,5.3,6.7,7.3,3.6,7.5,2.8,2.9,1,3,2,1,0,6.2,7.7,7.0,4.1,4.0,6.1,0,0,AI/ML Engineer,1,SYNTHETIC,83.3,68.6
ST00958,Student ST00958,ISE,7,6.1,67.7,64.4,0,5.4,4.9,8.3,7.6,4.9,4.0,6.6,3.5,0,2,2,1,0,4.9,5.7,6.5,6.2,5.9,7.8,0,0,Cybersecurity Specialist,1,SYNTHETIC,79.7,72.6
ST00959,Student ST00959,Mechanical,7,7.98,76.7,81.3,0,5.7,2.7,2.0,6.2,1.9,6.3,3.7,3.7,3,1,2,0,0,8.9,7.2,7.0,7.8,6.8,7.0,0,1,Cloud/DevOps Engineer,0,SYNTHETIC,90.1,74.3
ST00960,Student ST00960,CSE,8,6.91,72.1,71.7,0,1.7,3.6,3.4,3.5,4.0,3.6,3.4,2.6,0,1,1,0,0,6.1,6.4,2.7,6.4,6.5,3.6,0,0,Cloud/DevOps Engineer,0,SYNTHETIC,82.6,83.5
ST00961,Student ST00961,CSE,7,8.2,74.4,85.2,0,5.6,2.5,3.9,5.7,2.6,3.4,5.3,6.2,0,2,2,0,0,6.4,6.8,7.0,7.5,6.7,5.6,0,1,QA Specialist,1,SYNTHETIC,94.7,66.8
ST00962,Student ST00962,ECE,7,8.87,88.4,88.7,0,8.1,6.1,8.2,8.3,5.4,6.2,5.4,4.8,1,5,2,1,1,8.0,6.5,9.0,5.3,5.4,6.6,1,0,Full-Stack Developer,1,SYNTHETIC,91.5,92.3
ST00963,Student ST00963,ISE,8,8.81,76.6,85.6,0,4.7,3.6,5.7,6.6,3.8,6.0,3.7,5.0,1,2,2,0,0,5.4,8.6,5.4,3.1,2.8,3.7,1,0,Data Analyst,1,SYNTHETIC,79.4,73.2
ST00964,Student ST00964,ECE,8,7.85,83.3,80.5,0,2.2,3.4,3.4,3.0,1.0,1.3,5.1,1.8,2,3,1,2,1,7.4,7.3,4.2,9.1,9.2,5.6,0,0,Cloud/DevOps Engineer,1,SYNTHETIC,94.2,88.5
ST00965,Student ST00965,ECE,7,8.18,77.7,84.4,0,7.2,5.7,6.7,6.4,3.3,3.9,4.9,2.0,0,4,2,0,0,5.8,6.5,5.3,7.8,7.5,7.1,2,1,Cybersecurity Specialist,1,SYNTHETIC,98.2,92.0
ST00966,Student ST00966,Mechanical,8,5.39,65.3,60.9,0,2.8,3.1,4.8,4.6,3.5,2.4,1.0,2.3,2,1,1,0,1,6.8,4.0,3.1,5.8,8.4,4.3,1,0,QA Specialist,1,SYNTHETIC,88.6,91.0
ST00967,Student ST00967,CSE,8,8.56,80.0,81.2,0,6.9,5.1,5.5,5.7,4.9,6.6,4.0,4.6,3,4,2,3,1,7.4,7.4,6.3,5.1,5.6,5.8,0,0,AI/ML Engineer,1,SYNTHETIC,79.9,91.4
ST00968,Student ST00968,ECE,7,7.85,75.3,80.7,0,2.5,6.3,2.8,1.2,1.0,5.8,1.0,1.0,1,1,1,0,0,8.6,5.4,1.7,6.7,5.5,4.2,1,0,QA Specialist,1,SYNTHETIC,82.8,77.2
ST00969,Student ST00969,CSE,7,8.71,94.3,84.7,0,7.2,7.6,5.4,5.0,3.6,2.5,2.9,5.6,0,1,2,1,0,5.8,7.7,5.9,5.1,5.1,5.2,1,0,Full-Stack Developer,0,SYNTHETIC,86.7,92.5
ST00970,Student ST00970,CSE,8,7.54,76.1,77.8,0,5.7,4.9,4.5,3.9,4.4,3.8,1.8,1.9,0,4,1,1,0,6.3,6.2,3.9,7.3,8.7,6.3,1,0,Full-Stack Developer,1,SYNTHETIC,78.5,87.8
ST00971,Student ST00971,Mechanical,8,8.68,85.0,79.4,0,6.5,4.7,3.8,7.8,8.3,4.4,2.7,1.3,0,2,2,0,0,7.1,6.3,7.5,5.7,5.4,7.2,1,0,AI/ML Engineer,1,SYNTHETIC,78.4,71.1
ST00972,Student ST00972,Mechanical,7,6.33,59.1,60.9,0,1.8,3.9,3.2,2.4,1.0,2.6,1.8,1.0,0,2,1,0,1,4.2,5.8,2.9,8.7,8.1,4.6,1,0,Cloud/DevOps Engineer,0,SYNTHETIC,95.2,69.1
ST00973,Student ST00973,CSE,7,6.58,69.2,71.8,0,4.8,2.6,2.4,5.3,2.4,4.5,2.0,5.1,2,1,1,0,1,6.6,5.0,5.0,5.1,5.2,4.5,0,0,Cybersecurity Specialist,0,SYNTHETIC,90.1,83.6
ST00974,Student ST00974,CSE,7,6.09,63.6,62.7,0,6.3,2.9,3.4,6.1,3.9,2.7,3.4,1.6,0,3,2,0,1,4.4,7.5,7.4,6.2,5.4,5.7,1,0,QA Specialist,1,SYNTHETIC,80.6,76.9
ST00975,Student ST00975,ISE,8,9.3,89.4,96.0,0,6.8,8.1,6.3,6.5,4.2,5.8,5.3,4.9,1,3,2,1,0,7.2,6.9,6.4,5.3,4.2,6.6,1,0,Data Analyst,1,SYNTHETIC,82.9,67.6
ST00976,Student ST00976,ECE,7,7.18,72.5,75.9,0,5.6,5.0,4.8,3.2,4.3,2.9,2.8,2.5,0,1,1,0,0,5.3,4.6,5.2,5.5,5.2,4.7,1,0,Cybersecurity Specialist,0,SYNTHETIC,78.7,89.8
ST00977,Student ST00977,CSE,8,6.28,59.6,58.4,0,1.2,5.0,4.5,3.3,4.1,1.9,1.0,1.0,0,2,1,0,2,7.3,5.8,2.8,4.9,6.4,3.2,0,0,QA Specialist,0,SYNTHETIC,89.2,79.5
ST00978,Student ST00978,Mechanical,7,7.87,82.6,74.4,0,6.4,5.5,5.6,4.1,5.3,6.1,4.9,3.4,0,2,2,0,1,7.7,7.2,4.3,4.8,5.0,5.9,0,0,Cybersecurity Specialist,1,SYNTHETIC,87.6,84.0
ST00979,Student ST00979,ECE,8,8.04,75.7,79.7,0,4.5,5.9,6.2,5.0,3.8,7.5,2.5,1.4,1,3,1,0,2,7.3,7.8,4.6,5.3,5.9,3.6,1,0,Data Analyst,1,SYNTHETIC,94.0,90.0
ST00980,Student ST00980,CSE,8,7.54,76.8,71.4,0,6.9,5.4,6.2,4.2,3.4,4.8,4.7,2.4,0,2,2,0,1,7.9,7.8,4.8,5.0,4.8,4.3,0,0,Cybersecurity Specialist,1,SYNTHETIC,96.5,63.5
ST00981,Student ST00981,CSE,8,5.84,66.2,63.4,0,5.3,4.9,5.5,4.0,1.8,3.2,2.5,1.5,1,6,1,0,1,6.5,5.8,4.8,7.6,7.4,6.4,0,0,Cybersecurity Specialist,1,SYNTHETIC,80.2,79.5
ST00982,Student ST00982,ISE,8,8.78,88.8,80.5,0,4.8,4.6,6.0,4.0,5.4,6.1,4.4,3.1,3,2,1,1,0,9.2,7.0,4.5,7.2,5.8,6.4,1,1,Cybersecurity Specialist,0,SYNTHETIC,95.6,73.7
ST00983,Student ST00983,CSE,8,5.0,55.0,53.8,0,2.7,2.2,1.0,1.9,2.3,1.0,1.0,1.0,0,6,1,0,2,6.9,5.4,1.7,7.4,7.6,3.7,0,0,Full-Stack Developer,0,SYNTHETIC,78.8,79.4
ST00984,Student ST00984,Mechanical,8,6.88,73.5,72.0,0,7.4,6.3,5.2,4.5,2.6,3.9,1.0,1.0,3,1,2,0,0,6.1,7.6,4.1,5.9,4.8,4.4,0,0,QA Specialist,1,SYNTHETIC,77.0,77.7
ST00985,Student ST00985,Mechanical,8,7.82,76.3,76.1,0,4.4,3.4,4.0,3.6,4.3,5.1,2.9,2.6,3,3,1,1,0,5.2,6.5,4.6,7.4,6.7,6.2,0,1,QA Specialist,1,SYNTHETIC,81.2,76.4
ST00986,Student ST00986,ISE,8,6.48,73.1,74.1,0,7.1,5.0,8.4,6.1,3.7,6.2,7.1,3.6,0,4,2,0,0,6.2,4.9,4.9,6.1,5.6,6.8,0,0,Data Analyst,0,SYNTHETIC,88.6,78.5
ST00987,Student ST00987,ISE,8,5.31,56.0,57.1,0,6.9,4.7,7.2,4.6,3.6,4.3,4.5,1.7,0,1,2,0,0,3.8,6.4,5.2,4.3,3.4,4.9,1,0,QA Specialist,0,SYNTHETIC,92.3,67.7
ST00988,Student ST00988,CSE,8,7.12,76.3,71.3,0,5.6,5.0,4.5,5.6,4.9,3.9,3.5,2.3,2,1,2,0,0,6.8,5.2,6.6,4.2,4.2,3.2,1,0,Data Analyst,0,SYNTHETIC,85.9,73.2
ST00989,Student ST00989,CSE,7,6.7,74.8,68.8,1,4.9,4.5,3.7,6.1,4.4,6.0,3.9,6.3,2,5,2,0,1,7.4,5.6,6.4,6.8,7.2,5.3,0,0,Cybersecurity Specialist,0,SYNTHETIC,88.1,75.2
ST00990,Student ST00990,CSE,7,6.31,66.3,71.4,0,5.6,6.0,4.5,3.4,2.1,3.8,3.2,1.0,0,1,1,0,0,4.6,5.4,4.1,7.6,6.4,5.2,3,0,Cybersecurity Specialist,0,SYNTHETIC,89.1,86.9
ST00991,Student ST00991,ECE,8,7.53,78.3,74.7,0,2.9,6.0,5.5,6.0,1.0,4.3,1.9,5.0,5,2,1,0,0,8.9,5.9,5.5,8.3,8.7,5.6,1,1,QA Specialist,0,SYNTHETIC,98.7,69.9
ST00992,Student ST00992,ECE,7,9.37,92.9,89.5,0,5.1,6.6,8.8,5.6,5.8,6.3,3.3,4.8,2,5,2,3,0,9.0,6.8,4.9,6.5,6.0,4.3,1,0,AI/ML Engineer,1,SYNTHETIC,86.8,64.1
ST00993,Student ST00993,CSE,7,6.38,62.8,63.9,0,5.1,4.8,6.3,6.0,4.1,4.8,2.9,3.6,1,4,2,1,0,4.9,6.4,4.5,5.1,5.3,4.4,0,0,QA Specialist,0,SYNTHETIC,86.1,66.9
ST00994,Student ST00994,ECE,7,6.66,72.9,63.6,0,2.4,1.0,4.8,4.0,3.0,4.6,2.6,1.5,0,5,1,0,0,5.9,6.7,3.7,5.3,4.7,3.7,1,0,AI/ML Engineer,0,SYNTHETIC,88.7,83.0
ST00995,Student ST00995,ISE,7,7.34,70.3,75.0,0,5.5,4.7,5.4,3.9,5.3,3.9,1.3,2.7,3,2,1,0,0,6.1,5.5,3.7,6.0,5.5,4.3,0,0,Cybersecurity Specialist,0,SYNTHETIC,77.0,83.6
ST00996,Student ST00996,CSE,7,5.73,63.3,63.8,0,3.2,5.4,3.0,6.8,2.5,6.9,5.4,2.3,1,1,1,0,0,6.5,4.3,5.8,4.9,4.4,5.2,2,0,Cybersecurity Specialist,0,SYNTHETIC,96.8,81.2
ST00997,Student ST00997,ISE,8,6.81,70.4,69.3,0,7.1,6.7,4.2,6.2,4.1,5.1,1.5,1.8,4,1,2,0,0,5.2,6.6,6.8,4.8,4.7,4.7,0,0,Cloud/DevOps Engineer,1,SYNTHETIC,91.3,78.9
ST00998,Student ST00998,ECE,8,6.08,67.2,67.3,0,4.5,5.7,3.0,4.0,3.1,4.0,3.4,2.2,0,3,1,0,0,4.4,7.2,4.3,6.1,5.1,5.9,0,0,Cybersecurity Specialist,0,SYNTHETIC,92.7,89.3
ST00999,Student ST00999,CSE,7,8.29,87.9,84.1,0,5.6,7.4,9.0,6.0,4.6,5.7,3.5,4.8,2,3,2,0,0,5.4,5.8,6.5,6.5,5.1,6.6,1,0,AI/ML Engineer,1,SYNTHETIC,80.3,72.7
ST01000,Student ST01000,Mechanical,7,8.08,84.0,75.8,0,5.1,6.9,6.8,7.5,2.9,4.2,3.1,2.5,0,6,2,1,0,6.4,8.8,6.2,8.3,7.9,5.0,1,0,QA Specialist,1,SYNTHETIC,95.2,77.0
ST01001,Student ST01001,CSE,7,5.73,55.2,61.8,0,6.0,5.0,3.2,4.6,3.8,1.4,2.6,1.9,1,1,2,0,0,6.1,5.1,4.3,7.9,6.6,6.0,1,1,Cloud/DevOps Engineer,0,SYNTHETIC,88.4,90.9
ST01002,Student ST01002,Mechanical,8,8.61,90.9,82.7,0,6.6,7.7,5.1,3.0,4.9,6.7,3.8,7.2,0,2,1,0,0,8.1,7.2,3.7,7.1,6.4,5.8,1,0,AI/ML Engineer,1,SYNTHETIC,76.9,91.7
ST01003,Student ST01003,ECE,7,8.32,82.9,78.3,0,5.6,7.4,5.1,5.7,2.1,5.3,3.4,2.9,0,3,2,0,0,6.1,5.5,5.8,6.2,5.6,5.8,0,0,AI/ML Engineer,1,SYNTHETIC,96.5,84.5
ST01004,Student ST01004,ECE,8,7.04,73.0,70.3,0,5.6,8.0,3.8,5.5,3.1,4.8,3.1,2.4,1,1,2,0,0,6.8,5.2,5.9,6.8,6.4,5.1,2,0,Full-Stack Developer,1,SYNTHETIC,87.1,92.3
ST01005,Student ST01005,CSE,7,8.61,84.3,80.7,0,6.1,5.7,7.8,7.0,2.2,7.2,1.0,6.6,3,1,2,1,0,9.5,6.9,6.2,5.4,4.9,7.2,1,0,AI/ML Engineer,0,SYNTHETIC,94.3,64.8
ST01006,Student ST01006,CSE,8,7.31,68.9,72.6,0,3.3,3.6,2.3,2.3,1.0,1.0,1.0,2.5,1,2,1,1,0,7.3,6.3,2.1,8.3,8.7,4.9,0,0,Cloud/DevOps Engineer,0,SYNTHETIC,85.2,93.6
ST01007,Student ST01007,ECE,8,7.59,73.2,76.7,0,4.0,6.0,3.6,5.6,6.2,5.6,4.4,1.7,2,2,1,0,0,6.3,4.3,4.9,7.9,6.2,6.1,1,0,QA Specialist,0,SYNTHETIC,92.8,74.3
ST01008,Student ST01008,ISE,7,6.8,72.9,70.8,0,3.7,4.9,4.3,3.6,5.3,4.8,3.8,1.9,0,2,1,1,0,9.0,3.8,3.5,7.2,6.0,5.0,1,0,QA Specialist,0,SYNTHETIC,76.9,94.9
ST01009,Student ST01009,Mechanical,7,6.73,67.5,72.8,0,5.3,4.5,7.5,6.4,5.5,4.5,4.4,3.0,2,2,2,0,1,4.7,8.2,6.2,5.9,6.8,5.4,0,0,Data Analyst,1,SYNTHETIC,80.6,72.1
ST01010,Student ST01010,Mechanical,8,6.19,69.2,61.8,0,4.7,2.8,2.0,1.6,2.5,4.1,2.0,2.7,1,2,1,0,0,5.1,6.5,2.7,7.0,6.8,5.1,2,0,Data Analyst,0,SYNTHETIC,76.6,78.4
ST01011,Student ST01011,Mechanical,8,7.29,69.6,73.6,0,2.3,4.7,4.0,5.8,4.5,3.9,4.0,3.7,2,1,1,0,0,4.6,5.5,3.2,7.9,7.6,7.1,1,0,Cloud/DevOps Engineer,1,SYNTHETIC,91.5,83.5
ST01012,Student ST01012,ISE,7,7.26,75.7,69.9,0,4.7,2.2,4.2,5.7,2.5,3.1,2.3,3.6,0,1,1,0,1,7.7,5.8,5.2,7.9,8.0,5.2,0,1,Full-Stack Developer,1,SYNTHETIC,81.1,88.3
ST01013,Student ST01013,Mechanical,8,7.28,65.5,77.6,0,7.0,7.4,4.4,6.8,6.0,3.0,3.3,2.6,1,4,2,0,0,7.1,5.9,6.1,5.1,4.2,6.3,0,0,Cybersecurity Specialist,1,SYNTHETIC,82.3,73.4
ST01014,Student ST01014,CSE,7,8.02,84.6,88.2,0,5.4,5.3,3.9,3.0,1.5,3.2,3.0,4.4,1,3,1,1,0,8.7,5.6,2.7,8.6,8.1,5.9,3,1,Cybersecurity Specialist,0,SYNTHETIC,80.3,78.9
ST01015,Student ST01015,ECE,7,5.82,58.5,59.6,0,4.1,3.2,3.2,4.2,3.5,2.3,1.0,2.2,1,2,1,0,0,4.3,4.8,5.3,7.1,6.3,6.2,1,0,QA Specialist,1,SYNTHETIC,77.4,89.6
ST01016,Student ST01016,ECE,7,9.61,97.8,93.2,0,7.3,4.7,6.7,5.9,4.2,8.6,6.4,4.9,1,4,2,1,1,8.4,8.3,7.1,4.9,5.1,5.3,0,0,Cybersecurity Specialist,1,SYNTHETIC,97.9,61.3
ST01017,Student ST01017,CSE,8,7.02,70.9,72.5,0,5.6,4.1,3.9,4.3,5.5,5.6,3.9,3.8,0,2,1,0,1,6.3,5.2,5.2,4.4,4.0,4.5,0,0,Cybersecurity Specialist,0,SYNTHETIC,95.7,84.0
ST01018,Student ST01018,CSE,7,6.83,73.2,68.9,0,5.4,6.8,4.6,4.1,2.7,4.9,3.2,3.5,1,1,1,0,0,5.8,6.6,5.0,8.4,7.4,6.0,1,1,QA Specialist,0,SYNTHETIC,87.0,81.1
ST01019,Student ST01019,ECE,8,6.55,63.0,72.7,0,4.7,2.8,2.6,4.6,1.7,4.0,3.1,2.9,1,3,1,0,1,5.8,6.2,4.7,2.7,2.7,5.3,1,0,AI/ML Engineer,1,SYNTHETIC,75.4,79.0
ST01020,Student ST01020,Mechanical,7,7.54,76.3,75.9,0,3.2,5.3,5.1,7.0,3.3,2.2,3.5,2.7,1,3,1,0,0,6.6,5.3,5.4,6.0,5.5,4.2,0,0,AI/ML Engineer,0,SYNTHETIC,87.0,92.5
ST01021,Student ST01021,CSE,8,7.46,74.5,73.2,0,6.8,8.4,6.9,5.1,2.9,6.4,2.5,4.6,1,3,2,1,0,6.9,6.8,6.1,6.3,5.0,7.3,0,0,Full-Stack Developer,1,SYNTHETIC,78.7,72.7
ST01022,Student ST01022,ECE,7,8.32,81.4,81.4,0,7.3,7.7,4.0,6.4,3.1,6.2,3.4,2.7,1,5,2,0,1,7.6,7.0,7.4,5.5,6.6,6.4,1,0,AI/ML Engineer,1,SYNTHETIC,83.6,75.9
ST01023,Student ST01023,CSE,8,6.15,70.0,65.4,0,5.5,4.6,4.3,3.7,1.4,2.5,3.0,2.2,2,1,1,1,0,5.9,7.7,3.6,4.9,3.2,4.8,0,0,Cloud/DevOps Engineer,1,SYNTHETIC,78.8,78.3
ST01024,Student ST01024,ECE,7,7.25,73.4,80.0,0,5.1,5.8,4.0,6.7,5.8,4.2,2.2,5.1,3,2,2,1,0,4.8,6.8,5.2,6.5,7.9,7.3,0,0,Cloud/DevOps Engineer,1,SYNTHETIC,84.2,68.6
ST01025,Student ST01025,CSE,8,7.38,66.4,77.7,0,3.4,5.6,3.2,5.1,3.2,4.1,2.7,2.7,1,4,1,0,0,5.6,7.2,4.8,5.2,5.9,4.5,1,0,Cloud/DevOps Engineer,1,SYNTHETIC,76.7,85.6
ST01026,Student ST01026,CSE,8,8.45,89.4,79.8,0,6.4,5.2,4.6,6.2,4.8,4.4,3.6,2.2,2,1,2,1,0,8.1,6.5,5.4,5.9,5.2,6.6,0,0,QA Specialist,1,SYNTHETIC,86.8,77.5
ST01027,Student ST01027,Mechanical,7,5.86,62.2,51.5,0,4.9,6.4,7.6,6.2,4.1,4.4,1.8,2.6,2,2,2,0,1,5.3,7.3,7.0,6.5,6.8,6.8,3,0,AI/ML Engineer,0,SYNTHETIC,81.7,75.1
ST01028,Student ST01028,CSE,7,6.01,72.6,64.6,0,3.2,2.2,4.7,6.1,2.2,4.4,2.4,1.0,0,2,1,0,0,5.7,4.3,5.8,6.7,6.7,6.2,0,0,Data Analyst,0,SYNTHETIC,86.6,91.0
ST01029,Student ST01029,CSE,7,8.08,82.3,79.1,0,7.7,5.9,4.8,5.2,1.1,5.2,5.6,1.2,3,2,2,0,2,7.5,8.2,5.6,7.5,6.4,8.2,2,0,Data Analyst,1,SYNTHETIC,79.4,85.1
ST01030,Student ST01030,CSE,8,9.46,98.0,94.0,0,7.4,4.7,7.3,7.0,4.1,5.6,1.0,2.4,0,1,2,2,0,8.5,6.8,7.6,6.2,7.0,5.7,1,0,Cybersecurity Specialist,1,SYNTHETIC,81.0,92.6
ST01031,Student ST01031,Mechanical,7,7.98,76.1,73.9,0,4.7,4.6,6.9,6.2,4.3,4.8,2.6,1.6,1,1,2,2,2,3.9,6.2,3.9,6.5,7.0,4.8,0,0,QA Specialist,1,SYNTHETIC,84.7,60.8
ST01032,Student ST01032,ECE,7,6.42,67.5,69.4,0,2.7,2.9,2.3,4.2,3.6,1.4,3.6,3.3,1,2,1,0,0,4.8,6.8,4.1,5.8,7.2,3.1,0,0,Data Analyst,0,SYNTHETIC,79.3,61.3
ST01033,Student ST01033,ISE,8,7.6,76.5,77.6,0,6.4,7.2,4.9,5.3,2.7,6.0,5.7,3.0,0,1,2,1,0,6.5,4.5,6.9,6.1,5.8,7.5,0,0,Data Analyst,0,SYNTHETIC,87.3,83.8
ST01034,Student ST01034,Mechanical,8,6.57,67.5,66.3,0,3.5,5.2,3.2,2.4,1.0,1.8,1.0,1.3,1,4,1,1,1,7.1,5.7,4.0,6.7,6.0,4.5,0,0,Data Analyst,1,SYNTHETIC,76.9,63.7
ST01035,Student ST01035,ISE,7,7.36,73.5,75.5,0,5.5,6.7,3.1,4.7,6.5,3.8,4.6,4.0,1,3,1,0,0,6.1,6.0,4.4,5.1,5.6,4.4,1,0,Cybersecurity Specialist,0,SYNTHETIC,82.3,89.5
ST01036,Student ST01036,Mechanical,7,5.93,66.0,58.9,0,4.9,5.6,2.9,8.0,5.4,5.4,1.8,2.8,0,4,2,0,0,5.1,6.2,6.3,6.4,5.5,6.0,0,0,Cybersecurity Specialist,1,SYNTHETIC,91.3,77.5
ST01037,Student ST01037,ECE,8,5.97,58.2,65.4,0,2.5,3.2,2.4,3.3,1.4,4.0,3.4,1.0,0,1,1,0,0,5.7,7.3,2.7,6.6,7.0,5.0,0,0,Cybersecurity Specialist,0,SYNTHETIC,75.7,84.0
ST01038,Student ST01038,ECE,8,7.83,80.9,79.7,0,3.4,5.3,2.3,4.7,2.9,5.0,3.3,1.4,0,1,1,0,0,6.2,6.6,4.0,8.6,8.9,5.2,1,1,QA Specialist,0,SYNTHETIC,86.2,71.0
ST01039,Student ST01039,CSE,8,6.26,58.3,67.9,0,5.7,4.1,4.3,2.5,2.1,1.5,4.2,1.0,0,4,1,0,1,6.6,5.9,3.1,7.8,7.9,7.2,3,0,Cloud/DevOps Engineer,0,SYNTHETIC,81.3,90.9
ST01040,Student ST01040,CSE,7,8.76,88.1,82.1,0,4.9,5.2,7.1,7.3,4.5,4.3,4.4,4.5,1,6,2,0,0,6.4,7.0,7.0,6.1,6.1,4.9,0,0,Full-Stack Developer,1,SYNTHETIC,86.9,79.5
ST01041,Student ST01041,CSE,7,8.39,86.3,76.2,0,5.3,5.8,4.7,6.8,3.9,7.2,1.9,4.9,0,2,2,0,0,5.7,7.8,5.6,7.0,7.8,5.8,1,0,Cybersecurity Specialist,0,SYNTHETIC,77.9,61.5
ST01042,Student ST01042,Mechanical,8,7.1,70.6,77.9,0,5.1,2.5,4.9,3.4,2.6,3.4,4.9,1.6,2,4,1,0,1,4.7,6.9,3.9,6.0,7.4,3.9,3,0,Full-Stack Developer,1,SYNTHETIC,86.8,78.2
ST01043,Student ST01043,Mechanical,7,6.77,72.8,68.7,0,5.5,3.8,3.5,5.3,3.5,3.4,2.1,1.0,1,2,2,0,0,5.9,5.3,4.6,5.6,5.2,6.2,0,0,Cybersecurity Specialist,1,SYNTHETIC,91.3,84.6
ST01044,Student ST01044,ISE,8,7.98,81.8,83.0,0,4.7,3.0,3.6,5.1,4.5,3.8,5.4,2.9,0,1,1,0,0,6.4,7.6,4.8,6.2,5.9,7.0,0,0,Full-Stack Developer,1,SYNTHETIC,89.2,79.1
ST01045,Student ST01045,CSE,7,7.64,74.1,73.6,0,4.9,6.7,6.7,6.3,2.1,4.8,1.7,2.6,0,1,2,0,1,6.7,5.9,6.8,5.4,4.2,6.1,0,0,Cloud/DevOps Engineer,1,SYNTHETIC,93.8,93.5
ST01046,Student ST01046,CSE,8,8.08,81.4,82.6,0,6.3,5.1,3.7,6.0,5.1,5.5,2.6,2.5,2,1,2,0,0,5.7,6.4,5.7,7.7,7.4,6.0,2,0,Cloud/DevOps Engineer,0,SYNTHETIC,92.3,61.1
ST01047,Student ST01047,CSE,8,7.4,70.5,77.4,0,4.3,2.5,5.9,4.8,3.6,5.1,4.1,1.5,0,1,1,0,0,8.2,5.2,5.3,7.2,5.5,6.0,2,0,QA Specialist,0,SYNTHETIC,94.8,94.0
ST01048,Student ST01048,ECE,7,6.02,66.7,56.9,0,5.7,7.4,5.5,5.9,4.5,3.3,1.6,1.4,1,4,2,0,0,5.7,6.2,6.3,5.7,5.8,7.0,1,0,Cybersecurity Specialist,1,SYNTHETIC,88.6,73.4
ST01049,Student ST01049,Mechanical,7,5.88,66.0,63.8,0,2.9,1.7,4.4,2.7,4.8,4.2,2.5,2.5,0,1,1,0,0,6.6,4.8,4.2,8.3,8.4,4.0,2,0,QA Specialist,0,SYNTHETIC,88.8,83.6
ST01050,Student ST01050,CSE,7,5.85,61.4,62.3,0,5.0,4.7,5.2,5.2,3.3,3.7,2.8,3.2,1,2,1,1,0,7.3,4.8,5.6,5.7,5.1,4.7,0,0,Full-Stack Developer,1,SYNTHETIC,77.5,70.5
ST01051,Student ST01051,CSE,7,6.71,65.5,74.6,0,5.6,8.0,6.9,4.4,2.0,3.7,2.4,1.0,0,6,1,0,1,5.1,5.7,4.9,4.4,4.0,5.5,1,0,Cloud/DevOps Engineer,1,SYNTHETIC,90.3,89.6
ST01052,Student ST01052,Mechanical,8,7.73,78.7,74.9,0,3.8,4.0,4.0,5.1,3.4,4.4,3.3,4.3,3,6,1,0,0,6.0,5.9,4.4,8.7,8.2,7.4,1,1,Full-Stack Developer,1,SYNTHETIC,93.6,86.5
ST01053,Student ST01053,CSE,8,6.32,60.8,68.3,0,2.3,4.5,4.3,2.6,1.6,1.0,5.0,3.6,1,3,1,0,1,6.4,5.6,2.8,5.7,5.4,3.6,1,0,AI/ML Engineer,1,SYNTHETIC,78.2,90.0
ST01054,Student ST01054,ECE,7,8.49,78.5,86.3,0,3.5,7.2,7.6,5.6,5.1,5.7,7.3,4.3,0,1,1,2,0,6.2,7.3,4.3,9.4,8.9,7.3,1,1,AI/ML Engineer,1,SYNTHETIC,98.2,90.6
ST01055,Student ST01055,ISE,8,5.59,63.7,65.1,0,1.3,5.2,5.3,4.4,2.0,2.7,4.0,1.3,1,4,1,0,1,6.1,5.9,3.8,4.6,5.5,3.8,0,0,Data Analyst,0,SYNTHETIC,76.2,80.1
ST01056,Student ST01056,Mechanical,8,6.62,63.9,65.3,0,5.0,5.5,5.3,3.8,2.0,3.1,3.0,1.9,2,1,1,1,0,6.4,6.7,4.8,7.8,7.2,6.0,1,0,AI/ML Engineer,1,SYNTHETIC,91.4,65.8
ST01057,Student ST01057,ECE,7,6.33,66.3,59.5,0,7.0,3.7,4.5,5.7,3.2,5.6,3.4,3.8,1,3,2,0,1,4.4,4.8,7.0,8.6,8.2,7.4,0,0,AI/ML Engineer,0,SYNTHETIC,97.3,80.7
ST01058,Student ST01058,Mechanical,7,7.61,77.6,72.7,0,3.6,6.1,6.9,8.5,3.2,6.1,5.9,2.4,0,2,2,0,2,7.0,6.3,6.6,5.7,6.7,6.2,1,0,Cybersecurity Specialist,1,SYNTHETIC,85.5,83.5
ST01059,Student ST01059,ECE,7,8.28,84.1,81.1,0,6.2,5.4,7.1,6.8,4.0,3.6,6.3,2.0,1,2,2,0,0,7.7,7.8,6.7,7.2,7.9,6.2,0,0,Full-Stack Developer,1,SYNTHETIC,79.6,86.2
ST01060,Student ST01060,Mechanical,8,7.2,72.3,76.1,0,4.8,6.7,6.3,6.5,4.7,6.0,2.1,3.4,2,4,2,0,1,6.9,5.1,5.9,7.2,7.0,7.2,0,1,Data Analyst,0,SYNTHETIC,86.6,89.5
ST01061,Student ST01061,CSE,8,7.55,76.8,73.6,0,6.3,8.3,8.6,6.5,3.8,6.1,5.7,4.7,2,2,2,0,0,6.3,6.4,6.1,3.6,5.0,6.4,1,0,AI/ML Engineer,1,SYNTHETIC,97.7,73.7
ST01062,Student ST01062,CSE,8,7.68,71.5,80.2,0,1.8,5.0,3.3,6.4,3.0,4.4,3.8,2.9,1,1,1,0,2,6.5,7.9,4.0,3.3,3.4,4.5,0,0,Full-Stack Developer,1,SYNTHETIC,75.1,79.6
ST01063,Student ST01063,CSE,7,8.08,75.4,78.4,0,8.9,5.5,3.4,2.3,4.8,8.0,3.0,2.5,0,4,2,1,1,6.9,6.9,5.4,6.8,5.4,5.1,2,0,Data Analyst,1,SYNTHETIC,83.8,90.3
ST01064,Student ST01064,Mechanical,8,6.51,65.5,65.7,0,6.1,3.8,5.3,4.3,3.2,4.4,4.7,2.9,1,6,1,0,1,6.1,6.0,4.6,6.4,4.6,6.0,0,0,QA Specialist,1,SYNTHETIC,86.0,87.1
ST01065,Student ST01065,Mechanical,8,5.0,56.1,56.5,0,3.1,1.0,1.7,1.7,2.9,1.0,1.0,3.2,0,1,1,0,1,3.9,4.2,1.9,6.9,6.1,4.3,1,0,Cybersecurity Specialist,0,SYNTHETIC,79.2,64.0
ST01066,Student ST01066,Mechanical,8,6.1,58.8,62.0,0,6.7,5.7,5.9,2.5,2.4,5.7,1.2,2.7,0,2,1,1,0,6.9,6.7,3.0,5.2,5.0,4.3,1,0,QA Specialist,1,SYNTHETIC,82.3,82.4
ST01067,Student ST01067,Mechanical,7,8.44,84.6,89.7,0,6.7,6.5,6.7,9.0,5.5,5.2,5.0,4.5,0,4,2,1,0,8.5,6.8,7.9,7.2,8.9,7.9,0,1,Cybersecurity Specialist,1,SYNTHETIC,98.7,90.7
ST01068,Student ST01068,CSE,8,7.47,68.0,75.6,0,3.3,4.1,4.5,5.3,3.3,4.2,1.8,1.0,2,2,1,0,0,6.8,4.8,5.0,8.5,7.1,6.7,1,1,Cybersecurity Specialist,1,SYNTHETIC,98.7,60.8
ST01069,Student ST01069,Mechanical,7,6.24,63.3,58.9,0,5.3,4.9,4.2,3.9,2.7,5.2,1.0,2.0,1,3,1,0,0,5.9,6.5,4.1,5.1,3.1,5.1,1,0,AI/ML Engineer,1,SYNTHETIC,94.1,71.1
ST01070,Student ST01070,ECE,8,7.91,84.0,75.4,0,5.9,4.9,7.4,6.7,6.8,5.8,6.4,6.0,2,2,2,0,0,8.4,7.3,6.8,5.6,5.8,6.8,2,0,Cybersecurity Specialist,1,SYNTHETIC,94.2,93.4
ST01071,Student ST01071,CSE,8,7.42,73.3,77.6,0,6.0,7.7,7.5,7.0,7.6,4.8,2.9,4.5,1,2,2,0,0,3.4,5.8,5.6,5.7,5.8,6.6,0,0,Cybersecurity Specialist,0,SYNTHETIC,86.3,94.6
ST01072,Student ST01072,ECE,8,6.52,68.7,60.2,0,1.3,1.1,2.9,2.6,1.4,3.6,1.0,2.7,3,2,1,0,0,5.6,5.6,1.0,5.6,4.0,1.5,0,0,QA Specialist,0,SYNTHETIC,79.3,89.7
ST01073,Student ST01073,ISE,8,7.87,75.1,80.3,0,5.2,5.2,4.9,3.2,2.3,2.9,3.1,4.1,2,1,1,0,0,5.1,5.8,4.9,3.6,4.3,5.2,2,0,Cybersecurity Specialist,0,SYNTHETIC,95.7,65.4
ST01074,Student ST01074,ISE,8,7.42,68.4,71.2,0,3.8,2.3,4.0,4.5,5.6,3.4,4.0,1.2,0,1,1,0,0,8.9,6.8,5.3,7.8,7.4,5.2,1,1,Full-Stack Developer,1,SYNTHETIC,84.9,71.4
ST01075,Student ST01075,ECE,7,8.06,79.3,81.6,0,4.6,5.2,2.1,4.4,4.6,5.7,1.7,3.3,2,2,1,1,0,6.9,6.0,4.1,6.3,6.7,5.6,1,0,Full-Stack Developer,1,SYNTHETIC,85.9,90.7
ST01076,Student ST01076,Mechanical,8,9.07,84.7,82.2,0,6.6,3.8,7.3,9.1,4.9,4.1,4.4,4.1,0,1,2,0,1,6.4,7.3,8.2,5.3,4.5,6.9,0,0,Data Analyst,1,SYNTHETIC,97.3,80.0
ST01077,Student ST01077,Mechanical,8,5.81,59.9,60.6,0,2.6,2.9,2.8,6.8,2.9,5.5,4.1,1.0,0,1,1,0,1,6.0,5.8,5.1,7.4,6.8,6.9,1,0,Cloud/DevOps Engineer,0,SYNTHETIC,78.8,86.1
ST01078,Student ST01078,CSE,7,7.04,73.7,75.4,0,4.3,2.7,5.1,1.0,5.8,2.0,4.2,1.7,1,4,1,1,1,7.5,5.5,2.8,7.4,7.5,5.2,1,0,Cloud/DevOps Engineer,0,SYNTHETIC,86.2,74.2
ST01079,Student ST01079,ISE,8,6.06,70.4,63.2,0,2.4,3.0,4.0,2.9,1.8,3.4,3.6,4.2,2,2,1,0,1,6.7,5.2,2.6,7.6,8.5,3.4,0,0,Cloud/DevOps Engineer,0,SYNTHETIC,91.6,87.4
ST01080,Student ST01080,Mechanical,7,6.22,63.4,65.3,0,3.8,1.7,3.0,3.5,1.0,4.5,1.0,3.2,0,3,1,0,0,5.7,5.2,2.5,6.5,7.2,4.8,2,0,Cybersecurity Specialist,1,SYNTHETIC,84.9,83.3
ST01081,Student ST01081,Mechanical,8,6.87,70.0,66.5,0,5.5,5.6,6.5,5.4,2.8,4.8,2.2,3.3,0,4,2,0,0,6.4,4.0,5.9,4.6,4.5,4.6,1,0,QA Specialist,1,SYNTHETIC,96.0,82.1
ST01082,Student ST01082,ISE,8,7.55,78.7,77.6,0,6.8,5.5,8.4,6.7,2.2,4.5,4.0,3.1,3,1,2,0,1,5.9,6.2,5.9,4.8,3.2,5.7,0,0,AI/ML Engineer,0,SYNTHETIC,96.8,71.7
ST01083,Student ST01083,ECE,8,7.95,84.6,83.4,0,5.2,4.9,2.8,3.3,3.3,4.2,4.0,3.5,1,3,1,0,1,7.5,7.9,4.4,5.4,5.6,4.3,3,0,QA Specialist,1,SYNTHETIC,91.2,85.5
ST01084,Student ST01084,ISE,7,7.38,78.3,71.9,0,4.3,3.3,6.3,6.2,1.7,4.4,1.0,2.6,0,1,2,0,0,8.4,7.9,5.6,7.3,6.3,7.2,1,0,AI/ML Engineer,1,SYNTHETIC,78.8,85.3
ST01085,Student ST01085,CSE,8,7.19,68.6,68.6,0,4.7,5.1,1.4,6.2,2.5,3.7,1.0,3.9,3,1,2,1,1,7.5,4.5,6.6,7.5,6.8,6.6,1,0,QA Specialist,1,SYNTHETIC,95.7,67.7
ST01086,Student ST01086,CSE,8,7.47,73.7,76.0,0,7.2,6.9,8.3,6.2,6.2,7.3,1.0,4.2,2,6,2,2,0,7.5,5.2,6.6,7.4,7.8,6.9,1,0,Cybersecurity Specialist,1,SYNTHETIC,97.1,62.9
ST01087,Student ST01087,ECE,7,8.58,82.0,87.3,0,5.1,8.2,4.9,7.1,4.1,7.1,4.8,6.6,2,2,2,1,0,7.2,8.2,6.3,7.6,6.8,6.4,1,0,QA Specialist,0,SYNTHETIC,77.8,62.2
ST01088,Student ST01088,Mechanical,8,8.45,74.0,83.4,0,7.2,4.7,6.4,6.8,1.8,4.7,2.9,4.6,3,6,2,1,1,5.9,5.9,7.0,6.5,6.2,4.6,0,0,AI/ML Engineer,1,SYNTHETIC,76.8,80.7
ST01089,Student ST01089,CSE,7,5.16,56.6,53.3,0,3.6,3.8,5.8,2.8,1.8,1.1,1.9,2.5,1,1,1,0,1,7.1,6.8,3.2,5.9,7.3,4.1,1,0,Data Analyst,0,SYNTHETIC,86.6,69.1
ST01090,Student ST01090,Mechanical,7,7.33,76.4,71.8,0,5.1,4.5,5.0,6.1,4.3,5.0,1.0,3.4,1,1,2,0,0,5.2,6.8,6.0,6.1,5.7,6.6,0,0,Full-Stack Developer,1,SYNTHETIC,78.0,61.2
ST01091,Student ST01091,CSE,8,7.72,77.0,73.6,0,7.2,6.3,7.4,4.0,4.6,5.3,5.4,2.8,0,2,2,0,0,6.5,6.6,5.5,4.2,5.4,4.0,0,0,Cybersecurity Specialist,0,SYNTHETIC,94.5,75.1
ST01092,Student ST01092,ECE,7,5.59,62.4,63.8,0,3.1,3.8,5.8,5.1,3.8,3.8,5.4,6.6,3,4,1,0,0,4.1,5.8,4.8,5.1,5.7,4.9,1,0,AI/ML Engineer,0,SYNTHETIC,95.6,83.3
ST01093,Student ST01093,ECE,8,8.32,78.6,79.3,0,8.1,7.6,8.2,8.5,5.1,5.6,5.3,4.0,3,2,2,0,1,6.4,6.1,8.4,5.1,5.2,6.8,1,0,Full-Stack Developer,1,SYNTHETIC,82.2,81.6
ST01094,Student ST01094,CSE,7,7.57,67.9,75.0,0,7.1,5.0,5.4,5.4,2.5,5.3,2.2,4.1,0,2,2,2,1,5.8,6.2,5.9,6.2,4.9,6.1,0,0,AI/ML Engineer,0,SYNTHETIC,91.2,72.3
ST01095,Student ST01095,CSE,8,7.51,83.1,83.1,0,4.7,7.9,6.3,5.8,3.8,5.0,4.6,7.0,1,2,1,0,1,5.4,5.8,5.3,6.2,6.6,6.1,0,0,Cybersecurity Specialist,1,SYNTHETIC,98.6,83.8
ST01096,Student ST01096,ECE,8,6.63,70.8,71.4,0,2.8,5.0,2.9,3.6,5.4,4.6,2.4,3.2,0,1,1,1,1,3.7,5.8,1.8,6.4,6.0,5.6,0,0,AI/ML Engineer,1,SYNTHETIC,97.7,68.9
ST01097,Student ST01097,ECE,7,7.81,80.1,77.7,0,4.3,3.8,3.6,5.5,3.1,2.6,5.7,3.0,3,5,1,1,0,4.5,6.8,4.8,8.1,7.9,5.8,0,0,QA Specialist,0,SYNTHETIC,95.9,87.3
ST01098,Student ST01098,ECE,8,7.7,73.2,79.7,0,5.0,6.7,7.9,5.7,5.8,6.0,3.3,1.0,0,1,2,1,0,7.4,6.6,5.1,5.4,6.4,6.5,0,0,Cloud/DevOps Engineer,1,SYNTHETIC,86.2,89.9
ST01099,Student ST01099,ISE,8,6.91,68.3,60.3,0,4.2,3.6,4.0,2.0,3.6,6.3,2.9,1.3,2,1,1,1,0,6.2,5.7,2.0,6.4,6.6,4.5,1,0,Data Analyst,0,SYNTHETIC,94.9,67.4
ST01100,Student ST01100,CSE,8,8.21,71.8,84.6,0,5.4,5.4,6.7,2.5,4.1,5.5,6.9,1.2,2,6,1,0,0,7.2,6.3,3.3,8.9,8.9,6.6,1,1,QA Specialist,0,SYNTHETIC,87.2,84.7
ST01101,Student ST01101,CSE,8,6.77,65.2,74.9,0,1.0,1.0,2.9,3.8,2.7,4.6,1.0,2.7,3,1,1,0,0,7.8,6.0,2.0,7.4,7.5,4.7,2,0,Data Analyst,0,SYNTHETIC,89.3,91.7
ST01102,Student ST01102,CSE,8,7.92,89.2,82.3,0,5.2,3.7,8.3,7.4,3.8,7.4,4.3,2.3,2,4,2,1,0,5.4,7.0,5.8,8.0,5.8,6.5,0,0,Full-Stack Developer,0,SYNTHETIC,89.9,89.3
ST01103,Student ST01103,Mechanical,7,5.37,56.9,65.9,0,5.4,1.0,2.7,2.6,1.9,2.0,2.3,1.0,0,2,1,0,0,7.6,5.9,3.9,3.8,5.2,4.1,0,0,Data Analyst,0,SYNTHETIC,76.8,64.1
ST01104,Student ST01104,ECE,7,7.43,73.5,71.2,0,5.7,2.9,3.1,3.3,2.3,5.6,1.9,6.0,2,5,1,0,1,7.9,5.8,2.6,5.9,4.8,4.7,0,0,Cybersecurity Specialist,0,SYNTHETIC,84.4,75.3
ST01105,Student ST01105,Mechanical,7,6.87,78.3,72.6,0,5.0,4.5,6.6,5.8,3.9,7.2,2.4,1.8,3,3,2,0,0,5.6,5.9,4.7,7.9,7.7,7.2,1,1,Full-Stack Developer,1,SYNTHETIC,87.0,70.2
ST01106,Student ST01106,ECE,8,8.6,77.1,85.0,0,6.0,7.6,7.9,5.5,4.0,4.1,4.6,4.0,3,3,2,0,1,7.7,6.0,5.6,8.5,8.2,7.1,0,0,Full-Stack Developer,1,SYNTHETIC,94.4,64.7
ST01107,Student ST01107,ISE,7,6.55,66.7,57.0,0,2.3,4.2,3.6,3.6,5.7,2.2,2.6,2.5,1,3,1,0,0,4.9,5.2,1.6,5.9,5.7,4.7,0,0,Full-Stack Developer,0,SYNTHETIC,90.0,62.8
ST01108,Student ST01108,CSE,8,8.19,84.6,83.6,0,7.8,6.4,6.2,6.4,3.4,4.9,1.0,2.6,2,3,2,1,0,6.9,5.9,7.6,5.5,4.6,6.4,0,0,Full-Stack Developer,1,SYNTHETIC,89.3,80.7
ST01109,Student ST01109,CSE,7,7.33,72.0,67.2,0,4.5,4.5,6.7,3.9,6.4,3.3,1.0,2.0,2,2,1,1,0,7.9,6.4,3.2,6.4,6.8,5.0,1,0,QA Specialist,1,SYNTHETIC,93.9,63.2
ST01110,Student ST01110,ISE,7,5.56,64.1,58.3,0,2.9,4.0,2.4,2.1,2.3,2.3,2.6,1.0,2,3,1,0,1,5.7,4.6,4.0,7.6,7.2,6.4,0,0,Data Analyst,0,SYNTHETIC,97.2,78.7
ST01111,Student ST01111,Mechanical,7,5.96,65.6,54.5,0,6.6,3.7,5.1,4.5,2.7,5.2,3.1,1.7,1,1,2,0,0,7.0,5.3,5.8,5.0,5.7,5.3,1,0,Full-Stack Developer,0,SYNTHETIC,89.0,86.1
ST01112,Student ST01112,Mechanical,7,6.32,62.8,65.5,0,5.2,6.1,5.5,4.4,3.1,4.8,2.7,4.5,1,2,1,0,0,5.3,6.5,3.4,3.6,3.2,4.2,0,0,Data Analyst,0,SYNTHETIC,76.7,88.1
ST01113,Student ST01113,Mechanical,8,6.36,71.5,61.2,0,6.2,4.0,5.6,2.9,2.5,3.2,4.1,1.0,2,1,1,0,0,5.0,4.8,4.7,8.1,8.0,5.0,1,0,Cloud/DevOps Engineer,1,SYNTHETIC,80.9,83.8
ST01114,Student ST01114,CSE,7,6.69,69.6,68.3,0,5.6,5.1,5.1,10.0,6.5,4.6,6.6,4.4,0,2,2,0,0,3.8,5.5,8.3,8.0,7.1,8.6,1,0,QA Specialist,1,SYNTHETIC,79.1,62.5
ST01115,Student ST01115,ISE,7,6.5,67.8,68.9,0,4.6,2.9,3.9,6.0,2.4,4.0,1.0,3.9,3,2,2,0,0,6.5,6.3,4.9,3.3,1.6,4.2,1,0,QA Specialist,0,SYNTHETIC,96.9,82.8
ST01116,Student ST01116,ECE,8,6.87,68.5,64.4,0,2.3,3.2,2.0,2.6,2.5,1.0,4.5,4.7,4,5,1,1,0,5.5,5.0,3.4,7.1,6.3,4.2,1,0,Cybersecurity Specialist,1,SYNTHETIC,83.9,84.8
ST01117,Student ST01117,CSE,7,7.69,78.4,69.1,0,7.6,8.7,5.6,10.0,4.7,3.4,2.6,2.5,2,6,3,0,0,8.2,5.3,10.0,4.2,2.8,6.2,0,0,Full-Stack Developer,1,SYNTHETIC,94.3,81.0
ST01118,Student ST01118,ISE,8,5.78,60.7,66.1,0,2.9,4.3,3.0,5.2,3.5,4.9,1.5,1.6,3,4,1,0,0,7.0,4.0,3.2,7.4,6.7,3.8,0,1,Cloud/DevOps Engineer,1,SYNTHETIC,75.1,60.9
ST01119,Student ST01119,ISE,7,6.53,66.1,67.6,0,2.5,3.4,3.4,2.5,2.0,2.4,1.0,1.0,0,6,1,0,0,6.2,6.1,2.6,4.6,4.1,3.6,1,0,QA Specialist,0,SYNTHETIC,90.5,66.2
ST01120,Student ST01120,ECE,7,6.83,68.6,69.8,0,3.5,4.8,2.1,5.9,1.3,3.8,1.0,4.9,1,1,1,0,0,5.3,6.0,4.9,6.7,6.8,6.1,2,0,Full-Stack Developer,1,SYNTHETIC,85.9,90.3
ST01121,Student ST01121,Mechanical,8,5.81,62.7,64.3,0,3.5,3.1,5.3,5.9,3.9,2.9,3.7,2.7,0,1,1,0,0,5.5,7.7,4.4,7.0,7.5,5.4,3,1,Cloud/DevOps Engineer,0,SYNTHETIC,96.9,85.0
ST01122,Student ST01122,ISE,7,7.51,79.0,74.6,0,5.0,6.3,3.1,3.6,6.6,4.7,2.5,3.9,1,1,1,0,1,4.9,7.2,4.5,6.2,4.0,5.5,0,0,Data Analyst,0,SYNTHETIC,98.2,85.2
ST01123,Student ST01123,Mechanical,8,6.33,68.8,57.9,0,5.6,4.6,3.5,3.9,4.6,6.1,1.6,4.5,2,2,1,0,0,7.9,6.0,5.5,6.5,5.9,5.9,0,0,Cloud/DevOps Engineer,0,SYNTHETIC,90.2,94.2
ST01124,Student ST01124,ISE,8,8.06,81.8,81.2,0,6.2,7.4,8.3,5.7,4.0,4.7,2.2,6.5,3,2,2,2,1,7.4,5.4,5.4,5.0,5.1,5.5,0,0,Full-Stack Developer,1,SYNTHETIC,77.8,62.0
ST01125,Student ST01125,ECE,7,6.79,64.1,69.5,0,6.4,3.6,6.3,3.1,1.4,3.8,1.5,1.0,2,5,1,0,0,6.0,4.7,4.8,4.9,5.3,4.0,1,0,Cybersecurity Specialist,0,SYNTHETIC,97.4,73.6
ST01126,Student ST01126,Mechanical,7,7.85,77.0,76.0,0,4.0,7.5,4.4,6.4,3.7,3.9,3.4,3.1,1,1,1,0,0,7.5,4.7,6.1,7.7,7.8,4.9,0,0,QA Specialist,1,SYNTHETIC,77.9,87.5
ST01127,Student ST01127,CSE,7,8.44,86.8,80.1,0,4.6,4.7,6.7,5.6,5.4,2.9,4.0,4.4,2,2,1,1,0,6.6,7.1,5.0,5.0,5.8,5.3,2,0,Data Analyst,1,SYNTHETIC,78.4,62.6
ST01128,Student ST01128,ECE,7,8.35,92.2,80.6,0,6.5,5.7,4.1,5.8,6.1,3.4,7.3,4.4,1,3,2,0,0,6.4,6.7,7.0,6.1,6.6,5.7,1,0,Full-Stack Developer,1,SYNTHETIC,90.5,65.3
ST01129,Student ST01129,CSE,7,6.48,68.7,72.1,0,2.4,1.6,4.5,2.7,1.2,1.2,1.0,1.1,1,2,1,0,0,5.5,4.6,2.8,4.3,5.0,3.6,1,0,QA Specialist,1,SYNTHETIC,89.6,94.5
ST01130,Student ST01130,Mechanical,7,6.51,63.7,67.2,0,3.4,2.9,4.6,3.6,3.9,2.9,1.0,2.7,0,1,1,0,0,5.8,7.0,2.7,7.2,5.4,5.0,1,0,QA Specialist,1,SYNTHETIC,81.6,91.3
ST01131,Student ST01131,ECE,7,9.87,93.9,92.6,0,6.2,5.0,6.0,8.0,4.6,8.3,3.9,5.2,0,4,2,1,1,7.1,8.9,7.0,4.5,4.0,5.8,0,0,QA Specialist,1,SYNTHETIC,95.8,63.7
ST01132,Student ST01132,CSE,7,8.31,84.3,79.6,0,7.6,4.8,4.7,4.5,4.8,7.2,5.1,5.4,1,4,2,1,0,9.0,7.0,6.2,4.6,3.1,6.5,1,0,Cloud/DevOps Engineer,1,SYNTHETIC,89.9,77.0
ST01133,Student ST01133,ECE,8,7.71,74.5,76.0,0,3.0,3.4,6.2,3.9,4.3,3.5,1.0,3.0,1,5,1,0,0,7.7,6.8,3.4,3.9,3.6,3.8,0,0,Cloud/DevOps Engineer,1,SYNTHETIC,78.5,78.9
ST01134,Student ST01134,ISE,8,6.65,71.6,66.8,0,6.7,5.1,5.3,4.6,2.0,6.5,3.1,2.2,2,1,2,0,0,5.8,5.5,5.6,4.5,2.9,6.9,2,0,Data Analyst,1,SYNTHETIC,81.5,75.2
ST01135,Student ST01135,ECE,7,5.5,58.2,57.1,0,3.1,1.1,1.3,3.4,2.4,4.1,1.6,1.0,1,1,1,0,0,4.2,5.7,2.1,6.4,6.8,4.1,0,0,Full-Stack Developer,1,SYNTHETIC,85.8,89.5
ST01136,Student ST01136,ECE,8,7.58,73.3,69.3,0,4.0,4.2,9.1,6.7,3.2,6.7,5.5,1.9,1,1,2,1,0,8.0,6.6,5.5,4.8,3.7,4.2,1,0,AI/ML Engineer,0,SYNTHETIC,93.0,88.4
ST01137,Student ST01137,CSE,7,7.65,80.2,73.5,0,4.7,3.6,5.1,4.4,2.5,3.7,4.4,1.6,2,1,1,0,1,4.8,6.3,3.9,8.3,10.0,5.8,1,1,Cloud/DevOps Engineer,0,SYNTHETIC,92.5,86.7
ST01138,Student ST01138,Mechanical,8,5.63,64.5,61.6,0,3.7,3.9,3.7,3.2,1.1,4.0,2.0,1.0,2,1,1,1,0,6.2,5.2,3.2,6.6,6.7,5.7,2,0,Cybersecurity Specialist,0,SYNTHETIC,78.9,76.9
ST01139,Student ST01139,CSE,8,7.55,76.9,76.3,0,6.4,4.0,5.5,6.2,3.5,6.1,3.7,1.0,2,4,2,0,0,6.4,5.5,6.9,6.8,6.3,5.5,0,0,Cybersecurity Specialist,1,SYNTHETIC,81.1,70.6
ST01140,Student ST01140,ECE,7,7.14,72.9,67.5,1,4.4,4.9,4.5,6.4,4.0,3.2,2.1,3.1,1,2,2,1,0,7.6,5.9,5.9,6.4,6.4,4.5,0,0,Cybersecurity Specialist,0,SYNTHETIC,88.0,69.4
ST01141,Student ST01141,CSE,8,9.76,94.8,94.7,0,7.4,6.9,6.0,6.3,3.1,5.5,3.6,4.0,1,1,2,3,3,5.3,6.8,7.5,6.9,7.3,8.0,0,0,Cybersecurity Specialist,1,SYNTHETIC,81.3,85.3
ST01142,Student ST01142,ECE,8,7.16,73.6,75.0,0,5.6,1.4,6.0,4.9,2.0,4.8,1.0,2.4,2,1,2,0,0,7.5,7.4,5.8,6.6,7.1,5.6,0,0,Cloud/DevOps Engineer,1,SYNTHETIC,77.7,74.4
ST01143,Student ST01143,ECE,7,6.97,71.6,64.0,0,5.5,6.5,6.3,5.5,3.2,6.7,6.6,2.5,0,1,2,1,0,6.9,5.1,6.5,7.5,7.8,6.1,0,0,Data Analyst,0,SYNTHETIC,87.3,93.2
ST01144,Student ST01144,CSE,7,7.46,78.1,70.8,0,6.8,5.6,5.7,4.0,1.0,3.1,3.2,4.0,3,1,2,3,0,4.4,5.8,4.7,6.3,6.0,5.8,2,0,Cloud/DevOps Engineer,1,SYNTHETIC,80.3,94.8
ST01145,Student ST01145,Mechanical,8,6.66,71.8,69.3,0,3.1,3.2,5.6,5.8,3.9,3.7,3.7,2.8,0,1,1,0,3,6.3,7.5,4.8,6.0,4.4,5.6,0,0,Full-Stack Developer,0,SYNTHETIC,81.6,81.8
ST01146,Student ST01146,ECE,8,7.85,75.8,70.9,0,4.7,6.3,6.0,4.2,4.6,3.6,1.0,2.6,1,1,1,0,1,6.1,7.2,3.6,7.2,7.6,5.8,0,0,Full-Stack Developer,0,SYNTHETIC,98.6,88.9
ST01147,Student ST01147,CSE,7,8.18,85.8,78.4,0,4.8,7.9,8.6,7.1,4.5,6.2,3.4,7.8,1,2,2,0,0,6.7,6.2,5.6,6.7,7.8,7.6,0,0,Full-Stack Developer,1,SYNTHETIC,84.7,86.4
ST01148,Student ST01148,CSE,8,9.61,91.2,93.7,0,6.8,4.1,6.4,7.1,4.7,6.8,5.6,3.6,0,1,2,1,1,5.8,6.8,6.4,7.2,8.1,6.9,2,0,Full-Stack Developer,1,SYNTHETIC,88.7,84.1
ST01149,Student ST01149,CSE,8,7.84,76.1,79.1,0,5.6,6.5,4.7,9.1,6.2,3.8,3.7,2.3,4,3,2,2,0,6.3,8.0,7.1,3.3,4.7,5.3,1,0,Data Analyst,1,SYNTHETIC,95.0,85.6
ST01150,Student ST01150,CSE,7,8.3,75.6,76.4,0,5.8,5.7,5.4,6.1,4.3,4.6,2.7,4.4,0,1,2,0,0,4.3,8.7,6.6,5.5,4.5,5.8,0,0,Cybersecurity Specialist,1,SYNTHETIC,98.4,94.2
ST01151,Student ST01151,ECE,8,6.7,66.9,54.8,0,5.0,1.0,3.7,3.5,3.7,3.7,3.1,1.0,1,4,1,0,0,6.2,5.2,4.4,6.4,5.9,4.2,1,0,Cybersecurity Specialist,0,SYNTHETIC,89.9,74.1
ST01152,Student ST01152,ECE,7,6.56,70.9,69.6,0,6.0,2.8,4.5,3.1,3.8,2.7,1.0,2.5,1,2,1,0,0,5.9,5.4,4.0,4.2,4.6,2.8,1,0,Cloud/DevOps Engineer,0,SYNTHETIC,76.5,60.6
ST01153,Student ST01153,CSE,7,7.03,66.2,71.2,0,4.9,4.8,4.5,3.5,2.5,5.0,4.0,1.0,0,3,1,0,0,5.9,6.7,4.1,6.2,8.3,7.4,0,0,Cybersecurity Specialist,1,SYNTHETIC,84.4,89.8
ST01154,Student ST01154,ECE,8,6.55,74.9,63.0,0,3.7,2.6,4.6,5.6,1.5,4.2,3.5,5.0,3,4,1,1,0,5.4,5.0,5.4,4.0,3.6,4.7,0,0,Cybersecurity Specialist,0,SYNTHETIC,90.3,90.6
ST01155,Student ST01155,Mechanical,7,6.9,66.5,68.9,1,6.3,1.8,4.8,2.4,1.0,1.6,2.2,1.0,0,1,1,0,0,5.3,5.9,5.0,6.5,6.6,5.2,0,0,Data Analyst,0,SYNTHETIC,94.7,77.7
ST01156,Student ST01156,CSE,7,9.64,98.0,88.3,0,5.3,5.8,7.9,6.6,2.4,4.2,3.6,1.0,0,2,2,3,1,8.3,7.6,6.1,6.4,6.0,4.4,1,0,QA Specialist,1,SYNTHETIC,90.8,72.8
ST01157,Student ST01157,CSE,8,6.81,69.5,73.9,0,6.5,4.3,7.2,3.8,5.3,1.4,1.4,3.2,1,1,1,0,0,5.3,7.4,4.7,7.2,7.3,5.5,1,1,Data Analyst,1,SYNTHETIC,83.5,65.3
ST01158,Student ST01158,CSE,7,7.25,73.4,77.3,0,4.9,6.2,6.0,3.9,1.9,3.3,3.1,1.0,0,3,1,1,0,7.4,4.4,3.4,6.0,4.8,4.2,1,0,QA Specialist,1,SYNTHETIC,79.9,88.8
ST01159,Student ST01159,CSE,7,5.91,55.0,71.3,0,4.3,3.7,5.9,4.0,5.6,5.0,2.0,3.2,1,1,1,0,1,6.4,7.0,3.5,5.2,6.2,4.5,0,0,QA Specialist,0,SYNTHETIC,79.2,91.1
ST01160,Student ST01160,CSE,8,8.37,83.1,78.1,0,6.9,6.3,4.6,7.2,3.5,3.5,3.5,1.0,2,2,2,0,0,5.4,6.6,6.9,6.3,5.9,5.7,0,0,Cybersecurity Specialist,1,SYNTHETIC,83.9,89.1
ST01161,Student ST01161,ISE,7,7.86,79.5,71.7,0,5.6,4.0,4.9,5.6,3.7,5.9,3.8,1.4,1,3,2,1,0,7.4,6.3,7.0,6.3,6.5,5.5,1,0,QA Specialist,1,SYNTHETIC,82.8,84.9
ST01162,Student ST01162,ISE,7,6.67,66.0,71.4,0,4.8,3.7,7.1,6.2,1.0,5.4,2.6,1.8,2,3,2,1,0,6.2,4.6,6.5,5.6,4.9,5.4,1,0,Data Analyst,0,SYNTHETIC,86.8,69.3
ST01163,Student ST01163,ISE,7,8.98,88.6,88.4,0,5.5,6.8,6.2,6.4,5.2,6.0,4.1,4.9,3,4,2,1,0,7.3,6.3,6.1,6.4,5.6,4.7,0,0,Cloud/DevOps Engineer,1,SYNTHETIC,98.8,62.4
ST01164,Student ST01164,ISE,7,6.42,72.1,72.6,0,5.9,3.7,4.8,6.5,4.0,4.4,2.8,4.5,2,4,2,1,0,6.8,6.3,5.2,4.5,3.8,6.5,2,0,QA Specialist,1,SYNTHETIC,87.2,79.5
ST01165,Student ST01165,CSE,8,5.54,63.8,57.9,0,5.3,5.8,3.9,2.8,4.7,1.0,1.0,3.4,3,5,1,0,0,5.6,5.4,3.3,5.4,4.9,3.3,1,0,QA Specialist,0,SYNTHETIC,86.9,67.0
ST01166,Student ST01166,CSE,7,5.53,65.0,58.3,0,3.6,4.9,5.5,4.0,4.6,2.7,1.0,3.0,1,3,1,0,1,3.5,6.0,3.8,3.8,4.0,4.4,1,0,Data Analyst,0,SYNTHETIC,91.7,75.1
ST01167,Student ST01167,CSE,8,7.4,78.1,79.8,0,6.0,6.1,7.7,6.7,4.1,4.3,4.9,5.4,0,3,2,0,0,6.2,6.2,7.1,5.8,7.4,6.6,0,0,QA Specialist,1,SYNTHETIC,81.6,77.9
ST01168,Student ST01168,ECE,7,6.74,69.4,78.0,0,3.4,4.5,4.2,2.3,1.0,1.2,3.8,1.0,1,1,1,1,0,6.2,7.5,2.5,4.7,4.3,3.4,2,0,Cloud/DevOps Engineer,0,SYNTHETIC,80.4,83.5
ST01169,Student ST01169,CSE,8,8.56,83.3,92.8,0,8.1,7.4,5.5,4.1,4.4,4.5,6.2,3.1,0,1,2,2,3,6.5,5.4,6.8,4.9,5.3,6.0,2,0,Cloud/DevOps Engineer,1,SYNTHETIC,84.7,83.4
ST01170,Student ST01170,CSE,7,6.95,75.1,67.0,0,3.1,3.7,3.5,4.2,2.2,2.9,1.0,2.9,2,5,1,0,0,6.3,6.8,4.1,2.4,3.4,3.8,0,0,Data Analyst,0,SYNTHETIC,86.2,91.0
ST01171,Student ST01171,ECE,8,8.07,84.8,81.1,0,5.6,4.7,3.7,6.2,3.7,3.9,6.1,1.8,1,1,2,0,0,7.8,8.1,6.0,1.0,1.0,4.2,1,0,Full-Stack Developer,1,SYNTHETIC,96.8,93.9
ST01172,Student ST01172,ECE,7,6.5,68.0,74.9,0,5.6,4.7,6.2,5.3,4.2,4.7,2.3,5.6,0,5,2,1,0,5.2,7.0,4.7,5.1,4.3,5.5,1,0,Data Analyst,1,SYNTHETIC,82.1,61.6
ST01173,Student ST01173,Mechanical,7,6.92,64.8,65.1,0,3.8,5.9,3.2,2.6,1.0,4.3,2.2,1.0,0,2,1,0,1,6.3,5.5,3.1,5.1,4.3,4.6,0,0,QA Specialist,0,SYNTHETIC,79.2,89.9
ST01174,Student ST01174,ECE,7,6.47,69.6,71.1,0,5.2,6.6,5.9,4.8,2.9,5.8,1.0,5.1,0,1,1,0,0,5.1,5.5,5.5,6.6,6.0,5.2,1,0,Full-Stack Developer,0,SYNTHETIC,87.5,79.4
ST01175,Student ST01175,CSE,8,6.63,71.3,65.4,0,3.5,2.4,5.0,3.8,3.8,4.5,3.1,6.4,0,6,1,1,1,6.3,7.2,4.5,6.0,7.3,3.7,0,0,Cloud/DevOps Engineer,1,SYNTHETIC,89.2,61.4
ST01176,Student ST01176,CSE,8,9.72,88.2,97.0,0,7.6,6.1,8.9,5.5,4.8,7.1,3.1,4.1,1,5,2,1,0,8.0,6.0,6.1,1.9,1.0,5.3,0,0,Data Analyst,1,SYNTHETIC,91.4,78.8
ST01177,Student ST01177,ISE,8,6.7,69.8,69.5,0,8.5,7.5,6.4,6.3,3.3,4.8,4.0,3.6,0,1,2,1,0,4.7,6.9,6.6,4.6,5.8,6.4,0,0,QA Specialist,1,SYNTHETIC,82.2,90.9
ST01178,Student ST01178,CSE,7,6.7,72.2,70.2,0,2.9,2.7,6.3,6.1,1.8,3.4,5.9,3.7,2,1,1,1,0,7.6,7.0,5.9,7.8,7.3,4.9,0,1,AI/ML Engineer,1,SYNTHETIC,85.4,83.2
ST01179,Student ST01179,ECE,8,5.77,57.2,64.2,0,2.7,5.3,4.6,2.2,2.3,6.2,1.9,1.0,2,6,1,1,1,6.6,3.3,1.4,6.5,6.4,3.3,0,0,AI/ML Engineer,1,SYNTHETIC,83.3,66.5
ST01180,Student ST01180,Mechanical,8,8.1,82.4,73.2,0,5.6,5.5,5.6,5.9,3.6,4.9,1.0,4.2,2,2,2,0,1,4.5,6.8,7.3,5.3,5.3,6.4,0,0,Cybersecurity Specialist,1,SYNTHETIC,76.0,66.1
ST01181,Student ST01181,CSE,7,6.4,68.2,74.1,0,5.6,2.5,2.7,7.1,3.4,4.6,4.4,1.5,3,2,2,0,0,5.9,8.2,7.7,6.4,4.9,6.9,0,0,Data Analyst,1,SYNTHETIC,95.2,91.0
ST01182,Student ST01182,ECE,7,6.9,67.1,71.6,0,4.1,3.9,5.6,3.5,2.9,5.3,3.3,1.0,0,1,1,3,0,5.4,6.7,3.2,5.0,5.3,4.6,1,0,AI/ML Engineer,1,SYNTHETIC,86.5,81.1
ST01183,Student ST01183,ECE,8,6.17,64.7,59.1,0,3.5,4.8,2.2,1.8,3.3,4.3,1.0,4.5,0,3,1,0,0,4.1,5.8,1.9,8.0,7.8,5.3,1,1,AI/ML Engineer,0,SYNTHETIC,81.5,71.4
ST01184,Student ST01184,CSE,8,7.42,77.3,67.0,0,7.0,5.2,6.8,3.8,2.7,5.4,3.9,2.5,1,1,2,1,0,3.9,7.5,5.1,7.1,7.0,5.1,0,1,Cybersecurity Specialist,0,SYNTHETIC,86.1,81.9
ST01185,Student ST01185,ISE,8,7.23,73.0,77.2,0,5.0,4.2,5.5,7.1,1.5,4.7,4.6,3.5,1,3,2,0,0,4.6,6.1,5.8,9.0,8.6,7.4,1,1,Data Analyst,1,SYNTHETIC,93.1,80.3
ST01186,Student ST01186,CSE,7,8.45,82.3,86.2,0,7.7,6.9,5.2,6.4,4.8,5.8,5.9,2.8,0,6,2,0,2,8.3,6.2,6.5,8.0,7.1,7.6,0,0,Full-Stack Developer,1,SYNTHETIC,85.2,90.0
ST01187,Student ST01187,ISE,7,6.82,70.3,66.8,0,4.6,8.3,4.4,4.5,3.6,4.5,4.5,5.5,1,4,1,1,1,5.9,5.3,4.2,7.5,5.4,3.3,1,0,QA Specialist,1,SYNTHETIC,79.2,77.7
ST01188,Student ST01188,Mechanical,8,5.69,57.8,62.1,0,4.6,2.1,3.1,4.4,1.8,2.7,1.1,1.0,2,1,1,0,0,8.2,4.7,4.0,6.0,6.5,5.6,0,0,Data Analyst,0,SYNTHETIC,84.0,79.5
ST01189,Student ST01189,Mechanical,8,8.78,94.1,90.4,0,5.4,6.4,6.5,2.4,4.5,6.2,2.8,1.0,4,1,1,1,1,7.3,7.5,5.0,8.1,6.8,5.1,0,0,Cloud/DevOps Engineer,1,SYNTHETIC,79.4,92.7
ST01190,Student ST01190,CSE,7,7.91,76.2,74.2,0,5.6,3.4,5.0,3.3,1.2,4.4,3.0,1.8,0,4,1,1,0,7.3,6.7,4.1,6.7,6.0,5.5,0,0,AI/ML Engineer,0,SYNTHETIC,86.4,89.2
ST01191,Student ST01191,ISE,7,6.18,60.2,65.7,0,5.6,6.1,9.8,6.0,5.4,8.3,2.9,3.4,0,2,2,0,1,6.0,4.6,6.0,7.1,6.8,7.0,4,1,AI/ML Engineer,0,SYNTHETIC,93.2,76.5
ST01192,Student ST01192,ECE,7,6.64,65.3,64.9,0,4.5,2.5,4.8,5.2,1.0,3.2,3.6,1.0,2,1,1,0,1,4.7,6.9,4.4,5.0,4.8,5.7,2,0,Cloud/DevOps Engineer,1,SYNTHETIC,98.9,89.8
ST01193,Student ST01193,ECE,8,8.8,85.2,88.9,0,6.3,6.5,5.3,6.9,3.4,4.8,4.0,1.6,1,2,2,1,1,6.1,7.4,6.9,8.5,9.1,7.0,0,0,Data Analyst,1,SYNTHETIC,91.9,82.9
ST01194,Student ST01194,ECE,8,7.08,71.4,71.0,0,4.1,6.0,4.8,5.2,3.7,4.9,4.3,2.6,1,1,1,1,1,6.2,6.3,4.3,8.8,9.0,5.4,1,0,Cybersecurity Specialist,1,SYNTHETIC,83.8,94.5
ST01195,Student ST01195,CSE,7,7.63,79.5,81.1,0,4.3,4.5,3.5,5.7,2.9,3.6,2.0,2.5,2,3,1,0,1,6.8,7.4,5.0,8.0,8.1,7.1,0,1,Data Analyst,1,SYNTHETIC,97.8,90.1
ST01196,Student ST01196,ECE,7,6.06,61.9,62.4,0,4.3,1.9,2.8,5.5,1.0,4.3,1.8,2.3,2,1,1,0,0,5.9,7.3,4.7,5.2,5.2,5.0,0,0,Cloud/DevOps Engineer,1,SYNTHETIC,78.8,77.4
ST01197,Student ST01197,ECE,8,8.03,73.0,87.5,0,4.3,4.8,6.2,6.5,3.3,2.8,1.5,3.4,3,3,2,2,0,7.0,6.6,4.9,5.8,5.8,5.8,1,0,Cybersecurity Specialist,1,SYNTHETIC,96.1,80.9
ST01198,Student ST01198,CSE,7,8.27,82.0,78.4,0,8.8,6.3,5.9,6.7,5.1,6.0,5.9,4.0,2,1,2,0,1,9.3,7.8,7.0,6.5,6.1,8.9,1,0,Cloud/DevOps Engineer,1,SYNTHETIC,93.3,71.1
ST01199,Student ST01199,CSE,7,6.04,56.9,61.9,0,4.2,5.2,7.1,6.5,6.9,4.7,2.7,1.4,0,3,2,0,0,5.2,5.1,6.1,4.9,5.3,5.9,1,0,QA Specialist,0,SYNTHETIC,92.1,81.2
ST01200,Student ST01200,ISE,7,7.41,71.6,79.7,0,7.4,5.9,5.4,3.9,3.5,5.8,1.0,2.3,1,1,2,1,0,4.6,7.9,4.5,7.2,7.2,6.8,0,1,QA Specialist,0,SYNTHETIC,85.0,84.2
ST01201,Student ST01201,CSE,8,7.92,76.5,78.6,0,4.4,5.2,3.1,4.3,9.2,2.4,2.6,3.3,0,6,1,0,0,7.2,5.3,5.5,8.3,8.4,5.5,0,1,QA Specialist,0,SYNTHETIC,86.3,94.9
ST01202,Student ST01202,CSE,7,6.66,62.4,71.6,0,5.4,5.0,3.1,4.0,1.8,5.3,4.3,2.3,1,3,1,0,0,5.9,5.9,3.9,5.4,4.6,3.6,0,0,QA Specialist,1,SYNTHETIC,78.1,63.4
ST01203,Student ST01203,ISE,7,7.37,72.2,76.5,0,5.3,3.8,6.0,4.2,5.7,4.1,3.0,3.6,3,1,1,0,1,4.8,5.5,4.5,5.0,4.6,6.3,3,0,Cybersecurity Specialist,0,SYNTHETIC,96.1,67.9
ST01204,Student ST01204,Mechanical,7,5.74,56.4,64.8,0,5.6,4.8,6.1,1.6,4.0,3.3,4.5,1.0,1,1,1,0,3,4.6,6.5,3.4,6.6,5.5,2.8,0,0,Full-Stack Developer,0,SYNTHETIC,81.9,94.3
ST01205,Student ST01205,Mechanical,7,7.29,74.5,71.6,1,7.1,5.3,4.1,5.7,3.4,5.2,2.7,1.4,1,5,2,0,0,6.6,5.9,7.5,5.8,4.9,6.2,0,0,QA Specialist,1,SYNTHETIC,77.9,70.4
ST01206,Student ST01206,CSE,8,8.28,78.7,83.5,0,5.5,8.6,7.3,7.0,4.7,4.0,4.0,4.1,5,3,2,0,0,7.2,7.3,7.9,6.6,6.3,6.6,1,0,QA Specialist,1,SYNTHETIC,97.5,72.3
ST01207,Student ST01207,ISE,8,7.33,73.9,81.6,0,5.6,1.6,4.9,4.7,1.6,2.3,4.0,2.5,1,3,1,0,2,5.9,7.1,4.9,6.9,8.0,6.4,0,0,Cloud/DevOps Engineer,1,SYNTHETIC,83.5,76.4
ST01208,Student ST01208,Mechanical,8,8.85,91.6,89.4,0,8.3,7.7,8.3,7.1,4.6,4.9,2.1,4.3,0,1,2,2,0,6.7,7.5,7.2,8.4,7.6,7.5,1,1,Cybersecurity Specialist,1,SYNTHETIC,89.5,67.2
ST01209,Student ST01209,ECE,7,8.09,69.1,75.1,0,7.6,4.7,5.0,4.2,2.7,3.8,2.3,1.9,0,1,2,1,0,6.6,5.9,7.0,7.0,7.6,6.6,1,0,Data Analyst,0,SYNTHETIC,83.7,83.5
ST01210,Student ST01210,ECE,7,6.84,66.9,69.4,0,5.0,6.2,9.0,5.2,2.8,6.0,3.5,4.4,0,1,1,0,0,9.0,6.4,6.0,7.9,9.2,5.5,0,1,Data Analyst,1,SYNTHETIC,85.6,73.8
ST01211,Student ST01211,CSE,7,6.25,62.1,65.3,0,4.9,3.7,2.3,4.0,1.0,3.0,3.2,1.0,0,2,1,0,1,7.2,5.7,6.0,6.8,5.6,5.2,1,0,Cloud/DevOps Engineer,0,SYNTHETIC,83.1,85.0
ST01212,Student ST01212,CSE,8,6.07,66.0,61.7,0,7.3,5.3,7.8,7.1,5.2,5.2,4.6,1.0,1,3,2,0,0,5.2,4.1,6.8,6.1,4.8,4.5,1,0,Full-Stack Developer,0,SYNTHETIC,95.7,72.9
ST01213,Student ST01213,Mechanical,8,8.9,80.1,85.2,0,4.2,7.2,5.7,6.2,3.5,3.0,4.3,4.8,2,1,1,0,0,7.4,8.4,6.7,4.7,5.1,4.5,1,0,Cloud/DevOps Engineer,1,SYNTHETIC,81.7,87.9
ST01214,Student ST01214,CSE,8,6.69,68.9,69.2,0,5.4,4.5,5.2,6.8,1.5,5.3,2.0,1.3,0,2,2,0,0,6.1,4.1,5.8,3.7,4.4,6.3,1,0,AI/ML Engineer,1,SYNTHETIC,94.6,67.1
ST01215,Student ST01215,ECE,8,7.39,75.6,78.4,0,5.6,4.1,6.1,5.7,4.7,6.4,1.0,2.5,0,3,2,0,0,7.1,7.3,6.4,6.2,5.8,4.8,1,0,Full-Stack Developer,1,SYNTHETIC,83.9,80.0
ST01216,Student ST01216,Mechanical,8,7.06,63.0,65.5,0,4.4,5.9,7.4,5.2,2.5,5.4,6.1,4.9,0,1,1,0,0,4.9,6.7,4.7,7.9,6.7,4.1,1,0,Cloud/DevOps Engineer,0,SYNTHETIC,77.2,67.2
ST01217,Student ST01217,Mechanical,8,7.43,69.7,68.5,0,6.5,5.9,5.4,7.7,3.2,7.2,4.9,2.4,1,1,2,3,0,4.6,5.3,6.3,6.6,8.1,7.5,0,0,AI/ML Engineer,1,SYNTHETIC,78.2,61.2
ST01218,Student ST01218,CSE,7,6.65,73.2,71.4,0,3.8,2.5,4.9,6.2,1.1,3.8,3.0,1.0,0,3,1,1,0,4.0,7.3,3.7,5.5,3.8,4.5,0,0,Data Analyst,0,SYNTHETIC,75.9,66.1
ST01219,Student ST01219,ISE,7,7.87,77.7,80.4,0,4.4,3.2,6.5,7.8,7.4,6.1,5.7,3.8,3,1,2,0,0,6.3,5.9,6.5,5.5,5.4,4.7,0,0,QA Specialist,0,SYNTHETIC,94.9,87.3
ST01220,Student ST01220,Mechanical,7,8.17,80.6,83.0,0,3.0,5.8,5.9,6.6,3.7,2.5,3.2,4.3,2,2,1,1,0,7.2,8.0,4.9,7.1,7.3,5.0,0,0,Cybersecurity Specialist,0,SYNTHETIC,77.2,63.4
ST01221,Student ST01221,CSE,7,6.71,67.4,69.1,0,7.0,6.9,4.1,6.2,5.2,5.4,5.1,1.3,1,5,2,0,0,5.0,4.1,7.0,6.0,6.7,6.6,1,0,Full-Stack Developer,1,SYNTHETIC,75.8,72.7
ST01222,Student ST01222,ECE,8,7.4,78.3,70.9,0,7.3,6.1,8.7,7.3,4.2,5.9,3.4,2.9,1,3,2,1,1,5.8,6.8,8.1,8.0,7.3,8.1,0,1,Data Analyst,1,SYNTHETIC,95.7,71.6
ST01223,Student ST01223,ISE,8,7.32,67.9,72.2,0,4.0,2.0,6.3,3.6,4.5,3.3,1.0,4.2,2,3,1,0,0,7.4,6.1,4.1,7.5,6.9,4.4,0,0,QA Specialist,0,SYNTHETIC,86.2,87.2
ST01224,Student ST01224,CSE,7,8.97,89.9,91.9,0,7.0,7.4,6.1,5.7,5.1,8.2,1.9,1.0,3,2,2,1,0,7.7,6.8,6.2,6.8,6.7,6.1,0,0,Cloud/DevOps Engineer,1,SYNTHETIC,98.7,63.1
ST01225,Student ST01225,ECE,8,7.76,75.2,76.9,0,5.6,5.1,5.5,5.7,6.8,5.1,3.7,4.2,2,3,2,0,2,4.9,5.8,5.3,4.7,4.8,5.2,0,0,Cybersecurity Specialist,1,SYNTHETIC,95.5,67.4
ST01226,Student ST01226,ISE,7,6.93,75.1,71.8,0,4.7,5.3,3.6,7.4,7.2,4.5,4.1,3.4,1,2,2,0,2,4.3,8.0,7.2,6.9,7.5,7.2,0,0,QA Specialist,1,SYNTHETIC,78.6,87.6
ST01227,Student ST01227,Mechanical,7,8.68,86.7,84.5,0,6.5,5.0,5.4,3.8,4.8,3.0,1.0,1.8,2,3,1,1,0,7.0,6.1,5.4,6.6,5.6,6.6,0,0,Full-Stack Developer,0,SYNTHETIC,86.0,79.8
ST01228,Student ST01228,ECE,7,9.13,92.1,89.6,0,9.3,6.7,6.4,5.3,3.4,5.4,2.5,4.5,1,4,2,0,0,8.0,7.0,6.2,3.7,5.1,6.0,0,0,QA Specialist,1,SYNTHETIC,97.6,78.9
ST01229,Student ST01229,ISE,8,7.49,80.6,75.9,0,6.8,5.5,6.3,5.9,2.7,6.7,3.4,2.3,1,2,2,1,1,5.6,8.0,6.8,4.1,3.8,6.6,0,0,AI/ML Engineer,1,SYNTHETIC,76.4,92.3
ST01230,Student ST01230,ISE,7,7.08,76.5,69.0,0,2.4,7.2,6.5,6.4,2.5,3.7,5.4,3.6,1,3,1,0,1,6.6,7.0,5.7,4.5,4.7,5.2,0,0,Cybersecurity Specialist,1,SYNTHETIC,97.1,89.2
ST01231,Student ST01231,Mechanical,7,8.43,82.4,81.1,0,5.4,8.6,5.7,4.4,6.4,4.4,5.0,4.4,0,3,1,2,0,7.4,7.0,4.1,5.2,3.3,5.4,0,0,Full-Stack Developer,1,SYNTHETIC,97.6,65.4
ST01232,Student ST01232,CSE,7,5.96,60.0,69.6,1,4.9,4.9,4.1,3.5,1.2,3.1,2.3,2.9,1,1,1,0,0,6.1,5.1,4.1,4.7,5.6,3.7,1,0,Cybersecurity Specialist,0,SYNTHETIC,79.6,91.2
ST01233,Student ST01233,Mechanical,7,6.7,58.8,73.2,0,2.7,2.1,4.6,4.6,3.0,6.1,1.0,2.9,4,3,1,0,2,7.0,4.4,3.6,6.6,6.1,4.9,0,0,QA Specialist,0,SYNTHETIC,92.4,65.4
ST01234,Student ST01234,ISE,8,5.81,60.0,58.6,0,3.7,3.9,4.7,5.2,4.1,3.2,1.5,1.0,0,2,1,0,0,3.9,5.6,5.7,4.1,5.4,3.6,1,0,Cloud/DevOps Engineer,0,SYNTHETIC,84.7,93.5
ST01235,Student ST01235,ECE,8,6.64,63.4,68.1,0,3.5,3.9,5.0,5.9,3.3,3.7,1.5,1.3,1,3,1,0,0,5.7,6.9,5.0,5.5,4.8,4.4,0,0,Full-Stack Developer,1,SYNTHETIC,93.3,60.0
ST01236,Student ST01236,ECE,8,6.56,67.3,59.8,0,5.1,4.3,3.5,5.6,2.7,6.2,3.9,5.1,2,3,2,0,0,8.1,6.3,4.5,4.8,4.5,5.1,0,0,Cybersecurity Specialist,1,SYNTHETIC,79.2,76.0
ST01237,Student ST01237,ECE,8,8.96,87.3,74.6,0,7.1,5.7,5.0,6.2,3.9,4.3,2.5,3.9,3,1,2,2,0,7.7,6.6,6.9,6.2,5.2,5.8,0,0,Cybersecurity Specialist,1,SYNTHETIC,98.7,71.7
ST01238,Student ST01238,ECE,8,7.77,82.9,76.2,0,5.9,4.9,6.1,2.8,2.1,4.4,3.9,2.6,3,1,1,0,0,7.7,6.2,3.4,7.4,8.6,5.7,0,0,AI/ML Engineer,1,SYNTHETIC,77.1,85.9
ST01239,Student ST01239,ECE,7,7.17,72.3,69.6,0,6.7,6.5,4.3,6.7,4.5,5.2,3.7,1.3,1,1,2,0,0,5.5,5.9,6.5,6.8,5.9,7.5,0,0,Full-Stack Developer,1,SYNTHETIC,86.7,61.9
ST01240,Student ST01240,Mechanical,8,6.44,65.8,69.8,0,3.0,4.1,1.3,6.1,3.9,1.2,1.0,1.9,1,6,1,0,0,5.3,6.8,4.9,7.2,5.9,4.1,0,1,Full-Stack Developer,1,SYNTHETIC,78.5,62.4
ST01241,Student ST01241,CSE,7,6.95,63.2,66.6,0,4.6,4.5,4.2,5.0,3.0,2.3,2.8,1.0,1,6,1,0,0,5.4,6.9,5.3,4.8,4.7,4.4,0,0,AI/ML Engineer,0,SYNTHETIC,88.3,76.2
ST01242,Student ST01242,CSE,7,7.63,78.6,75.2,0,4.8,4.8,6.4,7.5,5.3,1.8,2.2,3.0,1,1,2,0,0,4.4,4.9,5.7,6.1,4.4,5.3,0,0,Cloud/DevOps Engineer,1,SYNTHETIC,95.6,66.7
ST01243,Student ST01243,ISE,8,6.96,71.5,69.9,0,3.4,2.1,1.9,4.1,2.5,2.1,1.7,1.9,1,3,1,1,0,7.1,7.1,2.5,6.8,6.9,5.6,0,0,QA Specialist,1,SYNTHETIC,75.8,70.2
ST01244,Student ST01244,CSE,8,8.73,89.2,95.1,0,4.9,4.2,4.6,7.4,2.3,4.1,5.3,3.7,1,1,2,1,2,7.4,9.0,6.7,5.1,7.1,5.6,0,0,Full-Stack Developer,1,SYNTHETIC,78.4,80.6
ST01245,Student ST01245,ECE,8,5.88,61.0,64.8,0,4.2,1.0,4.4,2.2,1.4,4.9,2.1,2.2,2,1,1,0,0,6.4,5.8,3.3,8.3,8.3,5.2,2,0,AI/ML Engineer,0,SYNTHETIC,91.0,78.6
ST01246,Student ST01246,CSE,7,7.08,65.8,72.1,0,3.8,3.0,5.8,4.3,1.9,5.2,2.5,1.3,1,1,1,0,0,9.0,5.5,4.5,5.9,3.2,4.7,0,0,Cloud/DevOps Engineer,0,SYNTHETIC,89.4,81.1
ST01247,Student ST01247,Mechanical,8,8.34,83.7,84.5,0,5.9,5.4,7.7,4.2,6.4,5.0,1.9,2.7,0,1,1,0,0,6.0,8.4,4.9,5.9,5.8,6.1,1,0,QA Specialist,1,SYNTHETIC,98.1,67.1
ST01248,Student ST01248,ISE,7,8.42,79.3,79.7,0,5.1,5.5,4.9,4.7,5.7,4.7,3.1,2.1,0,2,1,1,0,5.3,6.7,4.4,4.9,5.1,4.4,1,0,Cybersecurity Specialist,1,SYNTHETIC,91.5,73.6
ST01249,Student ST01249,ISE,7,7.05,67.4,69.6,0,6.5,5.8,5.3,6.7,1.0,4.7,3.6,3.2,1,1,2,1,0,7.5,7.5,6.6,6.7,8.0,8.2,0,0,Full-Stack Developer,1,SYNTHETIC,97.7,68.6
ST01250,Student ST01250,Mechanical,8,8.09,77.6,88.0,0,4.2,5.7,5.1,4.9,3.5,5.8,1.0,3.2,0,2,1,1,0,6.9,7.0,4.9,7.7,8.1,4.8,1,1,AI/ML Engineer,0,SYNTHETIC,81.1,73.9
ST01251,Student ST01251,CSE,7,6.03,67.0,67.1,0,4.3,4.8,3.0,3.1,3.6,4.7,3.0,3.7,1,5,1,0,0,4.8,6.5,2.4,8.4,7.7,4.7,0,1,Full-Stack Developer,0,SYNTHETIC,77.7,88.8
ST01252,Student ST01252,ISE,7,5.23,56.4,63.4,0,2.2,7.1,4.0,4.9,2.0,1.9,1.5,2.1,1,1,1,0,1,4.7,4.3,4.4,7.5,7.2,4.7,1,0,AI/ML Engineer,1,SYNTHETIC,82.7,89.8
ST01253,Student ST01253,CSE,8,7.46,74.5,81.7,0,3.6,3.3,5.0,4.4,3.3,2.7,4.9,1.7,1,1,1,1,1,6.6,6.3,4.6,6.3,6.5,5.1,0,0,Full-Stack Developer,1,SYNTHETIC,77.2,88.1
ST01254,Student ST01254,ISE,7,7.87,83.8,81.8,0,6.1,3.9,7.4,5.2,3.8,4.3,2.2,1.9,1,6,2,1,1,7.2,8.5,5.5,4.1,4.4,5.0,2,0,Full-Stack Developer,1,SYNTHETIC,82.9,73.3
ST01255,Student ST01255,Mechanical,7,6.9,70.6,63.6,0,5.5,5.6,7.3,4.6,6.1,5.0,4.8,3.9,0,4,1,0,0,7.7,5.8,3.8,5.0,3.2,4.4,1,0,Data Analyst,0,SYNTHETIC,76.0,77.4
ST01256,Student ST01256,Mechanical,8,7.26,78.2,66.2,0,8.0,6.5,8.3,8.7,6.2,6.6,4.9,3.4,0,2,2,1,0,7.2,5.6,8.2,6.9,5.7,8.1,1,0,Cloud/DevOps Engineer,1,SYNTHETIC,76.7,62.9
ST01257,Student ST01257,CSE,7,8.27,77.1,83.6,0,5.9,7.3,2.0,4.5,1.0,3.1,2.7,4.3,2,3,1,1,0,7.1,5.9,5.5,4.4,5.9,4.2,0,0,AI/ML Engineer,1,SYNTHETIC,82.4,65.1
ST01258,Student ST01258,Mechanical,7,8.61,79.5,81.8,0,5.2,6.9,6.8,4.2,5.9,3.9,5.3,3.9,0,1,1,2,0,7.4,7.6,5.6,7.2,8.3,5.7,0,0,QA Specialist,1,SYNTHETIC,76.3,63.9
ST01259,Student ST01259,ECE,8,5.84,64.6,60.4,0,3.9,5.2,4.0,2.9,1.0,2.8,1.0,1.2,1,3,1,0,1,7.1,5.3,3.4,7.5,7.0,3.9,0,1,Data Analyst,0,SYNTHETIC,85.4,69.2
ST01260,Student ST01260,ISE,8,5.0,55.0,55.5,2,5.1,2.1,5.4,5.6,2.7,1.8,2.2,1.0,1,1,2,0,0,5.7,4.8,5.5,4.8,6.0,6.3,0,0,Cloud/DevOps Engineer,0,SYNTHETIC,99.0,72.2
ST01261,Student ST01261,CSE,7,6.87,69.0,62.6,0,6.2,6.3,6.2,3.4,4.2,4.0,2.1,3.9,2,2,1,1,0,7.4,7.3,4.5,5.6,6.5,3.9,1,0,Data Analyst,1,SYNTHETIC,90.7,68.9
ST01262,Student ST01262,CSE,8,6.72,63.7,72.2,0,2.2,4.2,3.9,5.1,2.1,2.8,1.0,2.7,3,3,1,0,1,7.5,7.2,3.9,5.4,5.1,4.0,1,0,AI/ML Engineer,1,SYNTHETIC,98.9,66.0
ST01263,Student ST01263,CSE,7,8.64,83.8,82.8,0,3.4,3.9,5.9,6.1,4.7,3.9,2.9,2.8,1,2,1,0,0,7.7,6.8,4.9,6.1,6.4,4.7,2,0,Cloud/DevOps Engineer,0,SYNTHETIC,79.7,64.2
ST01264,Student ST01264,CSE,7,9.48,93.6,93.1,0,6.2,6.4,7.3,6.5,3.8,4.7,3.5,3.4,2,4,2,0,0,6.2,5.6,6.2,7.5,7.8,6.2,1,0,AI/ML Engineer,1,SYNTHETIC,96.5,93.9
ST01265,Student ST01265,CSE,8,5.88,61.3,63.4,0,5.1,2.0,3.1,5.0,1.0,4.7,3.2,3.3,1,1,1,0,0,4.3,5.7,6.2,6.9,7.4,5.9,0,0,Data Analyst,0,SYNTHETIC,86.9,65.7
ST01266,Student ST01266,CSE,7,5.78,57.8,64.2,0,4.6,4.0,3.8,2.2,3.4,3.6,1.0,1.0,1,2,1,0,1,6.7,4.9,3.7,7.9,8.1,5.4,1,1,Data Analyst,0,SYNTHETIC,80.2,91.9
ST01267,Student ST01267,CSE,7,6.19,63.8,62.5,0,4.6,4.1,6.7,5.5,6.6,3.4,2.5,4.6,1,3,1,0,0,4.3,7.7,4.4,5.0,5.4,4.6,0,0,AI/ML Engineer,1,SYNTHETIC,93.6,77.0
ST01268,Student ST01268,ISE,8,7.63,80.4,78.9,0,4.0,5.7,2.7,5.2,2.9,3.1,2.4,4.9,1,3,1,1,0,8.1,6.2,4.4,6.9,5.7,6.0,0,0,Cybersecurity Specialist,1,SYNTHETIC,97.3,65.8
ST01269,Student ST01269,Mechanical,7,6.93,69.5,74.1,0,2.0,6.0,6.0,2.1,1.0,5.3,4.1,3.6,1,1,1,1,1,6.0,4.9,1.0,6.2,4.7,4.0,2,0,QA Specialist,1,SYNTHETIC,82.0,66.7
ST01270,Student ST01270,Mechanical,7,7.08,81.5,69.0,0,4.8,3.8,6.3,3.1,5.6,3.2,2.3,3.7,4,1,1,0,0,5.5,6.4,3.7,5.6,5.9,4.0,1,0,QA Specialist,1,SYNTHETIC,76.1,66.4
ST01271,Student ST01271,Mechanical,7,8.44,81.4,83.0,0,6.6,7.1,7.4,6.0,5.4,4.4,4.8,3.7,0,3,2,0,0,7.6,6.3,6.5,5.4,3.9,6.2,0,0,Full-Stack Developer,1,SYNTHETIC,94.9,75.6
ST01272,Student ST01272,Mechanical,8,6.72,73.6,69.8,0,3.4,8.0,5.3,6.4,3.9,3.4,5.2,3.8,2,5,1,0,0,4.2,4.8,4.5,5.1,4.3,5.8,1,0,AI/ML Engineer,0,SYNTHETIC,94.2,65.9
ST01273,Student ST01273,ISE,7,7.87,75.3,77.2,0,5.6,4.7,4.4,5.2,4.0,6.8,3.3,2.8,0,2,2,1,2,6.9,4.6,4.4,5.0,6.7,5.7,2,0,Cybersecurity Specialist,1,SYNTHETIC,83.9,83.4
ST01274,Student ST01274,CSE,7,6.3,62.2,65.8,0,3.8,3.8,4.0,3.6,2.0,2.9,1.0,2.0,1,3,1,0,0,7.2,4.5,2.6,6.4,5.7,5.1,0,0,Cloud/DevOps Engineer,0,SYNTHETIC,91.2,66.9
ST01275,Student ST01275,Mechanical,7,7.07,73.4,61.5,2,4.2,3.5,6.6,4.8,5.2,4.1,5.4,1.7,2,4,1,0,0,5.0,5.1,4.8,5.5,5.0,4.5,0,0,Full-Stack Developer,1,SYNTHETIC,94.0,62.5
ST01276,Student ST01276,ECE,8,6.41,68.0,61.5,0,5.3,3.3,5.8,7.0,3.0,5.6,3.8,1.0,4,3,2,0,0,5.1,5.2,5.8,5.6,5.0,6.5,0,0,Full-Stack Developer,1,SYNTHETIC,75.4,63.7
ST01277,Student ST01277,Mechanical,8,7.1,77.0,76.9,0,4.9,5.8,4.7,4.8,2.6,5.8,4.5,2.9,1,1,1,1,1,6.6,6.7,4.6,7.3,6.3,5.4,1,1,Cloud/DevOps Engineer,1,SYNTHETIC,77.9,66.7
ST01278,Student ST01278,ECE,7,7.77,79.1,78.8,0,6.2,7.7,5.4,6.2,4.5,3.9,4.2,3.9,3,1,2,2,0,7.5,5.6,4.3,7.0,7.5,5.2,2,0,Cloud/DevOps Engineer,1,SYNTHETIC,86.5,71.5
ST01279,Student ST01279,Mechanical,8,9.87,96.9,97.0,0,6.7,6.2,7.9,7.8,5.1,5.6,1.6,1.1,2,3,2,1,1,8.0,6.4,8.0,7.5,7.9,7.1,0,0,Data Analyst,1,SYNTHETIC,85.5,88.4
ST01280,Student ST01280,ISE,7,7.97,78.1,83.1,0,6.8,7.4,6.5,5.4,3.8,1.1,2.5,4.6,0,2,2,1,0,7.3,7.2,4.3,5.7,6.2,5.3,1,0,Cloud/DevOps Engineer,0,SYNTHETIC,94.1,90.9
ST01281,Student ST01281,ECE,7,6.75,64.1,73.2,0,5.5,8.5,7.4,7.7,5.2,9.2,3.6,3.4,3,1,2,1,1,6.6,7.0,5.7,4.4,4.3,4.9,0,0,Data Analyst,1,SYNTHETIC,98.9,80.5
ST01282,Student ST01282,CSE,7,7.83,75.0,71.0,0,5.0,4.7,7.3,5.6,3.9,4.9,3.7,2.2,1,1,2,0,0,6.7,5.3,5.8,5.8,6.7,5.9,0,0,Data Analyst,0,SYNTHETIC,91.4,92.6
ST01283,Student ST01283,CSE,8,6.05,64.2,71.1,0,4.6,6.3,3.7,5.6,2.3,5.3,3.9,1.8,2,3,1,0,0,5.4,6.4,6.4,6.3,5.5,4.9,0,0,AI/ML Engineer,1,SYNTHETIC,90.7,88.6
ST01284,Student ST01284,CSE,8,6.31,66.2,61.5,0,4.9,4.2,5.1,5.0,3.6,4.1,3.6,4.3,1,3,1,0,0,6.9,7.0,5.0,6.6,6.1,5.0,1,0,Cloud/DevOps Engineer,1,SYNTHETIC,79.9,80.6
ST01285,Student ST01285,Mechanical,8,8.36,93.6,76.4,0,5.0,7.6,4.0,6.3,5.1,3.7,4.7,2.9,1,2,2,2,0,5.4,6.6,6.7,6.9,5.5,7.1,0,0,Cybersecurity Specialist,1,SYNTHETIC,94.1,71.3
ST01286,Student ST01286,ISE,8,7.45,73.9,77.7,0,4.6,3.2,6.0,3.2,5.3,4.5,2.7,2.6,0,4,1,1,0,7.0,5.9,3.3,5.9,5.6,5.4,3,0,Cloud/DevOps Engineer,1,SYNTHETIC,81.5,79.6
ST01287,Student ST01287,Mechanical,8,7.69,66.7,73.5,0,5.7,3.3,4.6,2.0,2.1,5.7,2.8,3.5,2,3,1,0,0,5.9,7.0,3.4,7.3,6.8,6.1,0,0,Full-Stack Developer,1,SYNTHETIC,82.6,83.0
ST01288,Student ST01288,ECE,7,6.33,63.0,70.2,0,4.4,3.2,4.7,3.9,2.6,4.3,4.9,2.3,2,2,1,0,0,7.5,4.3,4.4,7.2,6.9,5.0,2,0,Cybersecurity Specialist,1,SYNTHETIC,94.1,84.7
ST01289,Student ST01289,CSE,8,6.64,66.5,65.2,0,6.1,3.4,5.9,7.1,3.3,5.0,4.4,1.0,2,3,2,0,0,5.7,5.9,6.3,4.3,5.2,6.2,0,0,AI/ML Engineer,1,SYNTHETIC,79.7,82.5
ST01290,Student ST01290,Mechanical,7,7.15,64.9,72.0,0,5.8,5.1,6.0,5.1,2.6,3.0,2.8,1.7,0,5,2,0,0,8.5,8.9,5.4,4.8,4.5,4.3,0,0,QA Specialist,1,SYNTHETIC,95.6,60.5
ST01291,Student ST01291,CSE,8,7.56,74.3,68.8,0,7.4,6.1,5.6,6.4,5.0,6.6,5.4,5.3,1,3,2,1,1,4.9,5.6,6.3,6.3,5.7,6.9,0,0,Cloud/DevOps Engineer,1,SYNTHETIC,93.8,61.8
ST01292,Student ST01292,CSE,8,7.98,80.7,85.4,0,5.5,6.9,4.4,7.2,3.3,4.6,6.0,4.1,2,3,2,1,1,6.4,6.9,7.1,8.5,8.5,7.2,0,0,QA Specialist,1,SYNTHETIC,87.2,79.7
ST01293,Student ST01293,Mechanical,8,7.34,73.0,73.6,0,6.7,7.3,7.4,7.1,6.0,6.6,4.7,6.4,1,3,2,2,0,5.8,9.1,6.5,4.6,5.1,5.9,0,0,Data Analyst,0,SYNTHETIC,89.1,92.3
ST01294,Student ST01294,CSE,8,5.74,61.2,55.1,0,1.7,4.0,3.7,3.2,1.0,2.0,1.0,3.4,2,4,1,0,1,5.7,4.4,2.7,5.5,7.2,3.1,0,0,Cloud/DevOps Engineer,0,SYNTHETIC,96.7,69.5
ST01295,Student ST01295,ECE,7,7.91,79.8,74.3,0,5.5,5.2,4.2,7.0,1.0,4.3,1.9,3.2,1,1,2,0,0,7.0,5.2,6.3,7.6,7.4,6.9,0,1,Full-Stack Developer,1,SYNTHETIC,86.7,82.5
ST01296,Student ST01296,ECE,8,8.6,81.7,81.9,0,6.5,6.9,6.8,8.8,3.5,8.1,5.1,4.6,2,4,2,2,0,7.0,6.7,7.7,7.8,5.7,8.1,0,1,Data Analyst,1,SYNTHETIC,80.0,86.6
ST01297,Student ST01297,Mechanical,7,10.0,94.9,96.4,0,6.1,4.9,5.3,3.5,5.5,5.2,7.2,2.0,2,4,1,0,0,7.8,8.3,3.9,6.8,4.6,4.8,1,0,Cloud/DevOps Engineer,1,SYNTHETIC,87.9,91.9
ST01298,Student ST01298,Mechanical,8,7.97,79.1,80.9,0,5.2,5.2,6.8,8.3,5.8,3.6,2.0,2.5,3,1,2,1,0,7.2,6.2,6.6,4.6,4.8,6.4,1,0,QA Specialist,1,SYNTHETIC,84.1,82.1
ST01299,Student ST01299,Mechanical,8,7.8,80.1,77.7,0,6.5,3.8,2.4,4.7,3.0,6.6,3.7,2.2,0,1,2,0,0,9.0,7.2,4.5,5.9,5.7,4.8,1,0,Full-Stack Developer,0,SYNTHETIC,80.3,62.8
ST01300,Student ST01300,CSE,7,6.6,73.1,68.1,0,3.1,3.8,5.4,5.7,1.0,1.9,3.3,1.3,1,3,1,0,0,8.2,6.3,4.9,7.3,8.2,5.1,1,1,Full-Stack Developer,0,SYNTHETIC,75.1,90.8
ST01301,Student ST01301,ISE,8,6.46,60.9,65.1,0,5.7,4.7,6.9,6.2,2.8,4.6,1.9,3.3,0,4,2,0,0,5.5,7.6,5.1,5.5,5.5,5.5,0,0,Full-Stack Developer,1,SYNTHETIC,95.0,67.9
ST01302,Student ST01302,ISE,7,6.65,69.9,70.7,0,7.2,4.5,6.2,5.1,4.0,5.9,5.6,5.0,0,1,2,1,0,3.8,6.6,5.6,7.7,6.4,7.1,1,1,Full-Stack Developer,1,SYNTHETIC,79.0,81.7
ST01303,Student ST01303,CSE,7,7.59,84.8,79.0,0,7.9,8.2,7.3,7.9,4.1,7.8,3.8,7.0,1,1,2,0,0,7.7,6.2,8.1,6.8,5.6,8.6,1,0,AI/ML Engineer,1,SYNTHETIC,98.2,84.3
ST01304,Student ST01304,Mechanical,8,7.27,72.5,69.2,0,5.3,4.0,4.5,5.5,5.2,6.6,2.4,1.0,0,1,2,1,0,6.6,5.4,4.6,4.6,4.9,4.0,2,0,Cloud/DevOps Engineer,1,SYNTHETIC,88.5,74.3
ST01305,Student ST01305,ISE,8,9.05,95.1,90.9,0,5.4,3.4,4.6,3.8,2.9,4.9,2.7,2.3,2,2,1,2,0,7.9,6.7,3.9,9.0,7.3,4.4,0,0,Full-Stack Developer,1,SYNTHETIC,96.1,79.9
ST01306,Student ST01306,Mechanical,7,5.0,55.0,55.5,0,3.5,2.0,3.1,3.4,1.0,2.1,1.0,2.7,0,1,1,0,1,5.2,6.3,4.1,5.2,5.2,5.0,0,0,Cloud/DevOps Engineer,0,SYNTHETIC,75.8,95.0
ST01307,Student ST01307,CSE,8,6.67,73.4,68.0,0,3.7,4.7,3.8,4.3,3.3,2.5,1.8,2.8,1,2,1,0,2,7.7,5.9,3.1,4.4,3.7,3.4,1,0,Cybersecurity Specialist,0,SYNTHETIC,79.6,88.3
ST01308,Student ST01308,CSE,7,7.37,67.5,79.0,0,4.2,1.0,3.3,5.2,1.0,3.0,3.1,2.5,3,3,1,0,1,7.8,7.1,4.5,7.7,7.3,6.5,0,1,Cloud/DevOps Engineer,1,SYNTHETIC,96.4,84.8
ST01309,Student ST01309,Mechanical,8,7.79,71.2,75.6,0,3.4,3.6,5.1,6.8,2.1,2.8,2.1,3.2,2,6,1,1,0,5.5,5.6,5.2,5.0,7.1,4.7,0,0,Full-Stack Developer,1,SYNTHETIC,94.0,78.2
ST01310,Student ST01310,CSE,7,6.03,66.7,65.3,0,5.0,5.1,4.3,4.7,2.9,2.8,3.4,4.3,1,1,1,0,0,7.7,7.1,4.4,4.6,5.5,3.7,0,0,Cybersecurity Specialist,0,SYNTHETIC,83.8,87.7
ST01311,Student ST01311,Mechanical,8,8.6,85.1,90.2,0,7.1,7.5,6.5,4.8,5.4,4.3,7.7,5.9,1,3,2,1,1,5.8,7.1,5.3,6.3,5.1,5.4,0,0,QA Specialist,1,SYNTHETIC,89.9,66.6
ST01312,Student ST01312,ECE,8,6.84,72.4,70.1,0,3.6,5.1,4.7,6.4,1.3,4.4,3.4,1.0,0,2,1,1,0,5.7,5.7,7.0,3.2,2.1,3.4,0,0,Cybersecurity Specialist,0,SYNTHETIC,91.6,63.0
ST01313,Student ST01313,Mechanical,8,7.8,79.1,75.2,0,5.9,4.6,4.8,6.1,5.4,5.9,4.0,4.3,2,4,2,0,1,6.6,6.4,6.5,6.0,5.8,6.4,1,0,QA Specialist,1,SYNTHETIC,91.4,62.6
ST01314,Student ST01314,CSE,8,7.48,79.4,72.9,0,3.3,4.0,5.0,2.6,3.2,4.7,3.3,1.0,1,2,1,0,0,5.2,5.7,2.0,6.2,4.7,3.6,1,0,QA Specialist,1,SYNTHETIC,77.3,93.4
ST01315,Student ST01315,Mechanical,8,8.07,86.3,74.9,0,5.7,7.9,5.5,6.6,6.3,5.0,2.8,2.6,0,4,2,2,0,4.9,7.1,7.0,7.2,6.5,7.2,0,1,AI/ML Engineer,1,SYNTHETIC,87.2,90.0
ST01316,Student ST01316,CSE,8,7.03,66.3,68.9,0,6.1,5.6,7.6,7.3,3.1,6.7,1.2,4.0,2,3,2,2,0,4.7,5.4,6.1,6.5,5.5,7.5,0,0,Cloud/DevOps Engineer,1,SYNTHETIC,88.4,86.8
ST01317,Student ST01317,Mechanical,7,6.49,70.3,70.5,0,5.4,5.3,5.5,3.2,1.2,1.5,1.6,1.7,1,3,1,0,0,8.4,4.6,3.6,7.2,7.1,6.8,0,0,QA Specialist,0,SYNTHETIC,97.5,84.6
ST01318,Student ST01318,Mechanical,7,7.72,79.2,73.1,0,3.4,5.1,3.3,2.3,2.2,3.6,2.7,1.7,5,3,1,0,0,6.3,6.2,3.2,6.0,6.0,3.2,0,0,AI/ML Engineer,1,SYNTHETIC,75.5,63.0
ST01319,Student ST01319,ISE,7,6.53,69.8,65.2,0,3.0,6.0,3.6,4.3,2.6,1.3,4.2,1.4,3,5,1,0,0,3.8,5.8,4.1,4.6,5.9,4.4,1,0,Data Analyst,1,SYNTHETIC,93.7,72.9
ST01320,Student ST01320,ECE,8,8.42,85.0,85.5,0,6.5,4.4,6.1,5.7,4.6,2.7,1.5,5.9,1,1,2,0,0,7.2,7.2,6.0,4.1,4.2,5.5,0,0,AI/ML Engineer,1,SYNTHETIC,86.0,60.4
ST01321,Student ST01321,Mechanical,7,6.9,63.9,71.8,0,7.1,5.2,6.7,3.2,3.6,2.5,5.1,1.0,1,1,1,1,1,5.4,7.5,5.7,6.7,6.2,4.8,1,0,AI/ML Engineer,1,SYNTHETIC,91.4,70.3
ST01322,Student ST01322,CSE,8,6.93,69.3,66.1,0,3.9,4.3,4.7,6.8,3.4,2.9,1.5,4.8,1,6,2,0,0,5.4,5.0,6.1,6.8,6.9,5.9,2,0,Cloud/DevOps Engineer,0,SYNTHETIC,86.4,94.8
ST01323,Student ST01323,Mechanical,7,7.64,72.4,72.1,0,4.3,5.1,5.2,5.6,4.8,3.8,2.4,4.4,0,1,1,0,0,6.1,6.0,5.1,5.0,5.2,4.5,0,0,Data Analyst,1,SYNTHETIC,91.1,90.9
ST01324,Student ST01324,CSE,7,6.92,71.5,73.6,0,4.9,4.2,5.6,5.7,3.5,4.5,3.8,1.0,1,1,2,0,0,6.5,6.5,5.7,5.1,3.7,5.8,0,0,Full-Stack Developer,1,SYNTHETIC,81.0,85.6
ST01325,Student ST01325,CSE,7,6.24,61.3,64.5,0,5.5,5.8,4.4,7.1,5.2,4.3,2.5,4.6,0,2,2,0,1,7.0,6.4,5.5,5.8,3.8,6.8,0,0,Data Analyst,1,SYNTHETIC,87.9,78.7
ST01326,Student ST01326,CSE,8,8.03,76.1,90.8,0,5.0,2.1,2.1,4.7,3.6,4.1,5.0,2.4,0,4,1,0,0,7.4,7.1,3.6,4.6,4.0,4.9,0,0,Data Analyst,1,SYNTHETIC,83.8,78.2
ST01327,Student ST01327,ISE,7,5.94,62.0,65.8,0,5.0,4.3,5.9,6.2,1.8,4.8,3.3,6.0,1,1,2,0,1,6.4,6.0,6.0,5.6,5.1,5.9,0,0,Cloud/DevOps Engineer,0,SYNTHETIC,82.1,67.6
ST01328,Student ST01328,CSE,8,7.34,75.2,77.1,0,4.8,5.8,6.3,5.4,3.4,3.4,4.5,4.8,2,2,1,0,0,6.2,5.7,5.6,6.5,7.2,5.9,0,0,Data Analyst,0,SYNTHETIC,80.1,94.0
ST01329,Student ST01329,ECE,8,7.12,74.1,66.3,0,7.4,5.7,5.2,7.1,2.6,3.9,3.7,5.7,2,3,2,1,1,7.5,5.7,7.2,3.7,4.7,5.3,0,0,Data Analyst,1,SYNTHETIC,94.1,81.6
ST01330,Student ST01330,ISE,7,6.44,61.6,64.5,0,2.9,5.6,4.3,6.6,2.6,1.9,1.1,3.6,1,1,1,0,1,6.1,5.2,3.7,5.7,5.1,5.4,1,0,Cybersecurity Specialist,0,SYNTHETIC,86.1,92.5
ST01331,Student ST01331,ECE,8,7.34,74.6,67.2,0,5.7,7.7,6.0,4.5,4.0,4.9,6.9,2.7,1,5,1,1,0,6.7,4.8,5.6,5.5,5.8,5.8,0,0,AI/ML Engineer,1,SYNTHETIC,92.2,75.4
ST01332,Student ST01332,ECE,8,5.97,66.8,66.5,0,3.3,5.1,5.0,1.9,5.3,3.6,5.0,2.4,0,3,1,0,0,5.5,3.4,1.3,5.8,4.3,4.8,0,0,Data Analyst,0,SYNTHETIC,77.5,80.7
ST01333,Student ST01333,Mechanical,8,8.62,88.2,85.5,0,5.4,5.1,7.3,7.5,5.4,4.8,3.4,2.2,1,3,2,0,0,6.8,8.4,7.0,9.2,8.5,7.0,0,0,Cloud/DevOps Engineer,1,SYNTHETIC,90.9,77.8
ST01334,Student ST01334,CSE,8,7.52,71.7,74.5,0,6.6,6.4,4.0,3.6,3.9,5.6,2.4,5.5,0,3,1,0,0,8.1,6.5,4.1,7.4,7.8,5.2,0,0,Full-Stack Developer,0,SYNTHETIC,77.2,81.3
ST01335,Student ST01335,ISE,7,5.38,56.1,60.2,0,2.3,5.0,6.6,3.6,2.5,3.0,2.0,4.0,1,1,1,0,0,5.1,6.2,3.8,6.7,6.3,5.1,1,0,QA Specialist,1,SYNTHETIC,91.3,62.6
ST01336,Student ST01336,CSE,8,6.44,71.5,61.8,0,2.6,5.7,6.5,2.6,3.5,3.5,3.5,4.7,0,1,1,0,0,6.4,5.2,3.4,6.9,5.4,3.0,1,0,AI/ML Engineer,0,SYNTHETIC,76.0,85.5
ST01337,Student ST01337,Mechanical,8,6.38,73.8,62.1,0,4.6,4.5,4.4,4.4,1.2,4.2,2.4,1.2,0,5,1,0,0,6.5,7.0,4.4,6.0,4.5,5.1,0,0,Cybersecurity Specialist,0,SYNTHETIC,75.3,91.9
ST01338,Student ST01338,CSE,8,7.24,71.4,76.0,0,5.5,5.0,6.3,6.7,5.5,2.3,3.2,1.3,0,5,2,0,0,6.0,6.0,5.7,7.2,6.9,6.4,0,1,Data Analyst,1,SYNTHETIC,93.6,74.1
ST01339,Student ST01339,ISE,7,7.99,79.2,80.4,0,5.0,3.5,3.5,6.0,3.3,2.8,1.7,2.8,2,2,2,2,0,6.6,6.5,5.5,8.8,9.1,7.8,2,0,Full-Stack Developer,1,SYNTHETIC,97.0,68.5
ST01340,Student ST01340,CSE,8,8.12,87.4,80.7,0,5.4,4.2,5.7,5.3,5.8,5.4,3.1,2.3,1,3,2,3,2,5.6,6.5,5.3,7.7,7.4,6.5,0,0,Cybersecurity Specialist,0,SYNTHETIC,86.8,85.1
ST01341,Student ST01341,CSE,8,7.33,72.8,75.8,0,6.1,5.4,6.0,1.4,5.2,4.1,3.2,3.7,2,5,1,0,2,5.4,6.3,3.0,5.7,4.5,5.4,0,0,Cloud/DevOps Engineer,1,SYNTHETIC,97.0,93.5
ST01342,Student ST01342,ECE,7,7.02,69.6,67.1,0,4.6,3.7,5.9,6.2,3.2,6.8,6.5,3.6,1,2,2,0,0,5.6,5.9,6.0,4.5,5.1,4.1,0,0,Cloud/DevOps Engineer,1,SYNTHETIC,76.0,90.2
ST01343,Student ST01343,CSE,8,8.15,85.9,79.4,0,6.4,7.4,7.1,7.7,1.8,4.3,5.3,4.2,0,2,2,0,1,6.3,6.5,7.2,7.8,5.7,7.1,0,0,QA Specialist,1,SYNTHETIC,94.8,63.9
ST01344,Student ST01344,ECE,7,6.01,58.7,65.1,0,6.7,3.1,6.4,1.8,3.2,4.4,3.2,2.1,0,3,1,0,1,5.3,6.2,4.9,4.2,2.9,4.5,1,0,Cybersecurity Specialist,0,SYNTHETIC,79.9,93.1
ST01345,Student ST01345,ECE,7,7.38,77.2,73.3,0,3.2,3.8,2.9,4.0,2.9,3.2,2.9,1.0,0,3,1,0,1,5.6,6.6,3.3,6.6,6.9,3.8,0,0,Cloud/DevOps Engineer,1,SYNTHETIC,87.8,64.4
ST01346,Student ST01346,ISE,7,8.05,77.1,78.9,0,7.3,6.2,6.3,8.2,4.1,4.1,1.1,1.8,3,4,2,3,1,6.5,4.4,6.9,7.6,7.0,7.8,0,1,QA Specialist,1,SYNTHETIC,87.0,86.8
ST01347,Student ST01347,Mechanical,8,7.73,74.2,84.4,0,7.7,4.6,5.3,4.7,3.5,5.7,1.0,3.1,2,5,2,1,0,6.2,6.9,5.9,3.3,3.8,4.6,0,0,Full-Stack Developer,1,SYNTHETIC,88.8,61.7
ST01348,Student ST01348,ECE,8,7.14,67.0,76.9,0,6.5,6.1,4.8,4.4,4.5,6.8,4.1,4.6,1,3,2,1,0,7.4,8.2,4.1,6.6,6.3,6.7,2,0,AI/ML Engineer,1,SYNTHETIC,83.7,69.3
ST01349,Student ST01349,ISE,8,7.82,72.0,76.6,0,6.3,5.9,3.3,4.1,2.6,4.2,1.6,3.5,1,2,1,0,0,6.8,5.8,4.2,6.9,7.0,6.5,0,0,AI/ML Engineer,1,SYNTHETIC,81.0,86.4
ST01350,Student ST01350,ECE,7,6.71,70.9,64.3,0,3.0,2.7,3.5,5.4,1.0,4.2,2.9,3.7,0,3,1,0,0,4.6,6.0,3.8,5.9,6.4,4.6,1,0,AI/ML Engineer,0,SYNTHETIC,97.9,81.8
ST01351,Student ST01351,CSE,7,7.66,72.3,82.1,0,6.2,4.6,6.1,6.5,4.8,4.7,2.7,1.0,0,1,2,2,2,6.6,6.6,7.2,4.5,4.2,5.9,1,0,Cybersecurity Specialist,1,SYNTHETIC,80.9,60.4
ST01352,Student ST01352,CSE,7,7.65,80.9,81.2,0,3.0,5.7,6.1,4.1,1.5,5.5,1.7,6.3,3,4,1,1,0,6.8,7.7,3.3,3.8,6.1,4.2,1,0,Cybersecurity Specialist,1,SYNTHETIC,91.2,89.2
ST01353,Student ST01353,CSE,8,6.92,73.5,75.1,0,3.7,3.7,4.0,3.4,4.0,2.8,2.0,2.2,0,4,1,0,0,7.1,4.8,3.1,8.2,6.8,5.8,3,0,Data Analyst,1,SYNTHETIC,75.4,80.5
ST01354,Student ST01354,CSE,8,7.79,76.2,70.7,0,3.5,2.4,5.4,4.4,3.7,4.8,4.0,3.2,1,4,1,0,2,7.6,6.9,4.6,8.0,7.2,5.2,0,1,Cloud/DevOps Engineer,0,SYNTHETIC,93.2,61.4
ST01355,Student ST01355,ECE,8,9.12,85.6,82.7,0,6.0,5.7,8.2,4.6,4.3,6.5,2.6,4.3,1,4,2,0,0,7.4,8.4,4.8,7.6,8.5,6.2,1,0,Full-Stack Developer,1,SYNTHETIC,82.8,83.2
ST01356,Student ST01356,ECE,8,7.3,76.9,77.0,0,3.7,6.7,5.2,4.5,2.5,4.0,1.0,4.2,1,2,1,0,0,6.3,6.3,3.3,7.4,6.6,4.9,0,0,AI/ML Engineer,1,SYNTHETIC,82.5,63.4
ST01357,Student ST01357,CSE,8,6.79,70.4,68.4,0,1.9,2.8,4.0,5.4,2.7,1.7,2.7,1.5,0,3,1,0,3,4.4,6.7,4.6,7.7,8.8,5.9,1,0,Full-Stack Developer,1,SYNTHETIC,85.0,61.6
ST01358,Student ST01358,CSE,8,5.86,64.3,61.2,0,2.9,2.4,3.6,1.5,1.0,1.7,1.2,1.1,1,3,1,0,0,4.6,6.1,1.4,5.0,4.3,3.4,0,0,Full-Stack Developer,0,SYNTHETIC,77.1,71.8
ST01359,Student ST01359,CSE,8,6.6,74.9,71.3,0,2.4,1.9,4.0,3.5,3.1,1.5,1.9,3.1,1,1,1,0,0,5.3,5.4,2.7,6.0,6.1,5.6,1,0,Full-Stack Developer,1,SYNTHETIC,96.7,64.9
ST01360,Student ST01360,CSE,8,6.92,66.8,73.9,0,5.7,3.5,5.8,4.5,2.7,3.7,3.7,3.8,1,5,1,0,0,5.4,6.6,5.5,4.8,4.0,4.5,1,0,Cybersecurity Specialist,0,SYNTHETIC,83.3,75.0
ST01361,Student ST01361,CSE,7,5.18,55.0,57.5,0,4.2,1.0,5.2,2.6,3.6,4.3,2.7,1.0,0,2,1,0,0,5.2,4.3,4.0,3.5,3.5,3.9,0,0,Full-Stack Developer,1,SYNTHETIC,78.9,92.8
ST01362,Student ST01362,ECE,7,6.79,72.4,72.2,0,7.4,6.4,6.2,5.4,3.8,4.5,1.0,1.0,0,1,2,0,0,5.9,6.3,4.7,6.9,6.7,6.5,1,0,Cybersecurity Specialist,0,SYNTHETIC,81.5,84.6
ST01363,Student ST01363,CSE,8,7.16,74.0,69.3,0,3.3,1.7,2.6,2.9,1.5,3.7,1.7,4.2,2,1,1,0,0,8.2,5.5,2.7,5.2,4.8,3.6,0,0,Full-Stack Developer,0,SYNTHETIC,87.4,63.7
ST01364,Student ST01364,ISE,8,7.68,76.7,82.5,0,6.5,5.0,5.2,6.1,2.5,3.9,1.2,4.1,3,3,2,1,1,5.9,6.6,6.2,8.2,7.6,8.1,1,0,AI/ML Engineer,1,SYNTHETIC,92.8,68.9
ST01365,Student ST01365,CSE,7,6.54,70.0,63.7,0,6.4,4.4,6.3,6.6,2.5,3.3,1.8,1.2,1,2,2,0,0,5.8,6.2,6.6,7.9,6.9,6.6,2,0,AI/ML Engineer,0,SYNTHETIC,77.8,73.5
ST01366,Student ST01366,ISE,7,8.64,83.7,82.0,0,5.8,6.7,7.7,7.6,3.7,5.6,6.0,5.7,0,2,2,2,1,6.5,7.7,7.6,7.2,6.0,5.8,0,0,Full-Stack Developer,1,SYNTHETIC,89.0,70.2
ST01367,Student ST01367,CSE,8,8.24,76.6,86.0,0,4.4,4.7,4.3,4.6,1.3,4.8,4.4,1.1,0,3,1,1,0,6.3,5.2,5.7,4.4,3.3,5.9,0,0,Full-Stack Developer,0,SYNTHETIC,89.0,93.8
ST01368,Student ST01368,ECE,8,6.82,63.8,73.5,0,4.1,4.0,3.6,5.8,4.2,4.8,2.8,1.0,2,2,1,0,0,5.7,4.2,5.2,8.1,6.0,6.3,2,0,Full-Stack Developer,0,SYNTHETIC,82.7,87.6
ST01369,Student ST01369,ECE,7,6.24,58.2,61.0,0,5.3,3.1,1.0,3.0,2.3,3.1,1.0,1.6,0,3,1,0,0,5.4,5.3,5.3,6.6,5.4,4.5,1,0,Cloud/DevOps Engineer,0,SYNTHETIC,91.3,92.6
ST01370,Student ST01370,Mechanical,7,7.19,72.6,72.4,0,3.5,2.7,1.8,6.9,2.8,3.2,1.6,2.9,1,1,1,0,0,5.3,7.4,5.5,7.3,7.3,6.9,2,0,Data Analyst,0,SYNTHETIC,81.4,77.7
ST01371,Student ST01371,CSE,8,6.42,69.7,60.4,0,3.7,3.0,4.2,2.6,2.0,3.0,2.6,3.3,5,5,1,0,0,5.6,6.2,2.9,7.0,6.8,4.6,0,0,Cloud/DevOps Engineer,1,SYNTHETIC,95.2,70.4
ST01372,Student ST01372,CSE,7,6.63,68.0,63.7,0,4.0,3.5,3.2,2.1,1.0,3.5,1.0,4.2,2,4,1,0,0,7.2,5.2,3.5,5.1,5.0,4.3,0,0,Cloud/DevOps Engineer,0,SYNTHETIC,94.9,62.3
ST01373,Student ST01373,ECE,8,7.14,69.9,78.1,0,4.9,5.6,3.2,4.7,4.4,4.1,1.0,1.9,1,4,1,2,0,5.4,6.7,4.5,6.7,6.0,5.9,1,0,Cloud/DevOps Engineer,1,SYNTHETIC,84.1,65.0
ST01374,Student ST01374,ECE,7,7.18,69.5,70.4,0,5.7,3.8,5.5,5.6,1.0,2.7,1.8,1.0,3,1,2,1,0,5.2,7.7,6.5,7.1,7.2,5.2,1,0,Full-Stack Developer,1,SYNTHETIC,78.9,70.0
ST01375,Student ST01375,CSE,8,7.21,75.6,72.3,0,2.3,4.6,6.3,4.7,6.3,3.3,2.3,1.7,1,3,1,0,1,8.0,7.3,4.3,5.9,7.7,5.3,2,0,AI/ML Engineer,1,SYNTHETIC,78.7,88.3
ST01376,Student ST01376,Mechanical,7,8.27,82.0,79.6,0,7.2,6.3,9.1,8.4,4.4,6.4,5.9,4.7,2,6,2,0,0,7.3,8.0,7.8,6.2,4.9,7.0,0,0,QA Specialist,1,SYNTHETIC,98.8,90.8
ST01377,Student ST01377,Mechanical,7,8.22,75.2,77.0,0,5.7,5.8,8.6,5.8,3.2,4.2,2.9,1.4,0,6,2,0,0,8.2,8.2,5.5,4.8,4.9,5.1,3,0,Data Analyst,1,SYNTHETIC,77.3,85.4
ST01378,Student ST01378,ECE,8,6.74,63.6,71.5,0,5.6,4.7,3.9,4.9,5.0,4.4,5.5,3.1,1,1,2,0,0,6.5,6.5,5.3,4.5,5.9,3.5,1,0,Data Analyst,0,SYNTHETIC,97.1,92.7
ST01379,Student ST01379,CSE,8,7.72,75.1,77.5,0,6.9,3.7,6.1,6.9,2.4,4.7,3.4,1.0,3,3,2,0,0,6.6,6.3,6.9,5.6,4.7,7.1,1,0,Data Analyst,1,SYNTHETIC,90.0,75.3
ST01380,Student ST01380,CSE,8,7.69,77.5,72.7,0,6.4,1.2,2.9,2.5,5.0,5.1,1.5,1.9,4,1,1,0,1,5.5,6.7,3.5,6.3,7.5,6.0,2,0,Cybersecurity Specialist,0,SYNTHETIC,94.0,72.7
ST01381,Student ST01381,ECE,7,5.66,66.3,65.4,0,2.2,1.1,4.6,2.7,1.6,1.4,4.6,1.0,2,2,1,0,0,5.2,7.1,1.9,7.3,5.3,3.7,0,1,Full-Stack Developer,0,SYNTHETIC,82.5,71.3
ST01382,Student ST01382,Mechanical,7,7.44,77.7,76.2,0,1.4,3.9,1.2,2.4,1.0,4.1,1.0,2.3,1,1,1,0,0,5.3,8.2,4.2,6.2,5.2,3.6,0,0,Cybersecurity Specialist,0,SYNTHETIC,79.9,78.7
ST01383,Student ST01383,CSE,8,7.86,84.8,75.8,0,4.9,4.1,3.4,4.4,2.6,6.1,4.8,4.8,2,1,1,1,1,6.9,5.3,3.9,4.4,2.5,4.9,0,0,Full-Stack Developer,0,SYNTHETIC,80.9,64.7
ST01384,Student ST01384,CSE,8,8.56,87.4,90.3,0,4.6,4.4,5.5,5.9,3.5,6.6,5.9,1.9,0,2,2,1,0,7.9,8.5,6.2,6.9,7.5,5.0,1,0,QA Specialist,1,SYNTHETIC,98.0,71.9
ST01385,Student ST01385,CSE,7,8.38,86.5,78.3,0,4.8,4.7,4.0,6.0,1.6,5.6,5.8,4.1,0,2,2,1,0,7.1,6.9,5.7,7.2,5.0,6.2,0,1,Cloud/DevOps Engineer,0,SYNTHETIC,83.3,92.3
ST01386,Student ST01386,CSE,8,6.87,65.3,62.5,0,5.6,3.4,1.5,5.2,4.2,4.8,1.5,1.5,2,4,2,0,1,5.0,5.5,6.0,5.5,4.5,5.6,1,0,Cloud/DevOps Engineer,1,SYNTHETIC,96.2,90.1
ST01387,Student ST01387,CSE,8,8.01,84.1,81.7,0,6.9,6.0,5.9,6.0,4.5,5.4,4.2,1.8,0,5,2,0,0,7.0,6.9,6.7,6.3,6.5,7.7,1,0,Cloud/DevOps Engineer,1,SYNTHETIC,77.2,65.9
ST01388,Student ST01388,Mechanical,7,7.9,78.0,78.2,0,6.0,6.8,7.6,5.7,1.3,7.8,2.8,3.6,2,4,2,0,0,9.6,7.7,5.7,5.1,2.6,6.1,1,0,Full-Stack Developer,1,SYNTHETIC,86.0,74.9
ST01389,Student ST01389,ECE,8,7.88,86.1,78.4,0,5.1,6.5,6.3,8.0,3.7,7.7,3.6,2.0,1,2,2,0,0,4.2,6.1,6.2,5.4,6.7,5.6,0,0,Full-Stack Developer,1,SYNTHETIC,77.0,88.8
ST01390,Student ST01390,CSE,7,8.11,77.1,88.3,0,8.1,5.4,6.4,6.4,3.9,6.8,6.6,1.0,0,6,2,3,1,7.4,8.0,7.1,5.9,5.7,5.8,0,0,QA Specialist,1,SYNTHETIC,78.0,69.0
ST01391,Student ST01391,ECE,7,8.81,93.4,85.0,0,5.1,5.2,7.1,5.4,5.4,6.4,4.4,7.6,2,6,1,0,0,6.6,7.5,5.1,8.9,7.8,7.1,0,1,Cloud/DevOps Engineer,1,SYNTHETIC,80.8,79.2
ST01392,Student ST01392,CSE,7,8.28,80.0,87.2,0,5.0,5.3,5.8,4.0,1.6,3.6,4.7,5.8,1,2,1,0,0,5.3,7.8,4.1,6.5,5.8,6.9,1,0,Cybersecurity Specialist,1,SYNTHETIC,85.4,86.8
ST01393,Student ST01393,ISE,8,6.65,71.6,72.5,0,5.8,3.9,4.8,6.0,3.8,3.5,1.4,6.2,1,1,2,0,1,7.3,6.7,6.5,6.1,6.8,5.9,1,0,Cloud/DevOps Engineer,1,SYNTHETIC,75.1,70.3
ST01394,Student ST01394,CSE,7,7.2,77.4,71.6,0,2.8,1.0,4.0,2.5,3.6,2.9,1.0,2.4,1,2,1,0,2,7.5,4.6,2.4,7.0,8.2,4.3,1,0,Full-Stack Developer,0,SYNTHETIC,92.5,82.2
ST01395,Student ST01395,Mechanical,7,6.19,66.7,60.4,0,4.0,3.9,2.9,5.2,1.7,2.5,1.8,1.3,1,2,1,0,0,4.7,7.1,4.9,5.5,4.7,5.6,0,0,QA Specialist,0,SYNTHETIC,87.7,67.3
ST01396,Student ST01396,CSE,7,8.68,83.5,87.7,0,4.3,6.3,8.6,6.3,3.3,4.4,6.4,3.6,1,6,2,1,1,7.7,7.1,5.9,4.8,4.6,5.7,0,0,Cloud/DevOps Engineer,1,SYNTHETIC,90.4,66.8
ST01397,Student ST01397,ECE,8,5.27,60.6,60.1,0,3.1,3.5,1.8,4.8,2.3,5.3,2.8,2.3,2,1,1,0,0,6.0,3.6,4.1,5.7,4.4,6.0,0,0,Full-Stack Developer,0,SYNTHETIC,89.7,81.2
ST01398,Student ST01398,ISE,7,9.35,91.7,93.2,0,5.3,4.1,6.5,5.7,4.3,3.8,4.9,1.0,1,5,2,3,1,7.7,6.4,4.4,6.7,6.1,7.0,0,0,Data Analyst,1,SYNTHETIC,75.7,74.0
ST01399,Student ST01399,ECE,7,6.88,67.3,76.5,0,4.0,2.3,3.0,2.0,5.4,2.2,1.0,1.0,2,4,1,0,0,5.2,5.1,3.1,5.9,6.0,5.1,1,0,Cloud/DevOps Engineer,1,SYNTHETIC,90.6,71.5
ST01400,Student ST01400,CSE,8,8.5,85.7,84.2,0,3.9,5.7,6.6,8.3,3.3,5.2,5.1,4.8,1,3,2,0,0,8.4,6.9,6.5,6.5,6.3,6.1,1,0,Full-Stack Developer,1,SYNTHETIC,79.4,70.7
ST01401,Student ST01401,ECE,7,7.32,82.8,70.7,0,5.4,5.8,7.0,3.2,2.7,6.1,3.7,3.5,0,6,1,1,0,6.3,7.1,3.2,8.7,7.7,7.0,1,1,AI/ML Engineer,0,SYNTHETIC,92.0,76.7
ST01402,Student ST01402,CSE,7,7.7,85.0,76.8,0,4.9,4.1,4.0,6.1,1.2,6.4,2.5,1.0,2,4,2,1,1,5.6,7.5,7.1,7.7,6.8,5.6,0,0,Cybersecurity Specialist,1,SYNTHETIC,75.1,68.4
ST01403,Student ST01403,ECE,7,9.24,91.1,93.3,0,4.2,5.6,4.3,4.8,4.4,4.9,4.2,4.2,1,3,1,2,0,7.6,7.3,4.1,2.9,4.1,3.8,0,0,Data Analyst,1,SYNTHETIC,91.9,77.1
ST01404,Student ST01404,CSE,8,5.83,67.0,59.8,0,6.7,4.1,3.7,3.0,2.1,1.0,2.6,3.6,0,2,1,1,0,6.2,7.8,4.2,5.8,6.7,5.5,1,0,Cloud/DevOps Engineer,0,SYNTHETIC,82.0,79.1
ST01405,Student ST01405,ISE,8,6.75,70.1,75.1,0,4.6,4.2,6.4,1.8,2.5,6.4,3.7,1.8,1,1,1,0,1,6.4,6.2,3.0,4.3,3.4,4.3,2,0,Full-Stack Developer,0,SYNTHETIC,81.2,88.1
ST01406,Student ST01406,ISE,7,5.83,59.3,66.1,0,3.4,4.1,4.0,2.7,2.8,3.6,5.9,1.1,1,2,1,0,0,4.2,4.1,2.1,6.1,6.3,4.6,0,0,AI/ML Engineer,1,SYNTHETIC,78.0,85.3
ST01407,Student ST01407,CSE,7,7.85,84.9,74.3,0,4.8,7.4,5.4,4.9,5.9,6.2,2.9,3.7,0,1,1,0,0,7.6,7.6,5.4,3.5,3.4,3.6,2,0,Data Analyst,1,SYNTHETIC,95.3,83.8
ST01408,Student ST01408,ECE,7,9.27,89.0,90.8,0,6.3,5.5,5.5,4.5,3.3,5.1,2.0,2.6,0,2,2,1,0,5.2,7.1,6.0,5.6,6.8,6.3,2,0,Cloud/DevOps Engineer,1,SYNTHETIC,98.6,94.0
ST01409,Student ST01409,CSE,7,10.0,98.0,91.5,0,8.4,10.0,7.8,9.9,5.8,10.0,4.9,9.3,2,2,3,3,0,7.9,8.0,9.6,7.9,7.6,8.1,0,0,Data Analyst,1,SYNTHETIC,87.6,85.9
ST01410,Student ST01410,CSE,8,5.79,64.2,58.5,0,5.0,4.7,5.7,4.3,3.1,4.6,2.4,1.2,0,2,1,0,0,4.5,6.7,5.3,8.0,7.5,5.7,1,0,Cloud/DevOps Engineer,0,SYNTHETIC,84.6,77.7
ST01411,Student ST01411,CSE,8,8.16,83.8,80.9,0,7.1,5.3,6.3,4.9,6.5,6.8,2.8,4.6,1,1,2,2,0,6.8,6.5,6.1,5.9,5.2,5.2,0,0,AI/ML Engineer,1,SYNTHETIC,86.5,74.0
ST01412,Student ST01412,Mechanical,7,6.56,66.0,66.9,0,7.3,8.3,7.9,6.4,2.0,5.9,1.2,3.7,1,1,2,0,0,5.7,6.4,6.8,6.4,5.3,5.7,0,0,Full-Stack Developer,1,SYNTHETIC,85.5,72.8
ST01413,Student ST01413,CSE,8,6.24,67.1,65.3,0,4.6,5.0,2.8,6.2,5.3,5.2,1.8,3.6,1,2,2,0,0,5.7,6.2,6.1,6.9,7.4,5.3,0,0,Cloud/DevOps Engineer,0,SYNTHETIC,78.1,60.1
ST01414,Student ST01414,Mechanical,8,6.64,70.8,68.5,0,5.7,2.6,5.0,1.0,3.2,5.2,2.3,2.5,2,4,1,0,0,5.3,4.5,2.2,7.4,6.1,4.3,1,0,Cloud/DevOps Engineer,1,SYNTHETIC,92.2,83.8
ST01415,Student ST01415,ECE,8,7.01,71.3,71.6,0,5.0,5.8,6.0,4.2,2.4,2.5,1.0,3.3,2,2,1,1,0,5.9,6.0,5.2,6.6,5.1,7.1,1,0,Cybersecurity Specialist,0,SYNTHETIC,78.4,85.9
ST01416,Student ST01416,CSE,8,5.03,57.9,50.0,0,6.1,2.1,4.9,2.6,4.1,3.4,2.2,3.8,0,3,1,0,0,7.3,4.5,3.4,6.6,5.6,6.2,1,0,Cloud/DevOps Engineer,0,SYNTHETIC,82.6,72.5
ST01417,Student ST01417,Mechanical,8,7.77,84.8,73.9,0,5.0,7.0,4.9,6.1,5.6,3.3,4.6,2.7,2,1,2,1,0,7.8,7.6,7.7,5.7,5.0,4.3,2,0,Cloud/DevOps Engineer,0,SYNTHETIC,91.6,69.0
ST01418,Student ST01418,CSE,8,7.78,82.6,77.2,0,6.2,4.6,5.0,5.0,5.7,4.8,4.2,4.0,2,1,2,0,0,6.6,8.0,5.4,6.9,7.0,6.8,3,0,Full-Stack Developer,0,SYNTHETIC,95.0,86.5
ST01419,Student ST01419,ECE,8,7.84,74.6,73.6,0,7.1,4.8,5.8,2.4,3.9,4.6,1.0,3.3,1,2,1,0,1,5.2,7.7,3.4,3.8,4.7,4.0,1,0,AI/ML Engineer,1,SYNTHETIC,89.0,62.5
ST01420,Student ST01420,ISE,8,8.05,87.0,78.0,0,5.9,5.3,5.3,7.4,1.3,2.7,1.0,4.7,0,2,2,0,0,4.2,6.9,6.0,7.2,5.8,7.1,3,0,Cybersecurity Specialist,1,SYNTHETIC,85.2,93.7
ST01421,Student ST01421,Mechanical,7,5.9,60.4,61.5,0,2.1,4.3,2.7,6.0,2.8,4.7,3.8,5.1,1,1,1,0,1,4.2,4.8,4.6,6.0,6.7,3.7,1,0,Cloud/DevOps Engineer,0,SYNTHETIC,75.8,71.7
ST01422,Student ST01422,ISE,8,6.33,69.3,65.5,0,3.3,3.6,3.3,5.4,4.4,6.0,3.3,1.8,1,2,1,0,1,5.6,7.0,4.3,8.1,7.8,5.6,0,1,Cybersecurity Specialist,1,SYNTHETIC,97.2,74.6
ST01423,Student ST01423,ECE,7,7.34,74.0,72.5,0,5.5,5.9,7.3,5.6,3.9,4.7,3.9,4.5,3,2,2,2,0,8.0,5.2,4.6,2.2,2.8,2.9,1,0,QA Specialist,0,SYNTHETIC,76.7,82.1
ST01424,Student ST01424,ISE,7,5.81,60.9,65.1,0,6.8,3.6,3.2,5.0,3.5,4.0,1.7,1.0,1,6,2,0,0,5.5,5.5,4.5,5.7,4.8,6.7,1,0,Cloud/DevOps Engineer,1,SYNTHETIC,80.5,88.2
ST01425,Student ST01425,CSE,8,6.55,66.5,66.1,0,4.1,3.3,3.8,5.1,2.9,1.8,2.1,1.2,2,2,1,0,0,6.3,5.9,4.8,7.3,7.2,4.7,1,0,Cloud/DevOps Engineer,1,SYNTHETIC,85.4,61.5
ST01426,Student ST01426,ISE,8,7.07,71.3,78.5,0,4.8,4.8,6.8,2.0,1.0,4.9,3.1,5.0,1,3,1,2,1,7.5,6.6,3.0,6.0,6.0,3.8,2,0,Data Analyst,1,SYNTHETIC,89.3,91.6
ST01427,Student ST01427,ISE,7,6.22,60.4,65.1,0,4.0,1.6,1.8,5.3,1.3,3.0,2.6,3.6,1,3,1,0,0,4.2,3.9,3.7,7.4,7.1,4.3,1,1,QA Specialist,0,SYNTHETIC,96.2,86.9
ST01428,Student ST01428,CSE,7,7.49,73.1,68.1,0,6.5,3.7,4.4,3.8,4.5,4.9,3.1,1.0,0,2,1,0,0,8.1,7.7,4.2,5.6,4.8,5.7,1,0,AI/ML Engineer,1,SYNTHETIC,94.3,73.8
ST01429,Student ST01429,Mechanical,8,8.57,84.1,84.3,0,8.5,8.6,10.0,7.9,5.6,8.0,7.6,3.3,0,1,2,1,0,5.8,8.0,7.8,5.5,6.3,6.6,1,0,Full-Stack Developer,1,SYNTHETIC,79.0,63.8
ST01430,Student ST01430,CSE,7,7.27,78.6,76.9,0,5.3,6.0,5.1,5.1,2.1,2.6,2.5,3.3,1,2,1,1,0,6.9,6.6,5.7,8.2,6.3,5.9,0,0,Cybersecurity Specialist,0,SYNTHETIC,94.2,64.3
ST01431,Student ST01431,CSE,7,5.96,60.7,55.2,0,4.0,4.3,3.9,4.1,1.0,3.5,4.1,2.7,1,3,1,0,1,5.6,5.3,4.6,6.6,7.5,6.0,0,0,Cloud/DevOps Engineer,0,SYNTHETIC,83.7,91.7
ST01432,Student ST01432,CSE,7,7.07,79.8,70.9,0,5.7,4.6,3.3,5.9,2.6,3.5,6.8,2.1,3,3,2,0,0,7.5,7.3,6.0,6.5,6.2,6.0,0,0,Data Analyst,1,SYNTHETIC,80.4,73.4
ST01433,Student ST01433,Mechanical,8,7.44,79.6,69.8,0,5.6,7.3,6.9,6.3,5.9,8.2,2.3,5.1,0,1,2,2,1,7.0,5.7,5.7,5.9,4.3,6.3,0,0,AI/ML Engineer,1,SYNTHETIC,90.6,84.5
ST01434,Student ST01434,CSE,8,7.78,81.8,85.4,0,3.7,5.7,3.5,5.0,3.0,5.2,2.4,4.6,1,2,1,0,0,7.1,7.2,4.4,5.3,5.5,5.5,0,0,QA Specialist,0,SYNTHETIC,82.8,79.5
ST01435,Student ST01435,CSE,7,7.92,75.6,74.2,0,7.6,6.1,4.5,4.9,3.6,5.4,3.7,4.1,2,1,2,0,1,8.7,6.9,5.6,6.3,7.9,6.9,1,0,AI/ML Engineer,1,SYNTHETIC,87.5,91.5
ST01436,Student ST01436,CSE,7,8.84,75.8,88.8,0,5.5,6.8,7.5,4.0,5.1,7.4,6.7,4.7,4,1,1,0,0,8.5,7.0,4.7,6.6,8.2,4.5,3,0,Data Analyst,1,SYNTHETIC,88.0,93.9
ST01437,Student ST01437,ECE,8,7.37,77.0,78.9,0,2.8,2.1,4.9,6.0,2.4,3.3,2.9,5.2,2,3,1,2,0,4.2,6.7,4.9,3.8,3.1,3.5,1,0,Data Analyst,1,SYNTHETIC,84.2,89.5
ST01438,Student ST01438,ISE,7,6.57,61.6,66.4,0,3.8,3.7,3.5,3.1,1.6,2.7,4.5,2.8,3,3,1,0,1,5.8,6.8,2.1,3.4,4.6,3.9,0,0,Cybersecurity Specialist,0,SYNTHETIC,90.1,67.1
ST01439,Student ST01439,CSE,7,9.22,98.0,87.8,0,6.0,6.2,8.2,4.4,5.4,5.3,6.2,5.7,1,4,1,3,0,7.2,7.2,4.6,6.4,7.9,5.0,2,0,AI/ML Engineer,1,SYNTHETIC,77.8,81.3
ST01440,Student ST01440,ECE,8,5.77,64.2,59.3,0,4.2,2.8,3.3,2.6,3.4,1.9,1.0,1.0,1,1,1,0,0,7.4,5.3,5.1,7.3,8.6,5.7,0,0,QA Specialist,0,SYNTHETIC,89.8,85.1
ST01441,Student ST01441,CSE,7,8.56,89.8,89.4,0,5.1,4.2,5.3,5.4,3.8,3.8,1.4,1.0,2,4,2,0,1,6.8,7.5,6.5,5.4,5.5,6.1,0,0,Cybersecurity Specialist,1,SYNTHETIC,96.3,80.1
ST01442,Student ST01442,CSE,8,7.31,70.2,72.1,0,8.7,4.2,6.9,4.4,3.7,4.8,3.8,2.0,0,2,2,0,0,9.1,6.6,4.9,4.2,4.4,5.7,1,0,AI/ML Engineer,1,SYNTHETIC,90.7,60.2
ST01443,Student ST01443,CSE,7,6.81,78.7,80.3,0,5.6,5.6,6.0,3.6,5.8,3.9,3.4,2.5,1,2,1,0,1,6.1,7.6,4.4,4.2,3.9,5.4,2,0,Cybersecurity Specialist,1,SYNTHETIC,82.1,60.4
ST01444,Student ST01444,Mechanical,8,8.71,93.6,97.0,0,6.6,8.1,9.6,7.8,4.6,7.9,2.7,4.3,3,3,2,1,0,7.1,7.6,7.4,7.1,5.4,7.8,1,0,Cybersecurity Specialist,1,SYNTHETIC,75.9,85.6
ST01445,Student ST01445,ECE,8,7.9,71.7,81.7,0,7.8,5.1,6.7,7.2,5.5,6.0,3.4,5.1,1,4,2,0,0,5.8,3.6,7.7,3.8,3.4,5.3,2,0,QA Specialist,1,SYNTHETIC,76.8,83.8
ST01446,Student ST01446,ISE,7,7.41,78.8,75.8,0,6.6,5.7,3.9,6.0,4.9,2.9,1.0,1.3,0,4,2,0,0,5.9,8.5,4.9,6.2,4.3,5.8,1,0,Full-Stack Developer,1,SYNTHETIC,81.1,63.1
ST01447,Student ST01447,ECE,8,7.36,70.0,78.6,0,6.8,3.9,7.2,7.0,3.6,6.1,4.0,1.0,0,3,2,0,0,7.0,5.8,6.9,6.7,6.5,6.6,2,0,QA Specialist,1,SYNTHETIC,87.2,81.7
ST01448,Student ST01448,ISE,7,8.42,87.4,90.2,0,5.3,6.5,6.8,7.4,3.2,7.1,4.0,4.9,4,3,2,1,0,7.4,6.9,6.4,2.9,3.5,4.9,0,0,Cloud/DevOps Engineer,1,SYNTHETIC,76.9,69.6
ST01449,Student ST01449,ISE,7,8.01,79.9,86.8,0,7.1,6.0,8.6,5.2,2.7,5.2,3.5,3.3,1,2,2,1,0,5.1,5.8,5.2,6.6,5.2,7.2,1,0,Cloud/DevOps Engineer,1,SYNTHETIC,84.4,70.1
ST01450,Student ST01450,Mechanical,8,6.92,68.5,73.9,0,4.0,4.5,5.3,4.8,2.5,3.0,4.3,1.0,3,2,1,0,0,5.1,6.0,3.7,4.4,3.7,5.3,0,0,Data Analyst,1,SYNTHETIC,93.5,67.2
ST01451,Student ST01451,Mechanical,7,7.87,80.7,78.5,0,7.4,4.3,7.4,4.4,4.4,3.8,4.9,1.3,1,1,2,0,0,6.7,6.9,4.5,6.5,6.5,6.5,2,0,Data Analyst,0,SYNTHETIC,96.4,86.6
ST01452,Student ST01452,Mechanical,8,6.25,75.4,67.3,0,4.8,1.7,4.8,4.9,2.2,3.2,2.5,3.8,2,3,1,0,1,5.4,4.1,4.2,8.4,6.4,7.3,0,1,Cybersecurity Specialist,0,SYNTHETIC,93.4,74.6
ST01453,Student ST01453,Mechanical,8,8.54,80.6,91.5,0,6.0,5.5,6.9,3.9,3.2,3.7,2.0,2.0,1,1,1,1,1,4.8,7.9,3.6,6.3,7.3,6.8,0,0,Full-Stack Developer,1,SYNTHETIC,96.9,76.1
ST01454,Student ST01454,Mechanical,7,6.79,65.8,68.4,0,6.3,5.4,7.3,7.0,5.0,3.3,4.6,2.8,0,1,2,0,0,5.3,6.4,6.9,6.1,6.0,5.6,0,0,Cybersecurity Specialist,1,SYNTHETIC,99.0,70.0
ST01455,Student ST01455,ECE,8,7.48,74.9,80.0,0,1.4,4.6,5.8,4.3,3.1,5.7,3.0,1.2,0,3,1,2,1,7.3,7.0,3.7,6.1,5.1,5.1,0,0,Cloud/DevOps Engineer,1,SYNTHETIC,88.0,89.4
ST01456,Student ST01456,CSE,7,7.57,77.1,74.6,0,6.1,5.4,5.9,2.6,4.9,6.2,4.1,4.7,0,3,1,0,1,5.7,6.7,4.1,6.8,5.0,5.2,2,0,QA Specialist,0,SYNTHETIC,96.6,90.1
ST01457,Student ST01457,ISE,7,7.82,77.3,73.9,0,5.2,1.9,2.9,3.9,3.1,5.3,2.9,1.6,1,3,1,0,0,8.1,7.4,4.7,8.2,8.8,6.5,3,0,QA Specialist,0,SYNTHETIC,97.7,67.1
ST01458,Student ST01458,ECE,7,5.92,66.6,61.8,0,5.9,4.9,6.2,3.8,1.4,4.2,3.8,4.0,0,2,1,0,2,5.7,3.7,4.2,6.9,8.0,6.2,1,0,Full-Stack Developer,1,SYNTHETIC,82.9,79.0
ST01459,Student ST01459,ISE,7,8.46,87.6,85.6,0,6.7,7.5,6.3,6.6,3.9,5.3,4.1,4.4,1,1,2,0,1,5.3,7.1,6.9,8.2,8.1,7.0,2,1,Cloud/DevOps Engineer,1,SYNTHETIC,86.0,95.0
ST01460,Student ST01460,CSE,7,7.85,80.4,84.2,0,7.3,6.7,7.4,5.5,5.2,6.9,3.6,5.6,1,2,2,0,0,6.6,7.8,6.2,7.2,7.1,6.3,1,0,Cloud/DevOps Engineer,1,SYNTHETIC,80.7,88.1
ST01461,Student ST01461,ISE,8,6.01,63.9,61.0,0,2.3,5.2,4.2,4.0,1.6,3.2,2.6,1.2,2,2,1,0,0,5.5,4.6,3.2,6.7,8.9,2.9,1,0,QA Specialist,0,SYNTHETIC,91.0,72.1
ST01462,Student ST01462,ISE,8,5.89,62.1,60.4,0,3.4,3.0,5.1,5.4,3.0,2.9,2.5,3.1,2,4,1,0,1,3.3,5.2,4.4,3.7,3.7,5.0,1,0,Cloud/DevOps Engineer,0,SYNTHETIC,95.9,83.2
ST01463,Student ST01463,ECE,8,7.35,70.9,76.4,0,5.5,5.9,5.9,4.7,4.5,4.1,4.8,6.7,4,1,1,0,2,6.2,6.9,5.6,6.6,6.5,6.6,0,0,AI/ML Engineer,1,SYNTHETIC,92.6,72.2
ST01464,Student ST01464,ECE,7,7.17,73.2,72.3,0,4.4,3.8,7.5,4.9,3.7,4.4,1.2,3.4,0,3,1,0,0,4.2,5.4,4.2,7.3,8.1,4.7,0,0,Data Analyst,0,SYNTHETIC,87.7,82.8
ST01465,Student ST01465,ECE,8,5.0,56.8,59.7,0,4.0,4.2,4.7,2.1,2.0,2.9,3.7,1.0,3,1,1,0,0,7.2,4.8,2.4,5.9,6.4,4.7,1,0,QA Specialist,0,SYNTHETIC,75.8,91.6
ST01466,Student ST01466,CSE,8,7.76,74.8,76.6,0,4.7,6.7,6.5,7.1,4.8,3.7,5.1,2.3,1,1,2,0,0,7.5,6.0,6.5,3.6,3.8,5.1,0,0,Data Analyst,1,SYNTHETIC,77.5,67.5
ST01467,Student ST01467,Mechanical,8,8.33,80.1,78.2,0,6.6,6.4,6.1,7.1,2.6,3.0,3.5,4.6,2,6,2,0,2,7.0,4.8,7.5,7.0,7.0,8.0,1,0,Full-Stack Developer,1,SYNTHETIC,80.9,70.7
ST01468,Student ST01468,ISE,7,7.9,76.1,85.5,0,4.1,4.3,4.8,4.4,3.1,3.9,1.0,3.5,1,2,1,0,1,8.2,5.7,3.7,6.4,3.8,4.6,0,0,AI/ML Engineer,1,SYNTHETIC,95.1,64.7
ST01469,Student ST01469,Mechanical,8,7.26,69.9,74.8,0,5.0,3.4,6.0,3.6,5.7,2.9,4.3,1.0,1,4,1,0,0,5.0,5.8,3.3,5.5,5.6,5.6,0,0,Full-Stack Developer,0,SYNTHETIC,93.9,64.6
ST01470,Student ST01470,CSE,7,7.35,79.1,75.2,0,6.0,5.0,6.9,4.1,4.3,3.6,2.3,1.0,3,2,1,1,1,6.1,6.5,4.9,5.6,6.3,6.1,0,0,Data Analyst,0,SYNTHETIC,93.1,89.5
ST01471,Student ST01471,Mechanical,8,5.86,67.7,66.0,1,1.0,3.7,6.8,4.9,1.3,3.1,2.0,4.0,1,2,1,0,0,7.6,5.5,4.5,6.7,7.2,2.6,2,0,Cloud/DevOps Engineer,0,SYNTHETIC,86.1,69.3
ST01472,Student ST01472,Mechanical,8,5.76,58.8,65.8,0,5.0,3.9,4.2,6.1,1.3,4.8,6.0,3.2,0,1,2,0,0,5.3,5.3,4.4,8.6,8.1,6.8,1,0,Cloud/DevOps Engineer,1,SYNTHETIC,85.8,93.0
ST01473,Student ST01473,Mechanical,8,6.53,72.4,67.7,0,4.5,4.4,5.1,3.9,5.8,4.5,1.4,3.4,2,2,1,0,1,6.4,6.1,4.4,7.0,7.3,4.7,1,1,Cloud/DevOps Engineer,0,SYNTHETIC,95.9,70.9
ST01474,Student ST01474,CSE,8,6.07,67.0,64.9,0,4.9,1.0,3.4,4.4,1.0,2.6,2.7,2.8,3,4,1,0,0,3.4,5.2,4.9,6.8,7.3,5.2,1,0,QA Specialist,1,SYNTHETIC,78.8,87.0
ST01475,Student ST01475,ECE,8,7.7,69.5,77.1,0,6.7,3.4,5.2,4.2,2.6,4.8,2.4,5.5,1,1,2,1,3,6.5,5.5,5.1,7.8,7.1,5.5,4,1,Cybersecurity Specialist,1,SYNTHETIC,81.6,72.9
ST01476,Student ST01476,ISE,7,7.44,71.6,73.7,0,5.9,6.9,3.7,5.2,5.3,2.6,3.2,3.4,1,1,2,1,0,6.2,5.1,5.1,6.1,6.3,6.2,0,0,Cybersecurity Specialist,0,SYNTHETIC,89.7,72.7
ST01477,Student ST01477,Mechanical,7,8.15,85.4,79.1,0,4.4,5.9,5.1,4.1,3.2,5.1,1.5,1.6,1,3,1,0,1,6.1,6.8,3.2,6.2,5.9,3.4,0,0,Full-Stack Developer,0,SYNTHETIC,82.4,74.1
ST01478,Student ST01478,Mechanical,7,6.58,65.8,65.7,1,5.0,7.4,5.0,6.3,2.6,7.2,5.4,4.3,2,3,2,0,0,6.5,7.8,6.6,6.5,6.3,5.5,1,0,QA Specialist,0,SYNTHETIC,81.6,92.2
ST01479,Student ST01479,Mechanical,7,7.59,73.5,71.4,0,5.3,4.4,4.6,6.0,4.3,7.1,5.4,1.2,0,3,2,1,0,4.3,7.3,5.4,6.7,9.2,7.4,3,0,QA Specialist,1,SYNTHETIC,88.1,71.2
ST01480,Student ST01480,CSE,7,7.93,82.2,77.0,0,6.9,2.6,5.7,4.5,5.0,6.9,2.8,1.7,0,2,2,0,0,7.2,6.9,5.6,8.5,8.3,6.5,0,0,Full-Stack Developer,0,SYNTHETIC,83.3,70.8
ST01481,Student ST01481,CSE,8,6.01,58.5,60.8,0,4.7,4.5,3.6,4.5,4.9,4.4,4.0,1.7,3,1,1,0,1,6.0,4.3,4.1,4.9,5.2,5.1,1,0,QA Specialist,0,SYNTHETIC,88.5,87.0
ST01482,Student ST01482,CSE,7,8.07,78.4,77.3,0,5.4,7.2,8.7,7.3,4.4,3.8,4.4,5.2,3,3,2,0,0,7.3,6.7,7.3,6.6,5.9,5.8,1,0,Cloud/DevOps Engineer,1,SYNTHETIC,93.9,62.2
ST01483,Student ST01483,ECE,7,7.03,67.4,75.6,0,5.4,3.8,4.0,4.7,1.0,5.4,2.1,2.4,2,5,1,0,2,7.6,7.9,4.3,7.9,7.9,5.7,0,1,Cloud/DevOps Engineer,1,SYNTHETIC,92.5,65.7
ST01484,Student ST01484,Mechanical,7,8.41,79.9,84.4,0,5.0,4.4,4.5,5.3,1.9,5.7,1.6,1.0,0,3,1,0,0,6.9,7.2,5.9,5.4,5.4,4.3,1,0,Data Analyst,1,SYNTHETIC,88.1,82.6
ST01485,Student ST01485,Mechanical,7,6.18,60.1,67.2,0,3.5,5.3,6.5,6.9,2.8,5.1,2.9,4.0,0,4,1,0,0,5.6,5.0,7.2,4.8,5.0,5.1,2,0,Full-Stack Developer,1,SYNTHETIC,78.5,80.7
ST01486,Student ST01486,CSE,7,5.92,61.0,61.9,0,5.0,4.0,1.3,2.8,2.9,3.1,2.1,1.0,1,3,1,0,0,4.2,4.6,2.9,3.9,5.1,4.3,1,0,AI/ML Engineer,0,SYNTHETIC,79.6,91.9
ST01487,Student ST01487,Mechanical,7,7.23,73.4,77.4,0,4.9,9.4,5.0,5.6,4.6,5.7,7.0,5.2,2,5,1,0,1,7.4,6.8,5.7,5.1,5.0,4.9,2,0,Cybersecurity Specialist,1,SYNTHETIC,76.7,81.6
ST01488,Student ST01488,ISE,8,6.59,63.9,72.9,0,3.0,2.6,1.9,7.0,2.9,2.4,1.9,1.0,0,6,1,0,1,6.4,5.5,6.0,6.6,5.9,6.4,0,0,Cloud/DevOps Engineer,1,SYNTHETIC,92.6,80.1
ST01489,Student ST01489,ISE,7,7.69,72.9,72.7,0,5.9,5.0,4.4,6.9,3.3,5.4,1.0,4.9,1,3,2,1,1,6.6,6.4,7.8,7.2,6.7,7.1,0,0,AI/ML Engineer,1,SYNTHETIC,80.7,80.5
ST01490,Student ST01490,Mechanical,8,6.7,77.3,67.0,0,4.8,4.8,2.8,6.0,2.9,1.9,1.2,3.1,0,2,2,2,0,6.6,6.6,5.9,6.8,7.8,6.4,1,0,QA Specialist,1,SYNTHETIC,94.5,87.7
ST01491,Student ST01491,CSE,8,6.9,70.8,66.0,0,4.3,1.4,3.0,4.7,3.6,4.7,1.0,2.3,2,5,1,0,0,6.2,5.7,4.5,6.7,4.6,4.9,1,0,QA Specialist,1,SYNTHETIC,83.2,72.0
ST01492,Student ST01492,CSE,7,8.16,89.5,81.8,0,5.0,6.9,5.6,7.9,4.6,5.4,2.4,2.1,1,4,2,0,1,8.2,7.5,6.3,6.6,6.8,7.5,1,0,AI/ML Engineer,1,SYNTHETIC,80.3,88.9
ST01493,Student ST01493,ISE,7,8.7,78.4,94.1,0,6.9,6.4,7.3,6.0,4.7,7.2,3.5,5.6,2,3,2,0,2,6.4,7.0,6.1,3.7,3.1,5.8,1,0,Data Analyst,1,SYNTHETIC,83.1,85.3
ST01494,Student ST01494,Mechanical,8,6.65,65.8,68.0,0,4.0,2.8,5.3,2.7,1.4,4.3,3.6,1.9,3,3,1,0,0,5.8,5.3,2.9,6.8,5.5,4.4,1,0,QA Specialist,1,SYNTHETIC,96.2,90.1
ST01495,Student ST01495,ECE,8,5.05,55.0,64.0,0,6.5,2.5,5.2,1.9,1.0,6.6,3.3,1.0,0,2,1,0,1,4.7,4.9,4.1,8.5,10.0,6.3,1,0,AI/ML Engineer,1,SYNTHETIC,91.2,85.7
ST01496,Student ST01496,Mechanical,8,5.82,66.3,63.2,0,2.6,3.9,1.0,3.1,1.3,2.0,1.3,1.0,1,1,1,0,0,7.8,5.6,1.4,7.0,5.7,5.3,1,0,QA Specialist,0,SYNTHETIC,94.0,94.5
ST01497,Student ST01497,Mechanical,8,7.59,79.8,76.4,0,6.1,3.0,5.0,3.9,4.5,3.0,2.4,2.7,2,1,1,0,0,8.4,5.4,4.5,8.2,8.8,8.1,1,1,QA Specialist,1,SYNTHETIC,79.8,83.9
ST01498,Student ST01498,CSE,8,7.3,70.2,79.6,1,3.6,2.4,5.3,4.1,2.6,1.9,4.5,1.0,1,4,1,0,0,7.2,7.0,5.4,5.4,6.5,5.4,1,0,Cloud/DevOps Engineer,0,SYNTHETIC,88.8,60.3
ST01499,Student ST01499,Mechanical,7,7.39,69.8,77.7,0,3.5,5.3,5.6,5.5,2.9,5.1,4.1,1.7,0,3,1,0,1,6.3,6.4,4.1,6.5,7.1,5.1,1,0,Full-Stack Developer,0,SYNTHETIC,80.4,92.3
ST01500,Student ST01500,Mechanical,7,6.57,68.9,62.3,0,1.7,1.5,3.7,3.5,2.9,2.2,3.5,1.7,1,4,1,0,0,7.5,3.4,2.5,7.9,7.9,3.5,2,1,QA Specialist,1,SYNTHETIC,98.1,72.0
ST01501,Student ST01501,ISE,8,8.39,86.9,87.2,0,5.6,6.2,8.3,4.4,2.9,6.3,4.0,1.2,2,2,1,1,0,6.9,9.2,4.5,5.8,6.2,4.7,0,0,AI/ML Engineer,1,SYNTHETIC,94.9,74.1
ST01502,Student ST01502,ECE,8,8.43,82.7,80.7,0,5.5,5.7,5.1,4.8,4.2,6.1,3.8,3.0,0,2,1,0,0,5.8,5.9,6.7,6.1,7.0,6.1,3,0,Full-Stack Developer,1,SYNTHETIC,87.8,83.0
ST01503,Student ST01503,ISE,7,5.62,59.1,55.9,0,3.3,1.0,3.1,1.0,1.6,3.5,1.0,1.0,3,3,1,0,1,5.2,5.7,2.3,4.5,6.1,2.5,1,0,Full-Stack Developer,0,SYNTHETIC,79.6,82.4
ST01504,Student ST01504,ISE,7,7.51,76.4,82.2,0,6.6,5.2,7.5,2.5,4.2,1.0,3.1,4.3,0,5,1,0,0,6.9,7.2,4.7,7.1,7.5,4.9,2,0,Data Analyst,1,SYNTHETIC,87.1,63.4
ST01505,Student ST01505,CSE,8,7.51,80.5,71.7,0,4.9,5.4,6.1,3.6,5.6,5.3,2.1,2.5,2,3,1,1,0,7.3,6.1,3.5,8.4,8.4,5.3,2,1,AI/ML Engineer,1,SYNTHETIC,77.5,85.5
ST01506,Student ST01506,Mechanical,7,6.57,67.8,67.7,0,1.0,1.0,3.1,4.2,3.1,1.0,1.0,1.0,2,1,1,0,0,4.3,6.0,2.9,2.8,4.4,2.4,1,0,Cloud/DevOps Engineer,0,SYNTHETIC,75.6,91.3
ST01507,Student ST01507,CSE,8,7.35,75.9,69.7,0,2.7,4.5,7.0,2.8,3.0,1.6,3.1,3.5,1,2,1,1,0,7.7,7.2,2.7,6.4,5.3,5.3,1,0,Cybersecurity Specialist,0,SYNTHETIC,86.0,66.4
ST01508,Student ST01508,CSE,8,8.65,81.7,87.9,0,4.1,5.0,6.6,4.7,4.5,6.0,2.1,1.0,2,3,1,1,0,7.0,7.9,4.8,5.2,3.7,5.5,0,0,QA Specialist,1,SYNTHETIC,91.3,63.5
ST01509,Student ST01509,ECE,7,7.56,79.8,83.5,0,5.0,4.3,5.4,6.6,3.0,5.5,1.8,3.0,1,5,2,0,0,4.8,7.2,5.0,6.7,7.3,5.3,0,0,Cybersecurity Specialist,0,SYNTHETIC,76.6,74.0
ST01510,Student ST01510,CSE,7,6.65,66.4,70.7,0,3.5,3.7,1.5,1.3,2.1,4.8,3.8,1.0,2,1,1,1,0,5.4,6.5,2.9,5.8,4.4,4.5,1,0,Cloud/DevOps Engineer,0,SYNTHETIC,84.7,80.0
ST01511,Student ST01511,CSE,8,6.48,67.1,62.9,0,3.9,6.8,4.4,7.1,2.5,1.5,3.5,3.9,1,4,2,2,0,5.3,5.8,5.8,6.5,7.0,7.2,1,0,Cybersecurity Specialist,1,SYNTHETIC,82.3,91.0
ST01512,Student ST01512,CSE,7,7.63,79.4,77.1,0,4.1,5.5,4.5,4.5,3.0,2.9,2.6,1.8,0,3,1,1,1,5.7,7.8,4.2,4.5,2.9,3.0,1,0,Full-Stack Developer,0,SYNTHETIC,97.9,94.4
ST01513,Student ST01513,CSE,8,10.0,98.0,89.0,0,4.8,5.5,5.3,6.9,3.9,6.4,4.8,5.4,0,4,2,1,0,6.2,8.8,6.6,6.2,6.4,6.6,0,0,Data Analyst,0,SYNTHETIC,86.9,90.3
ST01514,Student ST01514,ECE,7,8.33,91.6,81.9,0,5.9,6.1,7.4,7.3,4.4,2.3,1.4,4.6,1,1,2,0,0,6.6,7.6,5.8,6.5,6.3,6.3,3,0,AI/ML Engineer,1,SYNTHETIC,92.6,80.4
ST01515,Student ST01515,CSE,8,7.33,73.0,73.3,0,5.9,5.8,8.6,4.1,4.8,5.2,3.5,2.0,0,2,1,0,0,6.9,7.0,3.8,7.4,7.1,6.6,0,0,Full-Stack Developer,1,SYNTHETIC,83.8,60.6
ST01516,Student ST01516,CSE,7,6.64,66.1,67.2,0,4.0,2.5,2.6,5.5,5.4,4.0,1.1,3.9,2,3,1,0,0,5.6,5.0,5.1,9.2,8.2,7.6,0,0,Cybersecurity Specialist,1,SYNTHETIC,94.8,70.6
ST01517,Student ST01517,CSE,8,7.71,77.2,76.2,0,5.8,7.0,7.9,6.8,2.1,4.8,2.7,1.8,2,3,2,0,0,5.7,6.7,6.7,4.7,6.3,4.2,2,0,AI/ML Engineer,1,SYNTHETIC,84.1,82.1
ST01518,Student ST01518,Mechanical,8,7.43,74.1,82.5,0,4.2,3.2,7.9,5.7,4.0,4.6,2.4,3.3,3,2,1,0,0,5.9,7.1,5.0,2.4,2.4,4.9,0,0,Cybersecurity Specialist,0,SYNTHETIC,79.8,79.9
ST01519,Student ST01519,CSE,8,6.67,67.6,71.2,0,4.2,3.8,3.0,3.9,2.3,5.8,2.4,2.1,1,4,1,0,0,8.2,5.9,4.6,5.3,4.7,5.2,1,0,Cybersecurity Specialist,1,SYNTHETIC,79.6,88.2
ST01520,Student ST01520,Mechanical,7,7.42,75.8,75.8,0,4.8,9.1,5.7,5.5,6.7,2.6,6.5,3.4,0,2,1,2,1,6.6,6.4,5.8,6.5,6.3,5.5,2,0,Cloud/DevOps Engineer,1,SYNTHETIC,85.7,86.2
ST01521,Student ST01521,ISE,7,6.44,71.2,68.4,0,4.5,5.8,3.0,2.3,2.5,4.1,2.0,3.6,1,3,1,0,0,6.3,3.9,2.8,5.8,4.7,4.1,1,0,Full-Stack Developer,0,SYNTHETIC,89.9,65.3
ST01522,Student ST01522,Mechanical,7,7.96,79.5,77.2,0,6.9,4.6,4.5,7.5,3.5,7.4,1.0,2.2,1,1,2,0,0,5.7,6.7,7.5,6.1,5.1,7.2,1,0,Data Analyst,1,SYNTHETIC,80.3,91.3
ST01523,Student ST01523,CSE,8,6.89,65.6,68.4,0,5.5,2.2,4.5,6.4,4.5,4.2,2.5,3.3,3,4,2,0,0,3.6,7.0,6.5,8.9,7.5,6.5,1,0,Data Analyst,1,SYNTHETIC,78.3,71.1
ST01524,Student ST01524,CSE,7,7.8,82.7,78.4,0,6.5,4.5,5.0,5.7,2.5,5.7,1.8,1.9,1,4,2,1,0,5.8,7.3,6.9,7.5,7.2,7.3,1,0,Cybersecurity Specialist,1,SYNTHETIC,85.1,75.4
ST01525,Student ST01525,ECE,7,6.02,74.5,71.7,0,2.7,2.2,4.7,3.8,1.4,3.3,2.8,1.0,0,3,1,0,0,6.4,4.7,2.8,5.1,2.3,4.4,1,0,AI/ML Engineer,0,SYNTHETIC,88.7,80.7
ST01526,Student ST01526,ISE,7,7.07,76.5,71.6,0,4.9,3.9,3.0,4.9,4.2,5.5,3.6,1.5,4,5,1,2,1,6.2,5.4,4.4,6.3,3.7,6.8,1,0,Data Analyst,1,SYNTHETIC,90.8,60.3
ST01527,Student ST01527,ECE,8,8.04,81.3,74.4,0,3.0,6.0,3.1,3.7,5.1,2.7,3.2,3.7,0,3,1,2,1,5.6,6.2,3.9,5.9,5.2,5.2,0,0,Cybersecurity Specialist,1,SYNTHETIC,84.7,76.3
ST01528,Student ST01528,ISE,8,7.66,83.4,74.5,0,6.9,5.3,7.8,4.9,3.6,6.0,2.7,2.9,1,3,2,1,1,6.7,7.1,4.7,8.0,7.2,6.8,0,0,Data Analyst,0,SYNTHETIC,77.3,91.9
ST01529,Student ST01529,Mechanical,8,8.88,91.9,88.6,0,7.1,5.4,8.3,9.5,5.5,5.7,3.2,3.5,2,2,2,1,2,7.3,7.2,8.3,7.7,8.5,7.7,2,0,QA Specialist,1,SYNTHETIC,91.6,82.7
ST01530,Student ST01530,CSE,7,6.88,74.4,74.3,0,8.0,5.3,6.2,6.2,3.1,6.7,3.5,5.2,2,4,2,1,0,7.4,4.1,7.6,4.6,3.7,6.7,0,0,Data Analyst,1,SYNTHETIC,94.4,87.1
ST01531,Student ST01531,CSE,7,6.84,74.1,69.9,0,3.0,4.6,4.7,4.6,1.3,1.0,3.4,4.0,1,4,1,0,0,5.2,5.6,3.6,6.4,5.7,3.9,0,0,Cybersecurity Specialist,0,SYNTHETIC,77.8,68.6
ST01532,Student ST01532,CSE,8,6.74,72.6,66.3,0,1.1,4.6,4.4,3.6,2.0,3.4,1.6,1.4,0,1,1,2,0,3.6,8.5,2.6,8.3,7.7,4.6,1,0,QA Specialist,1,SYNTHETIC,96.5,84.2
ST01533,Student ST01533,CSE,8,6.15,62.8,65.7,0,2.1,5.0,4.5,1.8,1.0,2.6,1.3,1.0,2,1,1,0,0,6.1,6.0,3.3,6.5,5.4,3.1,1,0,Data Analyst,1,SYNTHETIC,84.5,74.0
ST01534,Student ST01534,ECE,7,7.43,77.6,72.2,0,2.5,5.8,4.6,5.2,4.2,2.6,1.7,1.8,0,1,1,1,0,7.7,7.7,4.9,6.5,7.5,4.7,1,0,Cloud/DevOps Engineer,0,SYNTHETIC,85.9,89.2
ST01535,Student ST01535,Mechanical,8,7.01,65.8,68.2,0,5.8,3.6,5.1,2.1,4.8,4.1,1.0,1.5,3,1,1,0,0,5.7,5.5,4.5,5.1,4.5,4.7,2,0,Cloud/DevOps Engineer,0,SYNTHETIC,78.0,63.1
ST01536,Student ST01536,ECE,7,6.51,70.4,66.8,0,2.7,5.2,2.5,3.8,1.0,2.2,1.0,1.0,0,1,1,0,0,5.9,5.8,3.5,5.9,5.3,4.9,0,0,QA Specialist,0,SYNTHETIC,97.9,78.3
ST01537,Student ST01537,ISE,8,7.69,78.7,76.5,0,6.9,8.7,4.6,4.4,2.6,6.6,5.9,4.3,1,1,2,2,0,7.6,6.1,5.7,3.9,4.0,5.1,0,0,Data Analyst,1,SYNTHETIC,79.3,77.2
ST01538,Student ST01538,Mechanical,7,7.87,84.1,83.3,0,6.6,4.8,6.5,6.0,1.0,3.5,3.8,3.4,2,4,2,0,0,4.8,8.0,6.0,6.7,4.7,7.0,2,0,Data Analyst,1,SYNTHETIC,96.3,63.3
ST01539,Student ST01539,Mechanical,7,8.63,83.7,87.5,0,5.4,4.5,8.2,4.8,3.9,2.6,5.4,3.3,3,3,1,2,0,6.1,7.3,4.2,6.0,6.2,4.8,1,0,AI/ML Engineer,1,SYNTHETIC,91.7,67.6
ST01540,Student ST01540,Mechanical,8,6.57,65.8,68.1,1,7.0,5.4,4.7,6.1,2.9,4.2,4.1,3.8,0,2,2,0,2,4.9,4.7,7.2,5.3,5.0,4.2,0,0,Cybersecurity Specialist,0,SYNTHETIC,81.5,71.3
ST01541,Student ST01541,CSE,7,7.85,80.1,78.8,0,6.8,5.9,6.2,5.6,3.3,3.5,4.0,3.5,0,3,2,0,0,4.7,6.6,7.8,4.9,4.5,5.9,1,0,Data Analyst,0,SYNTHETIC,94.7,68.2
ST01542,Student ST01542,ISE,8,8.11,87.1,82.7,0,6.5,5.2,5.2,4.7,3.1,6.1,5.0,3.4,1,1,2,0,0,7.6,6.2,6.1,7.1,7.1,5.7,1,0,Full-Stack Developer,1,SYNTHETIC,84.4,66.2
ST01543,Student ST01543,Mechanical,8,7.65,86.7,79.6,0,4.8,4.3,5.4,6.1,2.5,4.5,4.4,1.0,0,2,2,0,0,5.3,6.6,5.9,5.6,3.6,5.1,0,0,AI/ML Engineer,0,SYNTHETIC,79.2,68.4
ST01544,Student ST01544,ISE,7,5.17,56.9,51.6,0,3.1,2.0,4.8,3.1,2.4,3.9,2.5,2.0,0,1,1,0,0,5.2,6.0,3.8,8.1,8.5,4.9,0,1,QA Specialist,0,SYNTHETIC,79.8,94.2
ST01545,Student ST01545,CSE,7,5.99,61.8,68.3,0,4.7,4.3,2.7,1.8,3.0,4.2,1.3,1.0,3,1,1,0,1,6.1,6.9,2.6,6.6,7.0,5.8,0,0,QA Specialist,0,SYNTHETIC,91.4,82.6
ST01546,Student ST01546,ECE,7,6.18,66.1,62.0,1,2.4,3.2,4.3,4.7,3.9,5.8,2.4,1.6,3,2,1,0,1,6.3,7.0,5.3,7.0,6.8,5.7,0,0,Cybersecurity Specialist,0,SYNTHETIC,85.5,92.4
ST01547,Student ST01547,CSE,8,6.88,72.7,66.4,0,2.5,3.6,5.8,7.1,3.1,3.9,3.4,3.0,2,3,1,0,0,5.7,6.2,5.9,6.0,5.2,6.2,1,0,Cybersecurity Specialist,0,SYNTHETIC,97.9,84.8
ST01548,Student ST01548,Mechanical,8,5.91,58.2,65.5,0,1.3,2.5,2.8,1.7,3.2,1.1,1.2,2.0,0,1,1,0,0,6.9,5.0,2.0,4.7,4.7,2.4,1,0,QA Specialist,0,SYNTHETIC,79.8,71.6
ST01549,Student ST01549,Mechanical,8,7.1,77.7,72.8,0,4.3,2.1,3.6,5.3,6.2,4.2,5.0,1.1,1,2,1,1,0,3.7,6.8,4.4,7.1,5.6,6.9,0,1,Data Analyst,1,SYNTHETIC,90.3,89.0
ST01550,Student ST01550,CSE,7,7.37,79.7,74.2,0,5.7,5.6,9.7,4.7,4.8,5.7,5.3,3.1,2,2,1,0,0,5.5,6.5,5.5,8.1,7.8,7.3,0,0,Cloud/DevOps Engineer,1,SYNTHETIC,83.9,60.2
ST01551,Student ST01551,CSE,8,6.06,63.5,62.0,0,3.8,4.7,4.0,5.6,4.6,5.3,2.1,1.2,2,3,1,1,0,4.8,6.6,4.4,6.2,5.1,5.4,1,0,Full-Stack Developer,0,SYNTHETIC,75.2,90.2
ST01552,Student ST01552,CSE,7,8.36,79.5,85.1,0,6.0,5.2,7.0,6.7,3.9,5.4,4.8,4.1,2,3,2,1,0,8.5,6.3,6.2,9.1,7.4,8.1,0,0,Data Analyst,1,SYNTHETIC,80.8,61.0
ST01553,Student ST01553,ISE,8,7.85,77.9,73.0,0,4.7,6.7,7.0,5.4,4.5,4.7,3.6,1.4,1,1,1,1,0,6.8,6.8,5.4,4.8,3.3,5.5,0,0,Full-Stack Developer,1,SYNTHETIC,81.8,78.8
ST01554,Student ST01554,CSE,7,7.68,78.1,76.4,0,6.9,7.3,8.4,6.6,4.3,5.4,5.0,4.4,0,3,2,2,2,6.3,4.4,7.8,4.8,4.9,4.9,0,0,Full-Stack Developer,0,SYNTHETIC,78.9,63.4
ST01555,Student ST01555,CSE,7,7.99,80.3,79.6,0,4.7,7.1,4.9,4.3,1.0,4.6,3.6,1.9,0,4,1,0,1,7.9,7.2,3.8,7.4,7.2,6.5,0,1,Full-Stack Developer,1,SYNTHETIC,93.5,85.9
ST01556,Student ST01556,ISE,7,8.44,88.2,86.4,0,5.5,6.7,6.3,6.0,5.5,7.9,2.3,4.1,0,2,2,0,0,6.8,7.9,4.8,6.8,6.5,7.4,1,0,AI/ML Engineer,1,SYNTHETIC,77.7,75.3
ST01557,Student ST01557,CSE,7,6.83,67.0,63.0,0,5.6,6.4,4.9,6.0,4.9,5.3,2.6,4.6,1,2,2,0,0,6.0,5.6,5.2,7.7,9.2,5.2,3,0,Cybersecurity Specialist,1,SYNTHETIC,81.5,70.1
ST01558,Student ST01558,ECE,7,7.12,77.5,74.5,0,4.9,4.2,5.9,6.0,4.2,1.4,3.0,2.4,2,4,2,2,1,5.8,6.6,6.0,6.9,7.0,6.5,0,0,Full-Stack Developer,0,SYNTHETIC,87.5,70.5
ST01559,Student ST01559,ISE,7,6.11,59.8,68.0,0,2.0,3.9,2.3,4.7,3.1,2.0,3.4,1.0,0,2,1,0,1,4.0,5.1,3.5,4.3,3.4,4.9,2,0,Full-Stack Developer,0,SYNTHETIC,80.3,75.0
ST01560,Student ST01560,Mechanical,7,8.25,79.4,81.9,0,4.1,2.6,5.9,1.0,5.5,5.9,1.9,5.3,0,1,1,0,0,7.2,6.9,3.3,4.3,4.0,4.0,0,0,Cloud/DevOps Engineer,0,SYNTHETIC,97.2,79.3
ST01561,Student ST01561,CSE,7,6.46,67.6,68.7,0,3.9,8.5,4.5,5.8,6.0,2.5,3.9,2.7,1,1,1,0,0,5.1,5.8,4.7,5.6,7.2,5.2,0,0,AI/ML Engineer,0,SYNTHETIC,78.1,88.0
ST01562,Student ST01562,Mechanical,8,6.97,74.0,68.0,0,5.6,3.6,6.5,2.4,3.3,4.2,1.0,1.5,0,2,1,0,0,7.2,6.5,3.4,5.2,5.9,4.6,1,0,QA Specialist,0,SYNTHETIC,87.2,76.6
ST01563,Student ST01563,CSE,8,7.52,76.9,67.7,0,4.9,3.0,6.7,5.8,2.8,6.6,3.6,4.7,1,6,2,0,0,4.5,5.9,5.2,8.1,6.6,6.6,0,0,QA Specialist,1,SYNTHETIC,93.3,75.6
ST01564,Student ST01564,CSE,7,9.19,92.2,83.0,0,5.7,4.2,6.5,7.7,2.4,3.6,1.7,2.7,2,3,2,3,0,7.0,7.4,6.6,6.0,6.7,8.0,2,0,Full-Stack Developer,1,SYNTHETIC,89.6,74.5
ST01565,Student ST01565,Mechanical,7,5.22,62.1,57.6,0,1.5,2.3,3.2,3.4,4.1,2.9,2.3,2.1,1,1,1,0,0,5.2,5.9,2.0,5.5,5.7,2.8,0,0,AI/ML Engineer,0,SYNTHETIC,89.3,87.1
ST01566,Student ST01566,ECE,8,8.58,86.4,83.1,0,6.8,6.4,7.7,5.8,2.1,4.8,1.5,3.1,1,2,2,0,1,8.1,7.2,5.1,6.4,7.5,6.0,1,0,AI/ML Engineer,1,SYNTHETIC,81.3,71.5
ST01567,Student ST01567,Mechanical,8,5.84,64.3,65.3,0,2.2,4.5,3.7,1.0,2.9,3.6,4.2,3.1,0,4,1,0,0,5.2,5.6,1.0,5.0,6.1,2.9,0,0,AI/ML Engineer,0,SYNTHETIC,88.5,92.3
ST01568,Student ST01568,ISE,8,7.2,71.0,69.3,0,3.9,3.5,7.0,5.9,4.0,5.2,6.6,3.3,2,2,1,0,0,5.5,6.8,6.3,5.4,6.1,6.9,0,0,Cloud/DevOps Engineer,1,SYNTHETIC,93.0,82.6
ST01569,Student ST01569,ISE,7,7.77,80.5,79.1,0,4.5,3.8,6.1,4.2,3.9,2.6,5.6,2.9,1,5,1,0,1,5.2,8.2,4.6,4.4,4.3,5.4,0,0,QA Specialist,0,SYNTHETIC,82.3,94.3
ST01570,Student ST01570,CSE,8,6.61,70.1,65.5,0,3.5,3.8,5.3,3.5,3.6,5.2,1.8,7.1,1,2,1,0,1,7.8,6.2,2.5,3.8,3.9,3.7,0,0,AI/ML Engineer,1,SYNTHETIC,84.2,75.4
ST01571,Student ST01571,CSE,7,8.69,80.7,88.1,0,7.6,5.2,5.3,6.9,5.8,7.1,1.0,1.0,1,1,2,2,0,6.8,7.0,6.8,6.5,5.3,8.3,1,0,QA Specialist,1,SYNTHETIC,77.8,68.7
ST01572,Student ST01572,ISE,8,5.89,59.9,61.3,0,4.2,3.6,1.6,2.5,1.4,5.4,3.0,2.1,1,3,1,1,0,4.3,4.5,2.6,7.9,8.9,5.5,1,1,Full-Stack Developer,0,SYNTHETIC,96.7,77.5
ST01573,Student ST01573,Mechanical,8,8.16,83.9,81.2,0,5.7,3.4,6.0,5.8,2.8,4.5,4.8,4.6,1,2,2,1,0,5.7,7.1,6.2,7.7,9.8,6.4,0,0,QA Specialist,1,SYNTHETIC,76.7,89.0
ST01574,Student ST01574,ECE,8,7.62,76.7,79.2,0,4.7,4.5,3.4,3.4,3.9,2.3,6.3,3.2,0,3,1,0,0,6.6,6.0,4.1,5.5,3.7,5.1,0,0,Full-Stack Developer,0,SYNTHETIC,77.2,71.3
ST01575,Student ST01575,ISE,7,7.38,76.9,83.6,0,3.7,4.1,6.6,5.7,3.9,4.3,1.0,1.0,1,1,1,0,1,6.4,5.3,4.5,7.3,7.1,6.7,0,1,Full-Stack Developer,1,SYNTHETIC,95.8,81.8
ST01576,Student ST01576,ISE,7,7.48,85.3,71.6,0,4.1,3.8,4.3,4.1,2.5,3.1,1.2,3.2,1,4,1,0,1,8.3,5.6,4.5,5.8,7.3,3.9,2,0,QA Specialist,1,SYNTHETIC,95.6,79.6
ST01577,Student ST01577,ISE,8,8.45,83.1,83.0,0,7.1,4.2,4.9,5.1,2.3,4.1,5.2,4.1,1,5,2,0,1,5.3,4.6,6.8,3.7,4.8,4.0,0,0,Data Analyst,1,SYNTHETIC,93.2,87.4
ST01578,Student ST01578,CSE,8,5.53,63.5,61.0,0,6.7,5.3,3.3,5.3,1.0,3.9,2.0,2.5,1,1,2,0,0,6.0,5.9,5.6,4.3,4.2,6.8,1,0,Cybersecurity Specialist,1,SYNTHETIC,90.1,87.5
ST01579,Student ST01579,ISE,7,7.62,72.8,75.7,0,5.4,3.0,4.6,5.5,2.5,3.2,1.9,2.4,1,4,2,0,1,7.5,5.9,5.1,8.2,7.4,5.7,1,0,Full-Stack Developer,1,SYNTHETIC,77.8,61.3
ST01580,Student ST01580,Mechanical,8,6.5,65.5,63.8,0,5.7,6.3,7.4,3.1,2.6,4.1,3.4,3.7,0,1,1,0,0,6.8,4.8,3.8,7.7,6.8,5.7,0,0,Cybersecurity Specialist,0,SYNTHETIC,88.2,89.4
ST01581,Student ST01581,CSE,8,7.24,70.2,70.8,0,2.0,3.1,2.6,4.2,1.4,4.7,1.0,4.1,0,3,1,0,1,7.6,5.6,3.4,8.3,8.4,6.0,1,1,Cloud/DevOps Engineer,1,SYNTHETIC,78.1,94.8
ST01582,Student ST01582,Mechanical,8,7.33,69.5,71.0,0,4.0,4.3,4.5,4.6,3.9,3.3,3.8,4.1,0,6,1,1,0,4.9,5.2,4.8,8.5,9.1,6.3,0,1,AI/ML Engineer,1,SYNTHETIC,80.2,60.4
ST01583,Student ST01583,CSE,7,8.06,75.4,76.8,0,6.1,7.4,6.4,4.0,3.3,6.1,1.0,1.2,2,1,1,2,0,8.2,6.8,4.5,3.9,3.4,3.8,1,0,Cloud/DevOps Engineer,1,SYNTHETIC,85.7,87.6
ST01584,Student ST01584,Mechanical,8,6.71,71.4,73.5,0,6.9,3.6,4.3,4.2,2.6,2.4,3.9,2.0,2,4,2,1,1,5.4,8.4,5.1,7.8,7.7,6.8,1,0,Cloud/DevOps Engineer,1,SYNTHETIC,89.8,71.7
ST01585,Student ST01585,CSE,8,8.15,88.7,81.2,0,6.7,4.4,1.0,5.5,4.7,5.9,1.7,3.5,3,6,2,1,0,7.7,4.4,5.7,8.2,7.3,8.0,1,1,Cybersecurity Specialist,1,SYNTHETIC,82.2,75.9
ST01586,Student ST01586,CSE,8,7.19,67.4,71.1,0,2.8,3.2,3.6,4.1,2.2,1.6,3.4,2.4,0,2,1,1,0,6.4,8.2,3.2,5.6,6.8,4.7,0,0,Data Analyst,0,SYNTHETIC,91.7,91.5
ST01587,Student ST01587,CSE,8,8.7,88.3,91.0,0,5.7,5.3,4.1,7.8,3.1,5.2,2.6,4.7,0,3,2,0,0,7.7,7.7,6.7,7.2,6.1,6.6,3,1,Data Analyst,0,SYNTHETIC,95.2,82.2
ST01588,Student ST01588,ISE,8,7.02,69.3,75.5,0,7.6,8.2,6.9,6.3,4.5,3.7,1.7,1.0,0,1,2,1,1,6.3,6.2,6.4,5.8,4.4,7.6,0,0,Cybersecurity Specialist,1,SYNTHETIC,98.8,86.4
ST01589,Student ST01589,Mechanical,7,6.75,69.3,67.0,0,3.4,3.8,4.3,4.8,2.9,3.0,1.0,1.5,0,1,1,0,2,5.3,7.0,4.7,5.0,5.1,4.8,0,0,QA Specialist,0,SYNTHETIC,83.5,66.6
ST01590,Student ST01590,CSE,8,7.61,80.0,81.0,0,4.1,6.7,4.5,4.8,2.5,4.7,2.0,3.8,3,2,1,1,0,6.3,6.4,4.3,7.0,8.8,5.8,1,0,Full-Stack Developer,0,SYNTHETIC,92.2,64.1
ST01591,Student ST01591,ECE,8,7.87,79.9,76.2,0,5.0,4.7,3.8,5.3,6.9,1.6,1.0,3.2,0,5,1,0,1,4.4,6.5,5.2,6.0,5.3,6.0,0,0,QA Specialist,1,SYNTHETIC,85.3,88.4
ST01592,Student ST01592,CSE,8,7.51,79.0,75.3,0,4.8,4.3,5.5,2.5,3.0,5.2,3.8,5.0,2,3,1,0,0,6.6,6.6,3.1,6.2,6.2,4.0,3,0,Cloud/DevOps Engineer,1,SYNTHETIC,98.6,88.9
ST01593,Student ST01593,CSE,7,8.6,81.9,92.1,0,5.9,6.9,4.6,3.7,4.4,4.6,2.8,1.0,0,6,1,2,0,6.7,5.1,3.3,5.5,5.2,4.7,1,0,AI/ML Engineer,1,SYNTHETIC,88.9,71.2
ST01594,Student ST01594,Mechanical,8,6.69,70.8,66.2,0,4.8,3.6,4.7,4.6,1.0,4.4,1.2,1.0,1,5,1,0,1,4.9,5.0,4.2,7.4,7.0,6.7,0,1,Cloud/DevOps Engineer,1,SYNTHETIC,92.0,89.5
ST01595,Student ST01595,CSE,8,9.21,89.3,88.9,0,5.3,5.4,5.2,3.0,3.6,5.5,4.9,2.7,1,2,1,1,1,8.8,6.7,3.4,2.3,1.1,2.8,1,0,Data Analyst,0,SYNTHETIC,78.8,94.4
ST01596,Student ST01596,CSE,8,8.46,86.7,83.4,0,6.6,5.5,6.6,6.4,4.5,4.5,5.8,5.4,2,1,2,0,0,7.2,6.7,6.5,5.9,6.4,7.0,1,0,Full-Stack Developer,1,SYNTHETIC,97.0,71.5
ST01597,Student ST01597,ECE,7,7.58,76.9,78.4,0,7.3,5.8,6.5,5.5,5.5,6.3,3.5,5.6,0,1,2,1,0,5.5,6.3,6.1,9.8,9.3,8.8,0,1,Cloud/DevOps Engineer,1,SYNTHETIC,96.1,93.7
ST01598,Student ST01598,ECE,7,5.48,66.9,60.4,0,5.0,1.6,4.8,2.6,2.2,4.2,1.7,1.0,2,2,1,0,0,7.7,6.5,3.8,4.7,3.0,3.8,1,0,AI/ML Engineer,0,SYNTHETIC,93.6,63.3
ST01599,Student ST01599,ISE,8,7.75,78.7,84.6,0,6.5,5.5,6.0,6.4,3.6,6.8,3.1,6.0,1,1,2,1,0,8.1,5.2,7.6,7.2,8.9,4.7,0,0,QA Specialist,1,SYNTHETIC,98.7,88.1
ST01600,Student ST01600,Mechanical,8,8.43,80.9,87.4,0,5.7,5.2,7.9,5.0,3.2,3.9,3.1,3.5,0,4,2,1,0,6.9,6.7,5.9,6.2,6.2,5.5,0,0,Cloud/DevOps Engineer,1,SYNTHETIC,83.8,82.5
ST01601,Student ST01601,CSE,7,7.11,78.1,73.0,0,5.1,1.0,3.8,4.3,2.5,4.0,2.3,2.3,3,5,1,0,0,7.0,4.6,5.5,7.5,7.9,4.7,0,1,Cloud/DevOps Engineer,1,SYNTHETIC,75.2,84.3
ST01602,Student ST01602,Mechanical,8,8.23,87.8,82.4,0,5.7,6.8,6.8,5.5,1.3,1.7,3.9,1.4,1,5,2,1,0,5.5,4.5,5.1,5.7,4.0,5.0,3,0,Cloud/DevOps Engineer,1,SYNTHETIC,93.0,72.1
ST01603,Student ST01603,ECE,8,6.05,65.5,62.7,0,4.7,5.7,5.4,5.7,1.5,3.4,1.2,1.0,1,1,1,0,0,5.5,4.6,4.8,8.8,8.1,5.9,2,0,Cloud/DevOps Engineer,1,SYNTHETIC,91.6,66.8
ST01604,Student ST01604,ISE,7,6.06,66.1,63.9,0,3.9,1.7,3.1,3.9,1.0,2.1,3.5,1.0,1,1,1,0,1,8.1,6.8,3.3,8.3,8.0,6.7,0,0,Cloud/DevOps Engineer,0,SYNTHETIC,92.3,92.5
ST01605,Student ST01605,CSE,8,6.83,68.7,67.6,0,3.5,5.6,7.5,3.9,1.1,4.1,3.4,3.3,2,1,1,1,1,5.9,6.2,4.5,6.9,7.7,5.8,0,0,Cloud/DevOps Engineer,0,SYNTHETIC,88.4,62.3
ST01606,Student ST01606,CSE,7,8.25,78.3,81.9,0,7.4,7.6,5.5,6.6,2.6,4.5,3.8,5.3,4,1,2,0,1,7.1,6.2,7.2,4.4,4.9,7.1,1,0,Cybersecurity Specialist,1,SYNTHETIC,82.5,67.0
ST01607,Student ST01607,CSE,8,8.58,85.0,93.8,0,5.4,9.5,5.2,6.1,5.0,6.2,3.5,4.0,2,4,2,2,0,6.2,7.4,6.7,6.6,4.5,7.1,0,0,Cybersecurity Specialist,1,SYNTHETIC,82.3,89.3
ST01608,Student ST01608,CSE,8,7.82,80.1,81.6,0,1.9,5.3,3.3,6.2,3.4,3.9,4.1,1.0,1,2,1,1,0,7.5,5.9,5.4,7.3,7.4,5.7,2,0,Cloud/DevOps Engineer,1,SYNTHETIC,84.0,80.9
ST01609,Student ST01609,Mechanical,8,7.04,74.7,75.1,0,6.5,6.7,7.7,6.8,5.4,3.0,4.7,3.8,0,4,2,0,0,7.2,6.1,6.7,5.9,6.6,6.7,0,0,Data Analyst,1,SYNTHETIC,81.9,61.7
ST01610,Student ST01610,ECE,7,5.0,55.4,51.6,0,2.4,2.2,3.3,4.0,4.4,3.2,1.3,1.3,5,1,1,0,1,5.0,4.5,3.7,6.7,5.3,4.7,1,0,QA Specialist,0,SYNTHETIC,76.1,62.8
ST01611,Student ST01611,ECE,8,8.63,84.2,89.0,0,5.3,4.5,5.6,5.4,3.8,4.6,3.6,4.9,1,1,2,2,0,6.7,7.9,4.5,6.8,7.0,6.8,2,0,Cybersecurity Specialist,1,SYNTHETIC,79.1,66.6
ST01612,Student ST01612,ECE,8,8.42,82.7,83.9,0,7.5,6.8,5.3,7.4,6.1,6.7,2.2,5.1,1,1,2,0,0,6.6,5.2,7.0,6.7,8.0,6.9,1,0,AI/ML Engineer,1,SYNTHETIC,95.2,88.1
ST01613,Student ST01613,CSE,8,8.1,79.3,77.3,0,3.1,3.0,7.9,7.4,3.2,3.5,4.5,4.4,1,3,1,0,0,8.3,6.1,5.2,7.7,6.7,5.5,2,1,Full-Stack Developer,0,SYNTHETIC,85.6,69.2
ST01614,Student ST01614,ECE,7,8.22,81.2,79.7,0,7.7,5.3,8.7,3.8,2.4,5.0,3.6,3.2,0,1,2,0,0,7.0,4.6,5.3,6.9,6.5,6.0,1,0,Cybersecurity Specialist,1,SYNTHETIC,82.0,92.2
ST01615,Student ST01615,ECE,7,7.91,82.9,73.3,0,4.9,7.4,5.0,5.8,4.5,2.7,1.0,2.7,2,5,2,0,1,6.3,7.4,5.9,8.7,8.3,6.5,2,0,AI/ML Engineer,1,SYNTHETIC,87.1,90.6
ST01616,Student ST01616,Mechanical,7,6.59,65.6,71.7,0,4.3,3.5,7.1,2.0,1.7,2.0,1.2,3.9,1,4,1,0,0,6.7,5.7,1.0,7.3,8.0,5.9,2,1,Cloud/DevOps Engineer,0,SYNTHETIC,85.2,94.1
ST01617,Student ST01617,CSE,7,8.31,84.4,79.4,0,3.1,3.5,5.2,6.3,3.3,4.7,4.0,1.0,0,2,1,0,0,7.3,7.1,5.3,6.4,5.5,4.4,2,0,Full-Stack Developer,1,SYNTHETIC,87.1,60.6
ST01618,Student ST01618,ECE,7,6.63,66.4,67.0,0,3.8,4.1,4.6,2.7,1.8,4.5,1.4,3.3,1,5,1,0,0,8.7,3.8,2.8,7.3,8.1,3.8,0,1,Cybersecurity Specialist,1,SYNTHETIC,79.6,74.8
ST01619,Student ST01619,ECE,7,7.32,77.0,73.4,0,3.7,2.7,4.4,3.3,2.9,1.2,2.4,1.6,0,2,1,0,0,5.1,6.4,2.1,5.8,5.5,5.7,3,0,QA Specialist,0,SYNTHETIC,93.4,75.3
ST01620,Student ST01620,ECE,7,8.45,83.0,83.0,0,4.2,5.0,4.7,6.0,4.2,4.6,4.0,3.2,0,3,1,1,0,9.4,6.1,5.3,6.3,4.8,5.9,0,0,QA Specialist,1,SYNTHETIC,89.6,67.8
ST01621,Student ST01621,CSE,8,6.76,70.8,74.1,0,3.6,5.3,5.2,4.9,2.3,1.8,1.5,1.0,2,2,1,0,1,7.5,5.8,3.9,5.1,6.3,4.9,0,0,AI/ML Engineer,0,SYNTHETIC,80.0,76.6
ST01622,Student ST01622,CSE,7,7.79,75.9,79.7,0,8.1,8.2,7.5,5.9,6.8,5.8,4.6,7.1,2,1,2,0,1,7.8,7.5,7.5,6.9,7.5,7.0,1,0,Data Analyst,1,SYNTHETIC,87.2,91.9
ST01623,Student ST01623,ISE,7,8.2,77.5,80.0,0,4.7,7.7,6.3,6.3,3.7,3.3,3.4,2.5,1,1,2,0,0,6.4,5.0,5.7,6.2,6.7,5.9,1,0,Data Analyst,0,SYNTHETIC,94.0,68.1
ST01624,Student ST01624,CSE,7,8.56,74.8,81.2,0,6.5,7.8,8.1,7.6,2.1,5.3,5.0,3.6,2,3,2,1,0,8.8,7.5,8.7,7.1,7.0,6.6,0,0,AI/ML Engineer,1,SYNTHETIC,84.4,77.9
ST01625,Student ST01625,ECE,7,8.51,87.8,81.6,0,4.4,5.0,8.4,4.5,4.3,3.5,4.4,4.4,2,1,1,0,0,6.9,5.5,4.4,3.0,3.7,2.8,1,0,Full-Stack Developer,0,SYNTHETIC,82.1,77.8
ST01626,Student ST01626,Mechanical,7,7.53,75.0,79.5,0,6.5,5.5,6.4,4.9,5.4,3.8,1.0,1.2,4,1,2,1,1,8.0,7.0,6.6,7.8,7.2,7.2,0,0,Data Analyst,0,SYNTHETIC,79.2,76.4
ST01627,Student ST01627,CSE,8,7.78,74.1,81.2,0,3.6,3.7,3.7,5.0,4.4,3.6,1.0,2.8,0,3,1,0,1,7.0,4.9,5.3,6.5,6.8,7.3,1,0,Data Analyst,1,SYNTHETIC,92.8,88.6
ST01628,Student ST01628,ISE,7,7.17,73.0,68.0,0,5.4,7.1,4.3,5.4,3.5,4.4,3.1,3.9,1,4,2,0,0,5.3,5.4,4.0,6.3,4.7,6.2,0,0,AI/ML Engineer,1,SYNTHETIC,94.5,91.0
ST01629,Student ST01629,ISE,7,6.7,76.3,69.7,0,4.1,5.7,5.4,2.0,2.1,3.4,2.8,3.4,1,3,1,0,0,5.6,6.6,2.9,5.5,3.8,4.7,1,0,Data Analyst,0,SYNTHETIC,83.2,65.1
ST01630,Student ST01630,ECE,7,6.82,64.6,66.3,0,3.6,6.7,4.3,3.7,3.2,4.2,1.0,2.8,3,5,1,1,0,4.4,5.2,3.8,6.6,7.8,4.6,1,0,Data Analyst,0,SYNTHETIC,79.2,89.3
ST01631,Student ST01631,ISE,8,7.43,73.7,77.7,0,5.7,6.9,4.9,5.0,5.4,5.6,2.5,3.8,0,1,2,2,0,6.5,6.9,5.9,6.8,5.6,5.2,0,0,Cybersecurity Specialist,1,SYNTHETIC,96.0,71.1
ST01632,Student ST01632,CSE,8,6.67,67.5,74.5,0,3.7,5.4,5.8,7.2,3.9,6.6,3.3,3.4,2,3,2,0,1,3.9,6.2,6.0,6.7,8.3,5.7,0,0,Cybersecurity Specialist,1,SYNTHETIC,76.4,67.1
ST01633,Student ST01633,ECE,8,7.42,71.7,69.0,0,6.5,6.0,6.7,5.8,2.7,5.2,6.3,3.8,1,2,2,1,0,6.5,7.1,5.6,4.7,4.5,6.8,0,0,QA Specialist,1,SYNTHETIC,78.8,88.4
ST01634,Student ST01634,ECE,7,6.87,69.0,70.3,0,4.6,1.0,4.6,4.1,3.2,1.0,2.7,1.1,2,3,1,0,0,7.3,6.5,2.9,6.1,6.2,4.9,0,0,QA Specialist,0,SYNTHETIC,94.7,71.7
ST01635,Student ST01635,CSE,8,7.98,83.7,87.0,0,4.4,3.9,4.3,3.8,2.7,3.5,3.4,3.0,0,1,1,0,0,3.8,7.3,5.0,7.1,7.4,6.0,0,0,AI/ML Engineer,1,SYNTHETIC,85.0,88.6
ST01636,Student ST01636,CSE,7,8.71,90.5,82.6,0,5.4,3.4,1.9,4.4,6.7,3.9,3.8,3.9,0,4,1,0,0,5.1,7.5,4.7,7.4,7.1,4.8,1,1,Full-Stack Developer,1,SYNTHETIC,95.1,74.9
ST01637,Student ST01637,CSE,8,6.95,73.9,63.8,0,4.2,2.7,6.2,3.7,2.2,5.8,3.1,3.7,1,1,1,0,0,7.3,8.0,4.2,5.1,5.2,2.6,0,0,AI/ML Engineer,0,SYNTHETIC,75.5,90.7
ST01638,Student ST01638,ISE,8,7.66,72.7,75.7,0,3.5,3.8,5.7,4.4,3.3,4.9,2.2,3.1,2,2,1,0,0,6.6,6.5,2.2,5.5,5.7,4.4,1,0,Data Analyst,1,SYNTHETIC,91.2,88.7
ST01639,Student ST01639,ISE,7,6.64,62.6,70.6,0,3.1,3.8,5.3,5.4,2.6,2.6,1.0,4.8,1,1,1,0,0,5.1,3.7,4.3,7.7,6.8,6.0,0,1,Full-Stack Developer,0,SYNTHETIC,78.7,93.2
ST01640,Student ST01640,CSE,7,7.09,67.3,73.7,0,6.8,3.0,6.7,3.6,4.0,2.9,3.4,1.0,1,4,1,0,0,7.5,5.7,4.6,5.6,7.2,5.5,0,0,Cybersecurity Specialist,0,SYNTHETIC,88.1,70.5
ST01641,Student ST01641,CSE,7,7.2,79.7,71.7,0,6.6,6.8,6.7,6.5,1.0,4.9,2.8,5.3,0,2,2,1,1,6.5,5.7,5.6,6.9,5.9,6.5,1,0,Full-Stack Developer,1,SYNTHETIC,85.2,90.2
ST01642,Student ST01642,ECE,7,6.96,70.0,70.0,0,6.1,3.2,5.2,2.6,3.5,3.8,2.5,2.4,0,2,1,1,0,4.7,5.0,5.8,6.9,5.0,4.1,1,0,Cloud/DevOps Engineer,1,SYNTHETIC,97.7,85.0
ST01643,Student ST01643,CSE,7,6.76,76.3,65.9,0,7.9,8.4,3.4,6.1,6.7,6.1,5.0,1.0,2,2,2,0,0,5.5,5.8,6.4,6.1,4.6,7.1,0,0,AI/ML Engineer,0,SYNTHETIC,88.6,72.5
ST01644,Student ST01644,CSE,7,8.02,86.4,81.3,0,4.6,4.4,5.5,6.8,1.3,4.6,2.4,6.2,2,1,2,1,0,6.5,7.3,5.5,7.5,7.1,6.4,0,0,AI/ML Engineer,1,SYNTHETIC,91.9,93.7
ST01645,Student ST01645,Mechanical,7,7.03,59.6,68.6,1,8.0,5.0,4.4,5.4,5.6,5.0,1.0,4.3,2,1,2,0,0,4.5,5.8,7.0,5.2,4.2,6.1,0,0,Full-Stack Developer,0,SYNTHETIC,80.4,77.1
ST01646,Student ST01646,CSE,8,6.38,67.6,63.3,0,4.8,5.3,3.8,5.0,2.1,1.4,3.3,5.5,1,3,1,0,1,6.4,5.9,4.6,6.0,5.4,5.5,0,0,AI/ML Engineer,1,SYNTHETIC,76.2,66.0
ST01647,Student ST01647,ISE,8,7.84,81.3,81.3,0,4.5,7.6,5.6,4.8,1.6,3.4,2.3,3.6,1,3,1,0,0,5.7,6.9,4.0,6.6,6.3,6.0,0,0,AI/ML Engineer,0,SYNTHETIC,76.0,71.5
ST01648,Student ST01648,ECE,8,7.01,77.1,72.7,1,6.4,3.1,7.8,2.7,5.3,2.3,3.1,1.9,3,2,1,0,0,5.2,5.8,3.4,6.4,5.5,5.2,1,0,Cloud/DevOps Engineer,0,SYNTHETIC,96.3,62.4
ST01649,Student ST01649,CSE,8,7.99,87.2,79.2,0,4.3,7.0,8.1,6.7,5.9,1.3,7.0,2.9,0,1,2,1,0,6.2,7.3,4.8,6.3,6.0,5.6,0,0,QA Specialist,1,SYNTHETIC,93.4,75.7
ST01650,Student ST01650,CSE,8,8.12,74.9,75.2,0,5.3,6.1,6.1,3.6,4.5,5.5,4.0,6.6,3,1,1,3,0,8.1,5.9,5.1,5.3,6.2,6.0,3,0,Data Analyst,1,SYNTHETIC,97.5,67.9
ST01651,Student ST01651,ECE,7,8.51,82.6,86.1,0,7.6,3.8,4.9,4.7,3.6,4.9,3.7,1.1,0,2,2,0,0,7.3,7.7,7.3,5.5,6.3,6.5,0,0,Full-Stack Developer,0,SYNTHETIC,77.7,83.9
ST01652,Student ST01652,Mechanical,8,7.3,69.9,71.0,0,5.3,3.9,3.3,4.8,2.8,5.0,2.7,1.0,0,4,1,0,1,6.3,8.7,5.2,5.3,5.7,5.8,2,0,Cloud/DevOps Engineer,1,SYNTHETIC,96.5,91.9
ST01653,Student ST01653,ECE,7,6.73,58.1,62.0,0,5.4,3.8,6.2,4.7,2.1,5.7,3.2,1.0,4,1,1,0,0,5.4,7.3,5.2,5.7,4.6,6.0,1,0,Cloud/DevOps Engineer,0,SYNTHETIC,91.3,91.9
ST01654,Student ST01654,ISE,7,6.55,69.8,71.0,0,4.1,5.3,5.3,2.9,4.2,4.4,1.0,2.2,0,1,1,0,0,6.3,5.7,4.1,6.6,8.0,3.6,0,0,AI/ML Engineer,0,SYNTHETIC,98.7,87.9
ST01655,Student ST01655,CSE,8,9.07,95.0,91.7,0,6.0,8.4,6.4,4.4,4.4,3.6,2.3,3.8,2,2,1,1,0,9.6,6.9,5.0,5.6,5.4,5.3,0,0,Cybersecurity Specialist,1,SYNTHETIC,97.4,69.6
ST01656,Student ST01656,ECE,8,5.73,63.5,59.7,0,1.3,3.0,4.3,3.6,2.6,2.7,2.0,1.0,0,1,1,0,1,3.8,6.1,3.1,5.5,6.2,3.2,0,0,Cloud/DevOps Engineer,0,SYNTHETIC,83.5,63.6
ST01657,Student ST01657,ECE,7,5.0,55.0,55.0,0,5.7,3.1,1.0,1.5,2.1,2.8,1.0,1.0,2,3,1,0,2,7.1,4.8,3.6,5.3,6.5,4.5,1,0,QA Specialist,0,SYNTHETIC,81.0,85.2
ST01658,Student ST01658,ECE,8,7.48,74.3,75.5,0,4.3,5.0,5.4,3.8,4.8,4.9,4.6,3.7,1,3,1,0,0,8.2,6.5,4.2,4.4,3.4,2.9,0,0,Data Analyst,0,SYNTHETIC,89.4,73.8
ST01659,Student ST01659,Mechanical,8,7.22,81.5,74.7,0,2.8,3.2,3.1,4.9,3.3,3.7,3.9,2.4,0,2,1,1,1,5.0,6.8,3.8,6.4,6.7,4.0,2,0,Full-Stack Developer,0,SYNTHETIC,94.8,93.8
ST01660,Student ST01660,Mechanical,7,6.37,63.9,64.6,0,3.4,2.4,3.9,5.8,2.2,3.6,2.0,1.3,1,2,1,0,0,6.1,7.3,4.7,5.2,6.0,4.4,1,0,Full-Stack Developer,0,SYNTHETIC,83.9,84.2
ST01661,Student ST01661,ECE,8,8.36,80.1,72.9,0,6.6,7.6,6.9,6.5,6.7,5.8,3.5,3.6,3,3,2,2,0,7.2,8.6,6.8,6.5,5.9,5.7,1,0,AI/ML Engineer,1,SYNTHETIC,97.5,86.1
ST01662,Student ST01662,CSE,7,5.47,55.6,63.5,0,1.0,5.5,2.8,2.9,3.9,2.2,1.0,2.2,2,2,1,0,1,5.7,4.3,2.2,6.8,5.1,4.6,1,0,Cybersecurity Specialist,0,SYNTHETIC,84.0,68.5
ST01663,Student ST01663,CSE,7,5.07,55.0,52.0,0,3.1,4.8,2.1,2.4,1.0,4.5,3.7,2.3,0,2,1,0,0,4.6,5.3,3.1,8.7,8.7,6.9,1,0,Full-Stack Developer,0,SYNTHETIC,97.1,93.0
ST01664,Student ST01664,Mechanical,7,7.84,79.6,77.6,0,6.2,3.7,6.8,3.5,5.0,5.7,5.7,1.9,1,3,1,0,0,6.8,6.5,4.7,7.0,7.1,5.7,0,0,AI/ML Engineer,0,SYNTHETIC,94.0,66.7
ST01665,Student ST01665,CSE,7,8.98,88.5,91.8,0,6.2,7.9,8.4,6.1,4.9,5.2,2.5,5.5,3,4,2,1,0,5.5,7.5,6.6,7.2,7.4,6.8,0,0,Cloud/DevOps Engineer,1,SYNTHETIC,81.2,68.8
ST01666,Student ST01666,Mechanical,8,7.51,81.9,73.2,0,5.3,5.6,5.8,4.9,3.0,4.7,1.0,5.5,1,5,1,2,2,5.5,4.8,4.2,7.7,6.5,4.8,1,0,Cloud/DevOps Engineer,1,SYNTHETIC,78.4,60.2
ST01667,Student ST01667,ISE,8,7.44,77.7,79.6,0,5.5,4.8,6.8,5.9,2.7,6.6,4.0,4.2,2,2,2,1,0,5.6,6.2,5.3,6.7,7.2,5.1,0,0,Cloud/DevOps Engineer,1,SYNTHETIC,96.8,76.7
ST01668,Student ST01668,ECE,8,7.48,73.9,78.4,0,1.0,1.5,3.6,4.2,1.0,3.3,1.7,2.2,1,3,1,1,0,4.7,5.0,1.9,7.2,5.6,5.2,0,0,Data Analyst,0,SYNTHETIC,92.8,88.3
ST01669,Student ST01669,CSE,8,8.66,87.9,82.5,0,4.2,6.5,5.4,7.5,5.0,7.6,4.4,3.9,0,3,2,0,0,7.7,6.4,5.8,4.6,4.7,4.7,1,0,Cybersecurity Specialist,1,SYNTHETIC,75.5,74.8
ST01670,Student ST01670,ISE,7,6.38,64.6,63.9,1,6.6,3.3,5.7,4.7,2.4,4.7,4.0,1.0,2,1,2,0,0,5.5,6.0,6.4,6.3,6.7,6.2,0,0,Cloud/DevOps Engineer,1,SYNTHETIC,81.9,75.4
ST01671,Student ST01671,CSE,8,5.74,61.4,67.1,0,2.4,6.6,5.1,3.4,4.2,2.0,1.5,2.3,0,2,1,0,1,4.9,6.8,3.4,8.2,6.7,6.0,0,0,Cybersecurity Specialist,0,SYNTHETIC,81.1,62.9
ST01672,Student ST01672,ECE,7,5.0,55.0,52.8,2,6.4,5.4,5.0,4.7,2.2,3.1,2.4,1.2,1,2,2,0,0,6.4,5.5,5.6,5.3,3.3,5.6,0,0,Cybersecurity Specialist,0,SYNTHETIC,91.2,70.8
ST01673,Student ST01673,CSE,8,8.66,81.9,84.4,0,6.5,5.0,5.4,4.6,5.9,6.4,6.6,2.1,5,2,2,0,1,5.9,6.9,4.8,6.6,6.8,7.8,1,0,Data Analyst,1,SYNTHETIC,78.5,68.3
ST01674,Student ST01674,Mechanical,7,7.16,80.8,64.9,0,6.7,3.9,6.2,4.3,6.5,3.0,4.2,2.3,0,1,2,0,0,6.5,7.3,5.6,5.7,4.2,6.0,1,0,Data Analyst,1,SYNTHETIC,91.3,85.3
ST01675,Student ST01675,CSE,8,7.01,71.9,74.9,0,4.4,3.7,6.7,1.0,1.5,2.2,5.3,1.6,1,5,1,0,0,7.9,6.4,2.0,4.6,4.8,3.3,1,0,Cloud/DevOps Engineer,0,SYNTHETIC,93.3,72.7
ST01676,Student ST01676,Mechanical,8,7.33,82.2,78.2,0,4.6,4.5,5.2,7.4,4.0,3.8,6.2,2.8,1,2,2,1,3,5.1,4.9,7.2,7.5,7.4,5.9,0,0,Data Analyst,1,SYNTHETIC,89.2,78.7
ST01677,Student ST01677,CSE,7,7.42,76.6,72.6,0,4.2,7.7,5.9,1.1,5.9,4.7,5.3,3.0,2,4,1,0,0,7.6,6.0,3.1,4.3,4.5,4.1,0,0,QA Specialist,1,SYNTHETIC,75.8,83.9
ST01678,Student ST01678,ECE,7,6.89,79.4,73.4,0,2.6,1.6,4.1,1.8,1.1,4.9,3.7,4.3,1,1,1,0,0,6.2,7.9,2.6,6.0,6.4,2.4,0,0,Data Analyst,0,SYNTHETIC,82.9,84.4
ST01679,Student ST01679,ISE,7,10.0,97.2,97.0,0,6.4,6.2,7.5,7.6,4.0,7.1,3.3,5.4,0,1,2,0,0,7.5,6.4,7.1,5.5,5.2,6.7,0,0,QA Specialist,1,SYNTHETIC,82.3,87.7
ST01680,Student ST01680,CSE,8,6.44,60.6,64.1,0,4.9,3.1,4.8,6.6,1.5,3.3,1.9,1.0,1,5,2,0,0,7.5,6.1,6.6,5.3,4.5,5.3,0,0,Cloud/DevOps Engineer,0,SYNTHETIC,97.7,74.5
ST01681,Student ST01681,ECE,8,5.0,58.1,50.0,0,3.2,1.0,2.8,3.8,4.8,4.0,3.3,1.0,2,5,1,0,1,6.3,4.8,2.3,6.1,4.7,6.1,0,0,Cloud/DevOps Engineer,0,SYNTHETIC,77.5,69.0
ST01682,Student ST01682,ISE,7,7.91,76.5,82.8,0,5.2,6.4,7.9,4.6,3.9,5.0,3.3,4.6,3,2,1,1,0,7.6,7.0,5.1,3.8,2.7,3.6,0,0,Full-Stack Developer,1,SYNTHETIC,89.4,94.0
ST01683,Student ST01683,ISE,8,6.62,71.4,64.3,0,6.2,5.8,4.5,4.5,1.7,5.8,3.5,2.3,2,1,2,0,1,5.7,7.1,5.6,7.6,7.8,5.5,1,1,Full-Stack Developer,1,SYNTHETIC,88.8,80.3
ST01684,Student ST01684,CSE,7,7.31,72.2,65.0,0,5.8,5.0,5.8,3.3,1.4,3.0,5.6,1.0,1,1,1,1,0,7.0,5.9,5.5,3.8,3.5,3.9,0,0,Cloud/DevOps Engineer,0,SYNTHETIC,86.9,88.6
ST01685,Student ST01685,CSE,7,6.73,67.5,70.3,0,4.7,4.1,6.1,5.4,2.9,4.2,1.6,2.4,1,1,1,0,1,7.2,6.8,5.8,5.7,5.8,6.7,3,0,Full-Stack Developer,0,SYNTHETIC,80.0,91.5
ST01686,Student ST01686,ISE,8,8.69,84.1,89.6,0,6.6,6.0,6.9,8.2,6.2,6.8,4.2,3.9,2,3,2,0,1,7.4,6.6,9.1,4.5,5.4,7.2,0,0,Cloud/DevOps Engineer,1,SYNTHETIC,97.4,68.9
ST01687,Student ST01687,CSE,7,5.0,55.0,58.4,0,4.3,5.4,1.0,1.5,1.5,3.4,2.9,1.0,0,4,1,0,0,5.6,5.2,2.5,5.7,5.4,4.3,0,0,Full-Stack Developer,0,SYNTHETIC,90.2,91.8
ST01688,Student ST01688,ISE,8,7.62,76.4,79.9,0,4.5,4.4,4.8,6.6,1.6,1.7,1.0,3.7,0,1,2,1,1,6.0,6.5,5.9,7.4,6.0,5.5,1,0,Cybersecurity Specialist,0,SYNTHETIC,79.5,74.3
ST01689,Student ST01689,CSE,7,6.21,68.9,58.2,0,4.2,3.3,3.6,5.3,4.1,5.4,3.4,2.4,2,4,1,0,0,6.4,5.1,4.5,5.4,5.3,6.6,0,0,QA Specialist,1,SYNTHETIC,82.0,65.4
ST01690,Student ST01690,ISE,7,7.24,79.6,76.3,0,3.9,1.9,4.9,2.9,1.8,1.1,3.5,3.9,1,1,1,1,0,6.1,6.1,3.0,3.6,5.2,3.6,1,0,Cloud/DevOps Engineer,0,SYNTHETIC,92.9,64.5
ST01691,Student ST01691,ECE,7,6.63,67.0,70.7,1,3.9,3.5,4.5,4.4,2.9,3.7,4.4,4.9,2,1,1,0,1,6.8,7.0,4.8,7.7,7.7,7.0,1,1,QA Specialist,1,SYNTHETIC,79.9,67.6
ST01692,Student ST01692,CSE,8,7.21,73.1,71.8,0,5.4,4.5,5.2,7.1,4.3,2.6,5.7,3.7,2,1,2,1,0,6.9,7.8,5.7,6.1,6.1,5.8,0,0,Cybersecurity Specialist,1,SYNTHETIC,85.5,85.8
ST01693,Student ST01693,CSE,7,7.04,75.5,72.6,0,5.2,4.4,5.1,6.9,3.3,5.2,1.9,6.0,2,3,2,0,0,5.3,5.8,7.6,2.0,1.9,4.2,0,0,Cloud/DevOps Engineer,0,SYNTHETIC,75.7,72.6
ST01694,Student ST01694,CSE,7,6.13,62.6,61.6,0,4.2,3.7,5.9,3.6,3.7,4.2,2.8,1.0,0,2,1,0,0,5.2,6.1,4.8,6.6,6.4,5.0,0,0,Cybersecurity Specialist,0,SYNTHETIC,83.5,72.9
ST01695,Student ST01695,CSE,8,7.69,85.1,80.6,0,4.2,3.4,6.3,6.4,2.7,4.2,3.3,5.6,0,2,2,1,0,8.9,6.4,5.6,6.1,6.0,6.6,0,0,AI/ML Engineer,1,SYNTHETIC,87.0,63.7
ST01696,Student ST01696,ECE,7,6.63,72.7,69.7,0,6.2,3.8,3.0,5.9,3.4,3.5,1.8,3.2,0,6,2,0,2,5.1,6.0,5.6,7.9,7.0,8.0,0,1,Cloud/DevOps Engineer,1,SYNTHETIC,87.4,77.0
ST01697,Student ST01697,CSE,7,8.7,80.7,83.0,0,8.2,7.0,6.7,5.3,5.1,6.0,4.0,3.5,2,2,2,0,0,5.8,6.2,7.4,6.1,6.6,5.5,0,0,Cloud/DevOps Engineer,1,SYNTHETIC,78.4,93.0
ST01698,Student ST01698,ISE,7,6.59,69.1,63.6,0,4.6,5.4,4.5,5.7,4.6,4.5,2.4,2.4,1,4,1,1,1,5.4,5.7,3.7,3.9,4.6,4.1,0,0,QA Specialist,0,SYNTHETIC,83.0,67.1
ST01699,Student ST01699,ISE,8,5.96,67.3,61.0,0,3.5,1.2,2.3,2.5,3.5,1.0,3.1,2.6,1,3,1,0,2,6.4,3.5,1.3,4.8,4.6,3.8,0,0,Cybersecurity Specialist,0,SYNTHETIC,81.3,63.0
ST01700,Student ST01700,Mechanical,7,6.12,63.5,64.4,0,2.0,1.0,1.8,2.4,1.6,2.3,4.7,1.8,2,4,1,0,0,4.5,5.0,2.0,4.5,5.1,2.3,0,0,AI/ML Engineer,0,SYNTHETIC,95.0,89.2
ST01701,Student ST01701,ISE,8,8.38,79.9,83.8,0,5.6,3.9,6.1,8.0,3.4,5.2,3.1,3.6,1,1,2,2,0,7.6,6.4,6.3,6.3,5.4,7.0,0,0,Data Analyst,1,SYNTHETIC,81.1,65.9
ST01702,Student ST01702,Mechanical,7,7.04,81.7,72.1,0,7.3,2.9,5.9,6.2,4.7,5.6,1.5,1.0,0,3,2,1,0,7.6,6.2,7.2,7.1,6.7,7.8,1,0,Full-Stack Developer,1,SYNTHETIC,85.7,61.1
ST01703,Student ST01703,ISE,8,7.47,72.1,70.6,0,2.9,3.8,4.8,2.3,2.9,3.3,3.9,1.5,2,3,1,1,0,5.7,5.2,3.5,5.6,5.6,4.2,0,0,Data Analyst,0,SYNTHETIC,93.5,77.7
ST01704,Student ST01704,CSE,8,6.28,63.6,65.5,0,7.4,4.7,4.8,5.3,5.4,4.9,3.8,4.8,1,5,2,0,0,7.0,5.7,6.9,5.7,6.0,6.6,0,0,Cloud/DevOps Engineer,1,SYNTHETIC,78.6,71.0
ST01705,Student ST01705,ISE,7,7.3,73.1,72.1,0,5.6,6.0,5.7,6.5,2.4,3.0,3.0,4.3,2,1,2,0,0,5.6,6.2,5.9,7.6,4.9,6.5,0,0,AI/ML Engineer,0,SYNTHETIC,75.4,88.5
ST01706,Student ST01706,CSE,8,8.62,81.6,84.8,0,5.2,6.3,5.2,6.1,1.0,3.1,3.5,2.0,2,3,2,0,0,7.2,8.8,6.8,7.1,6.2,5.0,1,0,AI/ML Engineer,1,SYNTHETIC,95.0,72.0
ST01707,Student ST01707,CSE,8,5.91,61.7,59.4,0,5.6,3.7,6.2,2.6,1.0,3.1,1.0,2.5,1,1,1,0,0,4.8,6.9,3.2,4.3,3.7,3.4,1,0,QA Specialist,0,SYNTHETIC,83.9,71.2
ST01708,Student ST01708,CSE,8,6.95,63.7,66.6,0,7.3,2.5,8.6,5.6,2.0,6.4,3.8,4.1,4,3,2,0,1,6.0,5.6,6.0,8.0,8.0,7.4,1,0,Data Analyst,0,SYNTHETIC,91.8,69.2
ST01709,Student ST01709,ISE,8,7.48,71.8,75.2,0,5.4,6.0,3.9,7.3,1.1,3.4,6.1,1.0,0,2,2,2,0,5.6,5.5,6.7,5.4,5.6,4.4,2,0,Full-Stack Developer,1,SYNTHETIC,80.7,89.7
ST01710,Student ST01710,CSE,7,8.55,83.0,79.0,0,7.2,5.9,4.7,5.3,5.8,5.5,3.7,3.2,3,4,2,1,2,6.1,7.2,7.5,5.5,6.0,5.1,1,0,Cloud/DevOps Engineer,1,SYNTHETIC,79.8,90.9
ST01711,Student ST01711,ISE,7,9.1,85.7,88.1,0,5.7,7.2,8.3,6.5,3.8,5.4,1.0,5.4,0,4,2,1,0,9.4,7.1,6.9,4.4,4.7,6.0,0,0,Cybersecurity Specialist,1,SYNTHETIC,87.2,82.7
ST01712,Student ST01712,CSE,8,7.54,71.6,67.5,0,6.8,6.5,5.1,5.5,1.7,4.5,2.3,2.8,0,2,2,1,0,6.9,5.7,6.4,5.3,6.2,6.6,0,0,Cloud/DevOps Engineer,0,SYNTHETIC,91.1,84.2
ST01713,Student ST01713,ISE,7,7.66,74.7,74.0,0,4.6,3.4,5.7,4.9,3.5,1.7,2.9,1.9,1,3,1,0,0,5.8,8.6,5.8,5.7,5.9,4.0,0,0,AI/ML Engineer,0,SYNTHETIC,90.6,66.6
ST01714,Student ST01714,Mechanical,8,8.35,88.8,81.7,0,5.6,5.0,5.7,6.6,3.0,2.8,3.8,3.1,2,6,2,1,1,7.7,7.7,5.6,9.7,9.2,7.7,1,0,Full-Stack Developer,1,SYNTHETIC,88.3,83.2
ST01715,Student ST01715,ECE,7,7.02,78.4,66.5,0,3.9,2.4,3.2,4.6,5.7,2.0,1.0,1.5,0,2,1,1,0,6.5,4.2,4.4,5.6,4.2,3.5,0,0,Full-Stack Developer,0,SYNTHETIC,83.0,90.2
ST01716,Student ST01716,Mechanical,7,8.07,87.5,83.5,0,3.3,4.2,5.4,6.3,2.1,3.5,2.5,2.1,3,1,1,0,1,6.0,6.8,6.0,3.1,4.9,4.2,0,0,QA Specialist,1,SYNTHETIC,89.0,72.5
ST01717,Student ST01717,ISE,8,6.68,62.1,60.8,0,5.1,2.3,3.0,3.5,4.1,5.0,2.8,3.8,0,3,1,0,1,6.2,6.0,4.3,7.1,8.7,6.0,0,1,Cybersecurity Specialist,1,SYNTHETIC,76.7,69.6
ST01718,Student ST01718,ISE,7,7.14,64.3,74.5,0,2.4,2.2,2.8,1.0,3.2,1.0,1.0,1.0,1,6,1,0,0,5.7,5.7,3.8,8.4,7.1,4.9,0,1,AI/ML Engineer,0,SYNTHETIC,91.0,76.9
ST01719,Student ST01719,ISE,7,6.3,71.7,68.9,0,5.1,5.2,5.1,6.6,4.2,3.9,2.5,2.9,2,1,2,0,0,4.9,5.9,7.0,6.8,6.2,5.4,0,0,Cybersecurity Specialist,0,SYNTHETIC,84.8,92.0
ST01720,Student ST01720,ECE,7,7.3,68.5,68.8,0,6.1,4.8,6.7,3.3,4.3,3.5,1.9,1.8,0,1,1,1,2,6.7,7.0,5.3,6.7,6.1,5.1,0,0,AI/ML Engineer,1,SYNTHETIC,96.5,63.5
ST01721,Student ST01721,CSE,8,8.65,90.5,84.1,0,7.6,5.7,5.1,7.3,5.8,6.6,3.6,6.0,0,4,2,0,1,5.9,7.4,7.1,7.9,8.2,7.6,0,0,Data Analyst,0,SYNTHETIC,94.3,60.6
ST01722,Student ST01722,Mechanical,7,7.64,80.9,84.1,0,7.2,3.2,5.0,3.7,4.7,2.8,3.8,1.0,2,2,2,1,0,5.2,6.9,4.6,7.5,8.8,5.5,2,1,AI/ML Engineer,0,SYNTHETIC,83.9,92.1
ST01723,Student ST01723,CSE,8,7.98,86.7,76.0,0,7.0,4.7,6.4,6.9,1.9,4.0,5.1,2.7,1,5,2,1,2,6.8,4.3,7.2,7.2,7.1,7.8,1,0,AI/ML Engineer,1,SYNTHETIC,83.2,87.0
ST01724,Student ST01724,CSE,8,5.69,55.5,60.9,0,4.3,2.5,5.0,4.4,3.3,6.3,4.0,2.2,1,4,1,0,0,2.7,3.7,5.1,5.8,6.5,4.3,0,0,Cybersecurity Specialist,0,SYNTHETIC,80.2,66.3
ST01725,Student ST01725,ISE,7,7.3,76.7,76.1,0,2.3,4.8,3.1,4.8,3.4,1.0,1.0,1.3,2,2,1,0,0,3.7,6.0,3.6,4.7,3.9,2.7,0,0,Data Analyst,0,SYNTHETIC,89.6,61.6
ST01726,Student ST01726,CSE,7,8.25,81.2,75.7,0,4.3,3.1,4.2,4.5,4.8,1.3,1.0,2.1,1,3,1,0,1,7.2,6.5,3.3,6.0,6.4,6.0,0,0,Cybersecurity Specialist,1,SYNTHETIC,84.7,90.5
ST01727,Student ST01727,CSE,8,5.1,55.0,50.6,0,1.7,2.4,3.2,1.8,1.0,2.3,1.0,1.0,0,2,1,1,0,5.0,5.6,1.5,6.8,6.6,4.3,0,0,Cloud/DevOps Engineer,0,SYNTHETIC,95.3,73.7
ST01728,Student ST01728,CSE,8,8.21,87.1,77.6,0,6.9,7.5,7.8,7.3,3.3,7.1,4.9,1.7,0,2,2,0,0,8.9,6.3,7.6,7.8,8.1,7.5,1,1,Cybersecurity Specialist,1,SYNTHETIC,97.0,72.8
ST01729,Student ST01729,ISE,7,7.14,72.1,80.1,0,4.6,5.0,5.4,4.9,1.4,4.2,3.2,4.2,2,1,1,0,1,6.0,5.5,3.7,6.7,6.3,5.2,0,0,Data Analyst,1,SYNTHETIC,96.7,91.8
ST01730,Student ST01730,ECE,8,5.0,55.0,50.0,0,2.7,4.7,4.7,2.7,2.1,3.8,3.3,4.2,2,2,1,0,0,5.4,5.2,3.1,6.5,5.6,3.3,0,0,QA Specialist,1,SYNTHETIC,95.1,67.4
ST01731,Student ST01731,CSE,7,7.28,77.8,74.2,0,5.7,5.0,6.4,5.8,4.8,5.4,5.2,4.1,2,5,2,1,1,5.2,5.8,5.9,6.1,6.1,6.0,0,0,Cybersecurity Specialist,1,SYNTHETIC,77.0,79.7
ST01732,Student ST01732,CSE,7,9.2,89.6,80.4,0,7.2,6.8,7.2,6.8,7.4,6.8,5.0,3.8,2,3,2,3,1,9.4,7.4,7.9,7.9,8.0,8.7,0,0,QA Specialist,1,SYNTHETIC,85.8,74.9
ST01733,Student ST01733,CSE,7,8.46,87.6,90.2,0,4.9,5.9,7.2,4.9,2.7,5.2,2.7,3.1,1,1,1,0,1,7.2,6.2,4.5,3.3,3.7,3.7,0,0,Data Analyst,0,SYNTHETIC,90.2,75.0
ST01734,Student ST01734,CSE,8,7.48,74.9,67.0,0,7.2,4.8,6.1,4.2,3.5,5.5,6.7,7.5,2,3,2,2,0,7.3,7.5,5.5,3.3,2.4,5.0,0,0,Data Analyst,1,SYNTHETIC,84.1,76.3
ST01735,Student ST01735,CSE,7,8.33,82.8,81.2,0,6.0,4.4,6.8,4.8,2.2,5.5,2.1,3.0,2,3,2,1,1,5.3,6.5,4.9,7.8,7.9,5.7,1,1,QA Specialist,1,SYNTHETIC,84.1,82.1
ST01736,Student ST01736,ECE,8,8.72,91.0,86.2,0,5.4,4.2,6.6,5.7,4.8,5.8,7.6,5.2,1,6,2,0,1,6.0,6.4,4.2,7.5,7.6,6.3,2,0,Data Analyst,1,SYNTHETIC,82.8,63.7
ST01737,Student ST01737,Mechanical,8,7.38,73.2,75.7,0,2.4,2.3,3.8,6.2,3.4,1.1,2.6,1.2,0,1,1,0,1,5.4,5.8,3.9,5.6,5.5,4.7,0,0,Cybersecurity Specialist,0,SYNTHETIC,75.3,87.8
ST01738,Student ST01738,Mechanical,7,6.38,71.2,65.4,0,4.6,3.8,5.0,1.0,3.4,2.8,2.4,1.9,1,3,1,0,0,6.6,5.9,2.9,4.2,4.2,4.2,0,0,QA Specialist,0,SYNTHETIC,90.6,66.0
ST01739,Student ST01739,CSE,7,7.72,76.3,76.7,0,5.8,4.0,4.3,4.1,1.0,4.6,1.6,2.1,0,2,1,0,0,6.3,6.1,3.8,6.0,5.7,4.7,0,0,Data Analyst,1,SYNTHETIC,97.0,64.5
ST01740,Student ST01740,CSE,7,5.85,65.7,60.9,0,4.9,2.3,3.3,3.5,1.8,1.4,3.4,1.0,1,3,1,0,0,6.1,5.7,3.6,8.9,8.7,5.2,0,0,QA Specialist,0,SYNTHETIC,97.1,75.0
ST01741,Student ST01741,Mechanical,8,6.13,69.8,69.4,0,2.4,2.3,1.5,2.6,2.8,2.1,1.0,2.6,0,3,1,0,1,5.2,4.5,2.8,7.0,6.4,3.4,1,1,Data Analyst,0,SYNTHETIC,92.3,63.2
ST01742,Student ST01742,ISE,8,7.76,82.6,76.0,0,4.4,6.5,2.6,1.2,2.9,3.5,2.5,2.1,1,4,1,0,0,6.1,6.4,3.3,5.7,5.8,3.4,1,0,Cloud/DevOps Engineer,0,SYNTHETIC,96.3,82.0
ST01743,Student ST01743,CSE,7,5.73,61.2,63.0,0,4.2,4.7,2.4,4.3,4.3,2.8,1.4,1.1,2,1,1,0,0,5.6,3.9,4.7,6.3,5.8,3.8,1,0,Cybersecurity Specialist,0,SYNTHETIC,93.7,66.2
ST01744,Student ST01744,Mechanical,7,7.36,79.3,78.9,0,5.7,5.1,4.7,4.3,3.7,5.4,4.1,6.0,0,1,1,0,0,6.9,6.4,5.5,5.1,4.8,5.1,2,0,Full-Stack Developer,0,SYNTHETIC,85.0,88.7
ST01745,Student ST01745,ISE,8,8.83,87.0,86.0,0,5.7,6.7,3.0,5.9,4.8,4.9,1.0,1.0,1,2,2,1,1,6.0,6.0,5.6,7.5,6.2,6.6,0,0,AI/ML Engineer,1,SYNTHETIC,85.0,83.0
ST01746,Student ST01746,CSE,7,8.09,78.0,84.6,0,3.9,5.1,6.5,5.9,1.6,2.5,2.4,1.5,1,3,1,0,2,7.5,7.4,5.0,4.9,4.6,4.3,0,0,Cloud/DevOps Engineer,0,SYNTHETIC,84.9,76.0
ST01747,Student ST01747,Mechanical,8,7.69,77.1,79.6,0,7.2,5.5,6.3,6.7,3.1,4.0,6.1,1.0,3,3,2,1,1,6.8,6.5,7.1,7.1,7.4,8.3,0,1,Cybersecurity Specialist,1,SYNTHETIC,96.1,85.8
ST01748,Student ST01748,CSE,8,5.59,62.8,69.5,1,5.1,5.4,6.5,4.9,1.0,3.9,3.7,3.2,3,1,1,0,0,4.6,5.1,4.7,6.3,5.9,5.7,1,0,Full-Stack Developer,1,SYNTHETIC,79.3,86.3
ST01749,Student ST01749,CSE,7,9.51,90.1,90.4,0,10.0,7.5,6.6,4.7,2.7,6.2,5.4,2.0,0,2,2,1,3,9.8,6.6,8.6,6.2,5.4,6.7,1,0,Data Analyst,1,SYNTHETIC,90.6,82.8
ST01750,Student ST01750,ECE,7,6.1,64.6,57.8,0,4.5,5.5,4.7,2.5,4.7,5.7,3.4,1.0,0,6,1,0,0,6.3,7.9,3.3,7.4,6.0,6.4,2,1,Data Analyst,0,SYNTHETIC,77.0,65.7
ST01751,Student ST01751,Mechanical,7,6.46,71.6,69.7,0,6.3,5.7,6.2,6.9,3.6,4.2,3.9,3.0,2,1,2,0,0,7.2,4.5,6.8,6.6,6.3,6.6,0,0,Cloud/DevOps Engineer,1,SYNTHETIC,82.6,73.0
ST01752,Student ST01752,Mechanical,8,6.94,71.2,74.6,0,2.0,3.7,2.9,1.9,1.8,2.4,1.6,1.0,1,1,1,0,1,6.0,4.2,2.1,5.1,5.8,4.1,0,0,Full-Stack Developer,0,SYNTHETIC,95.2,93.1
ST01753,Student ST01753,Mechanical,8,6.36,62.5,70.3,0,4.6,5.0,8.6,4.8,1.5,4.5,5.8,4.5,1,3,1,0,0,6.5,7.2,3.7,5.2,4.7,4.3,0,0,Full-Stack Developer,1,SYNTHETIC,78.1,84.8
ST01754,Student ST01754,CSE,8,5.88,65.9,64.2,0,5.7,7.2,6.3,5.1,3.8,6.1,5.7,4.0,0,2,2,0,0,6.0,4.6,5.7,6.8,5.2,5.7,0,0,QA Specialist,0,SYNTHETIC,93.0,94.8
ST01755,Student ST01755,ECE,7,6.04,64.3,70.8,0,5.0,4.3,3.8,1.7,3.0,4.6,3.2,1.7,0,3,1,0,0,5.5,3.4,2.3,6.1,7.0,4.9,0,0,Cybersecurity Specialist,0,SYNTHETIC,89.7,88.5
ST01756,Student ST01756,CSE,7,7.94,79.2,77.8,0,4.0,2.8,5.3,5.9,1.7,6.1,1.0,4.0,1,2,1,0,0,6.3,5.7,3.9,2.5,3.1,3.7,1,0,Full-Stack Developer,0,SYNTHETIC,90.6,62.6
ST01757,Student ST01757,ISE,8,8.41,84.6,81.2,0,6.8,5.6,7.9,7.1,6.7,5.9,4.7,3.1,2,1,2,0,0,8.1,7.9,7.0,6.1,5.0,8.0,1,0,QA Specialist,1,SYNTHETIC,81.3,92.9
ST01758,Student ST01758,ECE,8,8.22,86.8,85.5,0,4.7,5.5,5.5,6.0,4.4,4.7,1.0,4.6,2,1,2,0,1,6.2,4.9,5.4,6.8,6.2,7.0,0,0,Cloud/DevOps Engineer,0,SYNTHETIC,77.4,75.1
ST01759,Student ST01759,ISE,7,7.51,73.2,83.1,0,5.6,3.4,6.1,4.0,4.9,2.5,3.2,4.4,0,3,1,0,0,6.1,6.4,5.4,5.2,5.3,5.9,0,0,Cybersecurity Specialist,0,SYNTHETIC,87.7,89.3
ST01760,Student ST01760,ISE,8,6.43,60.5,70.7,0,3.0,4.9,4.8,6.7,2.0,4.5,4.6,3.2,0,1,1,0,1,7.0,6.6,5.4,6.5,4.8,6.0,0,0,Full-Stack Developer,1,SYNTHETIC,87.1,63.6
ST01761,Student ST01761,ISE,7,7.28,77.3,75.2,0,5.4,6.0,8.0,3.7,1.4,5.7,2.3,1.1,0,3,1,0,0,4.0,8.6,3.0,5.5,5.2,6.3,0,0,Data Analyst,0,SYNTHETIC,88.1,80.9
ST01762,Student ST01762,CSE,8,6.6,64.8,64.9,0,3.5,4.6,2.5,2.6,2.7,4.1,4.5,3.1,2,1,1,0,0,4.9,6.1,1.7,5.7,6.7,4.9,3,0,Cybersecurity Specialist,1,SYNTHETIC,81.6,73.9
ST01763,Student ST01763,Mechanical,8,5.22,58.8,57.9,0,6.0,4.0,4.4,1.9,4.9,3.3,1.1,2.4,1,4,1,0,1,6.8,3.6,3.8,4.6,4.1,4.2,0,0,Data Analyst,0,SYNTHETIC,79.6,73.7
ST01764,Student ST01764,Mechanical,7,8.05,78.4,84.3,0,7.2,5.1,7.6,9.5,3.9,5.2,3.8,3.2,2,5,2,0,0,6.8,7.6,7.4,7.7,8.9,9.1,1,1,Cybersecurity Specialist,1,SYNTHETIC,79.7,80.4
ST01765,Student ST01765,ECE,8,6.88,69.4,70.1,0,4.9,6.0,4.5,3.3,4.8,4.3,5.9,3.4,4,3,1,2,1,6.8,5.0,3.3,7.1,6.9,4.7,1,1,Data Analyst,0,SYNTHETIC,97.4,84.3
ST01766,Student ST01766,Mechanical,7,7.85,76.3,78.2,0,2.7,3.5,2.6,3.7,2.2,5.1,5.3,1.9,3,2,1,1,0,6.2,5.8,3.4,5.4,4.4,2.9,1,0,Cybersecurity Specialist,1,SYNTHETIC,89.1,77.2
ST01767,Student ST01767,Mechanical,7,8.73,86.0,94.7,0,4.2,6.6,4.3,6.0,1.7,3.0,3.3,3.4,0,1,1,0,0,8.3,6.9,5.6,6.3,5.7,6.3,3,0,QA Specialist,1,SYNTHETIC,96.0,62.4
ST01768,Student ST01768,CSE,8,5.0,57.8,54.3,0,4.7,7.2,3.4,4.2,2.3,4.8,1.0,1.0,1,1,1,0,1,5.0,4.7,3.8,8.2,9.1,4.9,0,0,Data Analyst,0,SYNTHETIC,78.5,89.7
ST01769,Student ST01769,ECE,8,8.05,77.0,79.3,0,4.6,8.3,3.2,7.2,5.0,5.9,3.6,5.1,1,1,2,1,0,5.9,8.2,8.1,6.9,7.4,6.5,2,0,Data Analyst,1,SYNTHETIC,89.8,92.3
ST01770,Student ST01770,CSE,8,6.87,68.3,70.5,0,6.5,4.8,4.9,5.4,4.2,3.7,2.2,3.8,2,2,2,0,0,7.8,5.7,6.5,4.7,4.1,4.9,1,0,Data Analyst,0,SYNTHETIC,92.5,89.4
ST01771,Student ST01771,ISE,8,6.13,58.6,66.4,0,6.9,4.2,5.1,6.0,4.6,5.0,2.8,3.7,4,3,2,0,0,6.5,5.1,5.6,3.9,2.7,5.0,2,0,Data Analyst,1,SYNTHETIC,77.5,73.0
ST01772,Student ST01772,CSE,7,7.75,79.5,80.7,0,8.0,7.0,6.6,7.0,4.0,6.8,3.4,2.6,1,2,2,0,0,5.5,5.8,8.2,6.0,7.8,6.9,1,0,Cybersecurity Specialist,0,SYNTHETIC,97.9,62.9
ST01773,Student ST01773,ECE,8,5.73,61.5,56.1,0,2.1,3.2,2.7,2.3,1.0,1.8,1.0,1.9,1,3,1,0,0,6.5,4.2,2.7,5.9,5.5,1.2,0,0,Data Analyst,0,SYNTHETIC,76.8,77.3
ST01774,Student ST01774,CSE,7,8.17,79.2,77.9,0,6.5,5.6,6.1,6.3,3.5,6.0,3.9,4.2,1,5,2,2,0,7.1,6.4,6.2,6.3,6.4,6.9,1,0,Full-Stack Developer,1,SYNTHETIC,83.1,92.0
ST01775,Student ST01775,CSE,8,8.35,76.3,83.2,0,4.1,3.3,6.4,6.0,5.4,5.6,2.9,7.1,0,1,1,0,1,7.7,5.6,6.9,5.7,5.7,5.1,0,0,Cloud/DevOps Engineer,0,SYNTHETIC,88.7,92.5
ST01776,Student ST01776,CSE,7,7.18,81.7,79.0,0,4.9,5.6,4.8,3.9,3.1,4.9,5.0,2.5,1,2,1,1,0,5.9,5.2,4.0,4.2,4.7,4.6,0,0,Data Analyst,1,SYNTHETIC,93.4,63.6
ST01777,Student ST01777,ECE,8,7.77,77.5,72.1,0,8.2,8.1,5.2,6.3,7.6,5.1,4.1,1.1,4,3,2,1,0,7.3,6.8,7.9,3.8,2.9,6.1,0,0,AI/ML Engineer,1,SYNTHETIC,96.3,92.7
ST01778,Student ST01778,CSE,8,7.19,76.4,73.9,0,5.0,4.8,6.5,2.9,4.1,6.3,5.2,3.6,1,2,1,3,0,6.4,5.3,3.0,5.0,5.2,3.2,0,0,Full-Stack Developer,1,SYNTHETIC,85.1,64.8
ST01779,Student ST01779,CSE,8,7.28,76.8,71.8,0,4.8,4.4,5.7,3.4,2.8,4.9,2.6,1.0,1,4,1,0,1,4.3,6.4,3.6,5.2,5.3,5.0,0,0,Cloud/DevOps Engineer,1,SYNTHETIC,97.2,91.5
ST01780,Student ST01780,CSE,8,8.71,77.9,84.3,0,8.2,5.9,6.5,6.6,5.6,3.7,1.2,5.7,0,2,2,1,0,6.0,7.0,7.2,5.1,3.6,6.8,0,0,Data Analyst,1,SYNTHETIC,94.1,90.4
ST01781,Student ST01781,CSE,8,6.27,59.8,69.6,0,4.9,2.2,2.0,3.4,1.2,4.0,3.4,2.4,0,4,1,0,0,5.8,5.2,3.4,7.2,6.6,4.9,0,1,Cloud/DevOps Engineer,1,SYNTHETIC,92.2,65.1
ST01782,Student ST01782,CSE,8,6.48,70.2,67.2,0,4.2,6.4,5.6,4.8,5.2,4.2,4.5,1.1,0,2,1,1,0,6.3,6.0,4.1,6.7,6.0,6.6,2,0,Cloud/DevOps Engineer,1,SYNTHETIC,88.4,82.5
ST01783,Student ST01783,CSE,7,7.06,72.7,70.3,0,2.0,3.9,4.9,5.1,3.1,2.9,1.9,3.7,1,1,1,0,0,8.7,6.7,4.5,5.5,5.2,4.0,1,0,Cybersecurity Specialist,0,SYNTHETIC,86.7,65.3
ST01784,Student ST01784,ISE,8,7.76,77.5,81.6,0,6.3,2.1,2.9,3.3,1.8,4.1,2.9,2.3,1,5,1,0,0,8.3,8.2,5.6,7.0,7.0,5.3,0,0,Cloud/DevOps Engineer,0,SYNTHETIC,80.4,68.9
ST01785,Student ST01785,CSE,7,6.27,72.1,64.5,0,2.8,3.5,4.6,4.9,1.0,2.8,2.2,2.1,2,6,1,0,1,3.1,6.3,4.0,6.8,6.1,6.2,0,0,Data Analyst,1,SYNTHETIC,90.4,88.3
ST01786,Student ST01786,CSE,7,7.47,79.7,75.9,0,3.8,6.2,2.3,4.4,5.4,4.3,3.2,3.9,3,5,1,1,0,7.7,6.6,4.7,3.2,4.0,3.3,2,0,Cybersecurity Specialist,1,SYNTHETIC,86.7,64.8
ST01787,Student ST01787,CSE,7,6.2,69.1,60.6,0,6.9,5.6,2.4,3.8,3.1,3.6,3.2,3.3,3,4,2,0,1,4.9,3.9,4.4,6.4,5.1,5.1,0,0,QA Specialist,1,SYNTHETIC,79.2,75.1
ST01788,Student ST01788,ECE,8,6.52,60.0,71.3,0,7.3,5.4,6.2,7.1,3.6,3.7,2.7,3.4,0,3,2,0,0,7.7,4.7,6.7,4.6,3.3,6.2,1,0,Data Analyst,1,SYNTHETIC,82.0,80.2
ST01789,Student ST01789,CSE,7,7.7,73.8,77.7,0,5.3,7.2,4.1,4.0,4.3,7.7,2.1,3.1,2,3,1,1,1,6.0,7.3,3.8,6.2,6.4,4.7,0,0,AI/ML Engineer,1,SYNTHETIC,98.6,61.9
ST01790,Student ST01790,ISE,8,5.59,58.5,57.6,0,4.8,4.2,2.0,1.2,1.0,3.5,1.0,1.0,1,1,1,0,0,5.6,6.3,2.4,7.2,6.6,4.4,0,0,AI/ML Engineer,0,SYNTHETIC,76.0,87.4
ST01791,Student ST01791,CSE,7,8.07,84.5,80.7,0,9.6,3.8,6.7,4.4,6.7,5.9,3.0,3.3,3,2,2,1,1,5.8,7.0,6.3,7.3,6.0,7.1,0,0,Cybersecurity Specialist,1,SYNTHETIC,76.4,79.9
ST01792,Student ST01792,CSE,7,8.19,74.5,84.5,0,6.3,6.5,6.0,5.3,5.7,5.9,4.8,3.2,1,3,2,0,0,6.6,5.8,5.7,6.4,4.5,6.3,0,0,Cybersecurity Specialist,1,SYNTHETIC,86.4,87.7
ST01793,Student ST01793,CSE,7,7.22,72.7,68.8,0,4.8,7.7,5.9,5.7,2.9,4.2,3.1,4.4,2,6,2,0,0,6.8,5.5,5.4,6.0,4.9,5.4,1,0,Full-Stack Developer,1,SYNTHETIC,92.4,86.8
ST01794,Student ST01794,CSE,8,7.61,74.3,78.6,0,3.2,5.2,3.6,4.8,2.2,4.2,1.0,4.0,1,4,1,2,1,5.9,5.6,4.9,7.2,5.3,5.2,1,0,Data Analyst,1,SYNTHETIC,88.6,84.9
ST01795,Student ST01795,ECE,7,6.64,72.0,68.2,0,4.0,4.5,4.7,1.1,3.2,3.8,3.3,1.0,2,3,1,0,0,3.2,4.8,1.0,5.4,5.0,2.4,0,0,AI/ML Engineer,0,SYNTHETIC,80.8,87.5
ST01796,Student ST01796,ISE,8,7.89,82.2,83.3,0,6.0,4.3,6.4,5.3,6.1,5.2,3.5,5.5,1,3,2,1,1,7.8,8.1,5.2,7.5,6.8,8.0,1,1,Data Analyst,1,SYNTHETIC,98.4,64.3
ST01797,Student ST01797,CSE,7,8.44,81.0,90.1,0,5.7,4.1,6.4,7.5,4.2,4.9,3.1,3.0,2,6,2,1,0,6.2,6.2,7.4,8.0,6.9,6.4,0,1,Cloud/DevOps Engineer,1,SYNTHETIC,84.9,73.3
ST01798,Student ST01798,ISE,7,7.62,75.8,80.1,0,4.4,4.5,4.6,5.4,1.6,4.7,4.5,1.3,5,1,1,0,1,7.8,6.7,5.1,6.8,4.5,5.7,0,0,Data Analyst,1,SYNTHETIC,80.1,91.3
ST01799,Student ST01799,ISE,7,8.93,77.9,87.4,0,7.7,6.6,7.2,6.7,5.3,5.7,7.4,4.7,0,4,2,2,0,7.3,8.6,7.2,6.1,6.8,8.0,1,0,QA Specialist,1,SYNTHETIC,92.9,62.6
ST01800,Student ST01800,ECE,8,8.89,89.6,85.9,0,7.5,7.5,5.4,6.7,4.4,5.3,6.0,3.2,0,1,2,1,0,6.1,6.3,7.3,3.5,2.9,5.5,0,0,Full-Stack Developer,0,SYNTHETIC,95.3,63.5
ST01801,Student ST01801,ISE,7,7.26,75.0,74.0,0,5.2,5.4,7.7,2.6,1.0,4.8,2.2,1.0,0,3,1,0,0,6.2,5.8,2.7,5.4,4.8,3.4,0,0,Cybersecurity Specialist,0,SYNTHETIC,80.1,74.2
ST01802,Student ST01802,ISE,8,6.37,72.4,64.8,0,2.3,3.3,5.5,4.9,3.9,2.0,1.0,3.9,1,3,1,0,0,6.3,6.1,3.5,5.1,7.2,4.0,0,0,Cybersecurity Specialist,0,SYNTHETIC,94.3,86.9
ST01803,Student ST01803,CSE,7,6.9,70.3,70.4,0,3.9,4.5,6.0,3.9,2.3,3.1,2.8,3.1,1,3,1,0,0,5.5,6.4,4.2,6.8,7.4,6.0,0,0,Cloud/DevOps Engineer,1,SYNTHETIC,97.1,69.4
ST01804,Student ST01804,CSE,7,7.88,74.6,81.0,0,3.9,5.0,5.6,6.1,1.0,5.2,2.6,4.2,0,3,1,2,1,5.2,4.9,4.5,5.2,6.0,6.0,0,0,Data Analyst,1,SYNTHETIC,82.7,75.2
ST01805,Student ST01805,Mechanical,8,7.55,78.8,72.4,0,8.1,5.4,7.0,7.1,4.7,6.3,4.5,1.9,1,2,2,0,1,5.5,4.4,7.2,7.3,8.2,7.0,0,0,AI/ML Engineer,0,SYNTHETIC,90.8,75.2
ST01806,Student ST01806,CSE,8,8.89,87.6,85.1,0,7.7,4.7,7.1,5.7,5.0,3.9,3.1,3.2,1,1,2,2,0,8.5,8.2,7.6,3.5,3.8,5.5,1,0,Full-Stack Developer,1,SYNTHETIC,92.2,62.4
ST01807,Student ST01807,ECE,7,10.0,98.0,97.0,0,7.9,6.0,5.9,7.5,5.1,4.1,7.4,4.6,1,4,2,3,0,7.1,6.1,7.3,5.2,3.8,7.1,1,0,Cybersecurity Specialist,1,SYNTHETIC,83.6,92.0
ST01808,Student ST01808,CSE,8,6.46,68.1,55.3,0,3.3,6.1,6.7,1.0,1.7,3.6,3.1,3.4,1,3,1,0,0,6.8,6.7,1.3,7.3,8.2,4.7,1,0,QA Specialist,0,SYNTHETIC,95.5,66.1
ST01809,Student ST01809,ISE,7,8.24,75.6,82.7,0,5.0,4.0,3.6,4.8,3.1,6.1,5.3,1.9,0,2,1,0,1,6.2,6.9,4.4,6.9,6.9,6.8,1,0,Cloud/DevOps Engineer,0,SYNTHETIC,84.5,88.1
ST01810,Student ST01810,ECE,7,7.27,74.6,72.7,0,6.0,4.9,5.3,5.5,3.1,4.1,1.9,2.8,1,3,2,1,0,7.0,6.5,7.0,5.0,5.3,5.4,0,0,QA Specialist,0,SYNTHETIC,96.3,77.8
ST01811,Student ST01811,CSE,8,6.34,72.2,66.9,0,4.1,5.2,4.0,6.5,1.6,4.5,2.5,1.0,1,1,2,1,0,6.0,6.5,5.8,5.0,4.4,4.3,0,0,AI/ML Engineer,0,SYNTHETIC,78.8,60.7
ST01812,Student ST01812,CSE,7,8.38,81.1,80.3,0,6.4,7.2,6.0,7.7,4.9,6.3,4.0,6.3,1,2,2,1,1,6.4,6.4,6.7,4.6,4.9,5.5,0,0,Cybersecurity Specialist,1,SYNTHETIC,88.3,63.7
ST01813,Student ST01813,ECE,7,8.17,78.6,72.0,0,1.5,6.0,5.1,5.2,4.2,2.9,6.0,2.7,3,2,1,1,0,4.9,7.6,4.4,3.4,2.8,3.4,1,0,QA Specialist,1,SYNTHETIC,84.2,62.3
ST01814,Student ST01814,CSE,8,8.05,79.0,78.0,0,5.4,4.7,6.2,5.6,1.0,2.2,2.5,4.3,0,2,2,2,0,6.0,5.5,4.6,10.0,9.8,8.8,1,0,Cloud/DevOps Engineer,1,SYNTHETIC,86.3,61.0
ST01815,Student ST01815,Mechanical,7,7.11,68.9,68.9,0,5.1,5.5,6.0,3.6,2.5,4.2,2.2,1.0,1,1,1,0,0,6.3,6.4,3.8,6.9,6.7,4.0,0,0,AI/ML Engineer,1,SYNTHETIC,95.9,87.2
ST01816,Student ST01816,Mechanical,8,7.37,71.9,72.1,0,4.8,6.1,6.5,7.6,3.2,4.4,1.0,1.7,1,4,2,0,0,5.5,5.8,6.9,6.3,5.8,6.8,2,0,QA Specialist,0,SYNTHETIC,96.7,94.9
ST01817,Student ST01817,Mechanical,7,6.93,76.0,64.4,0,5.5,6.9,6.3,7.0,3.9,5.4,5.4,3.5,4,1,2,1,0,7.0,5.8,5.5,6.5,5.6,5.9,1,0,Full-Stack Developer,1,SYNTHETIC,97.6,64.3
ST01818,Student ST01818,ISE,7,7.01,73.1,75.5,0,7.5,7.8,5.2,3.6,3.3,4.8,6.7,2.4,0,2,2,0,0,7.3,5.8,5.9,4.4,4.2,5.2,0,0,AI/ML Engineer,0,SYNTHETIC,94.8,79.3
ST01819,Student ST01819,CSE,7,6.91,73.0,78.6,0,4.5,4.9,8.5,4.9,6.3,4.5,3.4,1.9,2,1,1,1,1,7.4,5.4,5.8,5.4,6.2,5.8,2,0,Cybersecurity Specialist,1,SYNTHETIC,98.0,60.7
ST01820,Student ST01820,ISE,7,7.98,77.7,73.8,0,3.1,2.9,4.2,3.8,5.2,4.3,1.3,4.2,2,5,1,1,0,6.7,5.7,3.8,6.8,6.6,4.8,3,0,Data Analyst,1,SYNTHETIC,80.3,82.5
ST01821,Student ST01821,CSE,8,7.12,71.1,75.0,0,6.5,5.9,5.2,8.5,2.9,3.5,4.8,2.6,3,1,2,1,0,6.9,5.8,6.7,5.2,4.3,5.2,0,0,Full-Stack Developer,1,SYNTHETIC,89.1,75.7
ST01822,Student ST01822,ISE,8,5.65,58.3,57.7,0,2.6,1.3,1.0,3.5,2.2,1.8,4.7,1.2,2,5,1,0,1,3.8,6.6,2.7,6.6,7.3,4.6,0,0,QA Specialist,0,SYNTHETIC,77.0,61.3
ST01823,Student ST01823,CSE,7,6.76,70.2,68.9,0,3.4,3.2,2.2,3.8,2.9,1.7,1.8,1.9,2,4,1,0,0,7.0,5.9,5.4,4.0,4.5,2.4,1,0,Full-Stack Developer,0,SYNTHETIC,87.6,71.6
ST01824,Student ST01824,CSE,7,6.16,64.0,62.0,0,4.8,5.5,4.7,5.1,2.8,2.0,1.0,4.5,1,4,1,0,0,7.5,4.3,4.4,6.4,6.3,5.9,1,0,Full-Stack Developer,1,SYNTHETIC,79.7,81.9
ST01825,Student ST01825,ISE,7,5.0,55.1,60.9,0,1.2,2.8,3.3,4.0,3.9,2.5,1.0,1.0,1,3,1,0,0,5.0,6.0,2.6,6.2,6.7,3.9,1,0,QA Specialist,0,SYNTHETIC,80.6,77.0
ST01826,Student ST01826,ECE,7,6.83,62.4,69.0,0,5.3,6.8,6.9,5.4,1.0,5.4,2.1,4.2,3,3,2,0,1,4.6,6.6,6.2,7.0,5.6,5.7,0,0,Cybersecurity Specialist,1,SYNTHETIC,87.1,83.9
ST01827,Student ST01827,ECE,8,7.13,67.8,67.8,0,7.0,5.9,7.0,6.3,5.2,4.9,3.9,3.7,2,5,2,1,1,6.8,5.5,5.9,5.2,5.0,7.3,1,0,QA Specialist,1,SYNTHETIC,95.2,93.9
ST01828,Student ST01828,CSE,8,8.27,80.9,80.2,0,7.3,5.7,6.3,6.7,5.1,7.4,5.0,2.3,1,1,2,0,0,7.1,5.2,7.5,5.8,6.3,6.2,0,0,Cloud/DevOps Engineer,1,SYNTHETIC,88.9,70.0
ST01829,Student ST01829,CSE,7,7.82,79.9,80.2,0,7.6,4.3,6.7,6.8,4.4,5.7,4.8,4.8,2,4,2,0,0,6.0,7.2,7.4,8.8,7.4,7.0,0,1,AI/ML Engineer,1,SYNTHETIC,87.9,75.8
ST01830,Student ST01830,CSE,8,7.5,81.1,70.0,0,5.8,5.3,5.8,3.3,4.1,3.5,2.4,3.0,0,1,1,1,1,6.4,6.3,4.3,5.4,5.7,4.2,2,0,AI/ML Engineer,0,SYNTHETIC,87.8,61.3
ST01831,Student ST01831,CSE,7,8.8,85.6,88.6,0,5.8,7.4,6.1,7.2,3.8,6.1,4.5,4.0,2,2,2,2,1,8.4,7.4,6.8,4.6,6.3,4.7,0,0,Cloud/DevOps Engineer,1,SYNTHETIC,81.0,68.9
ST01832,Student ST01832,CSE,8,7.0,69.8,69.0,0,6.7,4.8,5.9,7.4,6.0,2.8,3.2,3.7,0,3,2,0,0,7.6,6.1,6.6,6.3,5.7,7.5,0,0,Cloud/DevOps Engineer,1,SYNTHETIC,89.2,85.1
ST01833,Student ST01833,CSE,7,6.33,68.2,66.7,0,3.4,4.1,2.9,6.2,1.9,5.5,3.7,1.9,1,4,1,1,0,6.1,5.8,4.2,5.7,7.1,5.6,0,0,Data Analyst,1,SYNTHETIC,95.3,80.8
ST01834,Student ST01834,ECE,7,5.78,57.2,62.5,0,1.7,1.8,3.2,3.9,4.6,1.6,1.0,1.0,2,1,1,0,0,5.7,4.9,3.0,4.7,4.1,3.3,1,0,Data Analyst,1,SYNTHETIC,94.7,70.9
ST01835,Student ST01835,CSE,7,5.0,55.0,50.0,0,3.5,6.5,6.1,5.8,2.8,6.1,3.1,3.5,1,2,1,0,1,6.8,5.8,5.4,8.0,9.9,5.2,2,1,Cybersecurity Specialist,1,SYNTHETIC,81.7,73.9
ST01836,Student ST01836,CSE,8,6.37,72.7,65.1,0,5.8,2.5,5.3,3.9,4.9,5.8,3.1,5.3,2,3,1,0,0,5.5,6.4,5.2,5.7,5.8,5.0,0,0,Cybersecurity Specialist,1,SYNTHETIC,96.9,71.1
ST01837,Student ST01837,CSE,8,7.25,67.1,68.7,0,5.6,5.1,5.5,5.5,3.2,4.0,4.1,3.5,4,2,2,0,0,5.6,6.9,5.8,6.3,5.7,6.7,0,0,QA Specialist,1,SYNTHETIC,94.7,79.2
ST01838,Student ST01838,CSE,8,6.92,67.0,67.0,0,4.0,6.2,6.2,4.9,4.7,5.4,1.0,3.0,2,1,1,0,1,7.2,5.6,5.3,9.1,8.3,5.8,1,0,QA Specialist,1,SYNTHETIC,76.2,62.0
ST01839,Student ST01839,Mechanical,8,6.8,68.2,65.3,0,6.4,3.7,4.4,2.1,1.0,6.1,2.3,5.8,0,3,1,1,0,7.3,8.0,3.6,3.6,4.8,3.3,0,0,Data Analyst,0,SYNTHETIC,93.0,65.6
ST01840,Student ST01840,CSE,7,6.33,60.9,66.0,0,4.9,6.2,6.3,5.0,4.2,4.3,4.5,3.0,0,3,1,0,0,5.2,6.4,6.0,8.8,9.7,5.9,0,0,AI/ML Engineer,1,SYNTHETIC,95.2,72.2
ST01841,Student ST01841,CSE,8,6.74,73.3,67.6,0,4.5,4.8,4.7,3.4,1.0,1.9,1.2,1.6,2,2,1,0,0,4.5,6.5,4.8,3.5,2.8,4.7,0,0,Cybersecurity Specialist,1,SYNTHETIC,92.5,78.0
ST01842,Student ST01842,CSE,7,7.03,73.6,69.3,0,3.3,5.9,5.8,4.0,1.0,6.7,1.0,4.8,1,3,1,0,0,6.3,7.0,5.5,5.9,5.6,4.6,0,0,Cybersecurity Specialist,0,SYNTHETIC,79.0,91.8
ST01843,Student ST01843,ECE,8,7.11,78.6,80.2,0,4.9,4.4,5.0,3.7,3.2,4.2,3.0,2.8,0,4,1,0,0,7.6,6.3,4.3,5.4,5.4,4.7,1,0,Data Analyst,1,SYNTHETIC,97.0,67.8
ST01844,Student ST01844,ISE,7,8.96,97.2,90.1,0,6.5,6.8,7.1,8.3,4.4,4.3,4.1,2.4,0,1,2,1,0,7.9,6.7,6.2,5.6,5.4,7.0,0,0,Full-Stack Developer,1,SYNTHETIC,94.7,65.9
ST01845,Student ST01845,CSE,8,7.36,70.5,71.1,0,8.0,6.8,5.6,8.0,5.1,5.7,6.6,2.2,0,4,2,2,0,6.3,6.4,7.8,6.1,5.9,7.3,0,0,QA Specialist,1,SYNTHETIC,86.8,73.9
ST01846,Student ST01846,Mechanical,8,7.39,77.4,80.4,0,5.8,4.0,5.1,6.6,2.7,3.0,4.5,4.5,1,1,2,0,0,6.6,7.9,5.4,3.8,4.0,4.4,0,0,Cybersecurity Specialist,1,SYNTHETIC,92.1,61.3
ST01847,Student ST01847,Mechanical,8,6.2,64.1,66.5,0,4.7,4.7,2.6,2.6,1.0,3.9,2.5,1.0,1,1,1,0,0,4.5,5.8,2.8,6.4,6.0,5.0,1,0,Data Analyst,0,SYNTHETIC,80.3,70.6
ST01848,Student ST01848,ECE,7,7.63,84.2,70.4,0,4.7,5.7,5.0,3.5,3.6,4.5,1.7,3.6,1,1,1,0,0,6.3,5.9,4.9,4.3,3.9,4.4,0,0,Cybersecurity Specialist,0,SYNTHETIC,93.6,78.5
ST01849,Student ST01849,CSE,7,7.78,78.3,72.4,0,6.4,5.8,7.8,5.2,1.0,5.0,1.0,2.2,1,1,2,0,1,5.4,6.9,6.8,6.3,5.5,7.5,0,0,Cybersecurity Specialist,0,SYNTHETIC,95.9,78.4
ST01850,Student ST01850,ISE,7,7.25,77.5,70.3,0,5.8,4.8,3.6,3.3,2.2,2.4,6.8,1.2,1,1,1,0,0,7.4,6.0,4.6,6.8,7.0,4.9,1,0,Cloud/DevOps Engineer,0,SYNTHETIC,92.2,91.9
ST01851,Student ST01851,CSE,8,6.02,66.5,62.9,0,2.3,4.6,2.1,2.9,2.6,2.9,2.7,3.6,2,1,1,0,0,5.5,6.2,3.0,7.1,7.9,5.8,0,0,Data Analyst,0,SYNTHETIC,91.8,61.9
ST01852,Student ST01852,CSE,8,8.64,83.4,82.4,0,6.1,7.9,7.3,7.4,5.7,4.6,4.2,4.6,0,6,2,3,1,5.6,6.1,5.4,9.0,6.9,7.8,1,1,Cloud/DevOps Engineer,1,SYNTHETIC,94.4,80.6
ST01853,Student ST01853,ECE,7,6.73,71.3,68.7,0,4.8,5.9,6.7,4.1,1.6,2.9,5.7,4.7,1,5,1,0,0,5.4,5.0,4.1,9.9,9.5,5.8,0,0,Cybersecurity Specialist,1,SYNTHETIC,85.0,67.4
ST01854,Student ST01854,ECE,7,7.9,82.8,81.4,0,9.0,4.4,6.5,6.7,4.6,4.5,4.6,4.1,0,5,2,0,0,6.8,5.5,7.0,9.1,8.4,7.4,1,0,QA Specialist,1,SYNTHETIC,83.2,82.0
ST01855,Student ST01855,ECE,7,6.63,69.3,68.3,0,2.7,1.0,2.4,1.4,2.3,5.0,1.7,2.1,1,3,1,0,1,4.7,6.6,2.9,9.7,10.0,5.4,1,0,Cybersecurity Specialist,0,SYNTHETIC,96.4,72.5
ST01856,Student ST01856,CSE,8,9.59,93.1,84.6,0,6.4,4.7,5.8,5.5,5.0,4.0,2.9,5.5,1,2,2,1,0,7.8,8.0,6.5,5.7,5.5,3.9,1,0,Data Analyst,1,SYNTHETIC,89.3,80.2
ST01857,Student ST01857,Mechanical,7,7.06,75.5,71.3,0,4.4,5.8,3.4,2.3,2.5,3.0,6.1,3.4,1,4,1,1,1,6.3,7.9,3.0,5.4,6.6,5.3,2,0,Data Analyst,1,SYNTHETIC,76.0,87.6
ST01858,Student ST01858,ISE,8,7.66,80.6,81.3,0,4.6,3.3,4.7,5.2,2.3,5.4,2.0,1.0,1,2,1,1,0,6.8,7.1,4.7,4.7,4.8,5.3,1,0,AI/ML Engineer,0,SYNTHETIC,86.1,65.9
ST01859,Student ST01859,ECE,7,7.86,75.4,77.0,0,6.3,5.8,5.5,3.9,3.8,5.1,1.6,3.5,0,5,1,0,0,5.6,6.2,5.8,7.5,7.5,5.2,0,0,Cloud/DevOps Engineer,0,SYNTHETIC,85.4,70.0
ST01860,Student ST01860,CSE,7,9.08,82.1,95.5,0,5.9,6.1,8.2,3.3,6.6,6.0,5.7,1.1,1,3,1,3,0,8.8,6.6,5.7,5.3,5.8,5.5,2,0,AI/ML Engineer,1,SYNTHETIC,85.3,69.2
ST01861,Student ST01861,CSE,8,6.21,59.9,66.8,0,4.3,4.5,3.5,2.4,3.6,3.7,3.7,1.0,0,2,1,0,0,5.4,4.7,2.7,5.1,4.6,3.8,1,0,Cloud/DevOps Engineer,1,SYNTHETIC,94.9,72.4
ST01862,Student ST01862,CSE,8,5.46,55.0,62.8,0,6.0,5.2,4.8,4.1,1.0,4.2,1.0,6.2,1,3,1,1,1,4.0,6.0,6.1,5.0,5.0,7.2,2,0,Data Analyst,0,SYNTHETIC,97.4,84.9
ST01863,Student ST01863,Mechanical,7,6.08,61.8,61.1,0,3.7,3.8,1.0,2.9,1.5,1.9,1.0,1.6,0,3,1,1,0,4.7,5.4,4.4,6.1,6.9,4.3,0,0,Full-Stack Developer,1,SYNTHETIC,96.6,84.6
ST01864,Student ST01864,CSE,7,6.85,74.8,71.4,1,5.0,3.5,4.4,4.4,2.4,6.0,2.2,5.6,0,2,1,1,0,3.9,6.4,5.9,6.2,6.4,5.5,2,0,Cloud/DevOps Engineer,1,SYNTHETIC,84.6,68.4
ST01865,Student ST01865,CSE,8,6.79,67.9,73.1,0,6.5,5.2,5.1,5.8,4.4,4.7,2.7,4.2,0,5,2,1,1,4.4,7.0,5.5,6.8,7.6,7.2,2,0,QA Specialist,1,SYNTHETIC,93.8,70.0
ST01866,Student ST01866,ECE,7,8.57,88.6,81.6,0,5.1,5.2,5.0,5.2,6.1,4.6,3.8,2.2,0,5,1,0,1,7.2,5.5,5.9,6.4,6.9,6.9,1,0,Cybersecurity Specialist,1,SYNTHETIC,98.0,62.0
ST01867,Student ST01867,ISE,7,7.33,72.6,74.7,0,2.0,3.5,4.1,2.1,3.4,4.9,2.5,1.0,2,3,1,1,2,6.4,6.4,2.4,6.1,5.1,3.5,0,0,Cybersecurity Specialist,1,SYNTHETIC,99.0,81.9
ST01868,Student ST01868,Mechanical,8,8.57,78.8,81.8,0,7.0,4.6,6.3,3.9,4.8,7.5,1.0,2.3,1,2,2,1,1,7.6,7.8,5.7,5.9,5.3,4.8,2,0,Data Analyst,1,SYNTHETIC,88.5,60.4
ST01869,Student ST01869,ECE,8,5.93,57.9,62.3,0,2.2,3.0,2.7,3.5,3.8,2.8,1.5,3.4,2,1,1,0,0,5.9,7.0,4.5,6.1,6.4,4.6,1,0,QA Specialist,0,SYNTHETIC,95.8,75.6
ST01870,Student ST01870,Mechanical,7,7.04,67.3,67.4,0,5.2,5.1,3.0,2.0,1.3,3.4,1.0,2.7,2,2,1,1,0,5.8,6.5,3.2,6.9,6.3,6.3,0,0,Cloud/DevOps Engineer,0,SYNTHETIC,93.2,70.1
ST01871,Student ST01871,ISE,7,6.27,68.7,64.4,0,3.6,4.5,3.4,2.8,4.6,4.3,2.9,1.0,1,3,1,0,0,4.6,7.1,3.3,5.7,5.8,3.7,0,0,AI/ML Engineer,0,SYNTHETIC,87.2,66.6
ST01872,Student ST01872,ECE,7,7.13,76.6,76.9,0,2.5,2.7,6.4,4.6,5.8,5.4,3.4,2.8,2,1,1,2,0,7.5,5.3,4.2,4.3,2.7,4.1,1,0,AI/ML Engineer,1,SYNTHETIC,96.5,78.9
ST01873,Student ST01873,ECE,8,7.93,81.3,84.6,0,6.5,7.4,6.1,5.8,6.2,5.1,4.6,4.1,1,4,2,0,1,5.1,7.0,6.7,5.7,5.0,5.5,0,0,Cloud/DevOps Engineer,1,SYNTHETIC,88.8,78.2
ST01874,Student ST01874,CSE,7,7.94,75.8,82.6,0,8.2,4.7,7.8,6.2,5.0,5.5,5.6,3.5,3,2,2,0,1,7.7,6.6,7.6,5.8,6.2,7.3,0,0,Cloud/DevOps Engineer,1,SYNTHETIC,89.9,80.4
ST01875,Student ST01875,ISE,8,7.89,76.7,82.6,0,3.5,3.8,2.2,4.6,1.8,4.1,2.2,1.0,0,2,1,1,1,6.6,5.9,5.1,5.3,6.6,5.0,0,0,QA Specialist,1,SYNTHETIC,85.5,75.1
ST01876,Student ST01876,CSE,7,7.16,70.6,76.9,0,5.1,6.7,7.8,7.8,5.6,7.4,3.9,3.3,2,1,2,0,1,6.9,6.3,6.8,7.6,6.7,6.6,2,1,AI/ML Engineer,1,SYNTHETIC,77.3,81.2
ST01877,Student ST01877,ISE,7,6.36,64.5,65.7,0,6.1,4.1,4.0,5.0,1.0,3.6,3.4,5.2,1,1,2,0,0,7.0,5.4,6.5,6.1,6.3,6.1,2,0,Data Analyst,1,SYNTHETIC,93.6,65.9
ST01878,Student ST01878,ISE,8,6.78,68.4,71.9,1,3.8,5.0,3.9,5.5,3.1,3.9,1.2,1.9,3,1,1,0,1,5.5,7.6,5.8,6.6,5.9,4.2,2,0,Data Analyst,0,SYNTHETIC,89.9,93.3
ST01879,Student ST01879,CSE,8,8.18,82.7,82.3,0,6.8,6.5,6.8,6.1,4.8,5.2,5.2,4.8,2,4,2,1,1,7.0,5.3,5.8,7.1,6.6,6.0,1,1,Full-Stack Developer,1,SYNTHETIC,90.2,77.2
ST01880,Student ST01880,ECE,7,6.4,62.3,64.9,0,5.2,3.6,3.2,5.4,2.6,4.1,3.0,4.0,2,2,2,0,0,7.0,3.7,6.0,8.2,9.6,6.8,0,1,Full-Stack Developer,1,SYNTHETIC,84.2,79.0
ST01881,Student ST01881,CSE,7,7.16,74.5,79.4,0,4.7,5.2,5.9,2.8,4.1,2.6,2.3,1.1,0,6,1,0,1,6.6,6.7,2.9,4.9,4.3,4.6,0,0,QA Specialist,0,SYNTHETIC,75.4,70.4
ST01882,Student ST01882,Mechanical,8,5.73,60.3,58.2,0,4.2,6.3,3.5,4.9,1.0,2.3,1.8,1.0,1,3,1,0,0,7.0,4.5,3.4,5.4,4.2,5.0,2,0,QA Specialist,1,SYNTHETIC,83.8,92.0
ST01883,Student ST01883,ECE,7,6.0,66.5,65.3,0,5.0,5.3,5.0,5.2,1.4,4.9,3.8,2.1,2,2,1,0,0,5.3,7.1,4.6,6.3,4.5,4.1,1,0,Full-Stack Developer,0,SYNTHETIC,80.7,68.3
ST01884,Student ST01884,CSE,7,7.81,75.4,82.8,0,4.3,7.4,4.7,5.0,5.6,4.8,4.9,4.1,1,3,1,0,0,6.9,7.6,4.4,6.8,6.7,5.8,0,0,Cybersecurity Specialist,1,SYNTHETIC,76.7,87.5
ST01885,Student ST01885,CSE,7,5.36,57.3,58.3,0,3.6,2.1,3.1,2.9,2.5,2.9,2.2,1.4,1,4,1,0,0,5.8,6.9,2.6,6.8,6.0,5.3,1,0,Cybersecurity Specialist,0,SYNTHETIC,90.7,61.8
ST01886,Student ST01886,CSE,8,8.2,84.4,71.3,0,5.9,4.7,6.4,6.6,3.3,5.3,5.4,4.4,2,1,2,1,0,7.9,6.1,6.2,7.7,6.9,6.5,0,0,QA Specialist,0,SYNTHETIC,94.1,73.5
ST01887,Student ST01887,ECE,8,7.78,85.7,74.0,0,6.4,4.4,5.9,4.3,5.3,2.8,6.2,4.1,0,1,2,0,0,6.8,6.2,5.4,6.9,7.0,5.7,0,0,Full-Stack Developer,1,SYNTHETIC,83.2,76.2
ST01888,Student ST01888,CSE,7,7.53,73.2,76.5,0,3.6,7.2,4.7,6.7,2.7,4.7,3.8,1.0,1,4,1,0,1,6.4,6.0,4.9,4.3,5.1,6.5,0,0,Cloud/DevOps Engineer,0,SYNTHETIC,85.9,73.6
ST01889,Student ST01889,CSE,8,8.18,83.2,80.4,0,4.5,5.6,5.0,3.2,2.2,3.8,3.7,2.9,1,2,1,0,0,6.1,7.1,4.5,6.4,5.5,4.2,1,0,AI/ML Engineer,0,SYNTHETIC,81.8,72.6
ST01890,Student ST01890,CSE,7,6.52,71.3,63.6,0,7.0,3.7,4.7,4.8,1.1,3.4,3.3,1.2,0,1,2,0,0,5.7,5.4,5.5,5.2,3.2,5.3,1,0,Full-Stack Developer,1,SYNTHETIC,83.0,73.6
ST01891,Student ST01891,ECE,7,5.35,55.0,55.6,1,4.8,4.3,4.1,5.3,3.6,1.7,3.2,1.3,2,1,1,0,0,6.7,5.4,5.3,8.3,7.2,4.8,0,1,AI/ML Engineer,0,SYNTHETIC,78.6,82.6
ST01892,Student ST01892,ISE,7,7.48,75.5,77.4,0,5.5,1.0,6.4,3.9,2.8,4.2,3.0,2.3,1,2,1,0,0,5.1,8.2,4.9,3.5,2.8,2.7,0,0,Data Analyst,1,SYNTHETIC,95.3,74.4
ST01893,Student ST01893,ECE,8,7.46,74.3,71.5,0,4.7,6.9,7.4,3.7,1.6,4.5,3.3,3.6,0,1,1,0,0,4.8,6.2,4.3,5.4,6.4,4.9,0,0,Full-Stack Developer,0,SYNTHETIC,78.3,72.6
ST01894,Student ST01894,CSE,7,6.69,71.9,66.3,0,3.0,4.9,5.1,6.3,3.8,4.3,3.5,1.9,3,3,1,0,1,7.4,5.6,5.4,6.6,6.7,5.8,0,0,Cloud/DevOps Engineer,0,SYNTHETIC,84.8,67.1
ST01895,Student ST01895,ISE,7,7.78,81.3,76.7,0,4.9,4.3,3.2,4.1,2.5,4.2,1.9,1.8,2,3,1,0,0,4.8,6.4,4.1,6.1,6.7,5.4,0,0,QA Specialist,1,SYNTHETIC,80.2,71.1
ST01896,Student ST01896,ECE,8,8.42,82.9,83.9,0,6.2,5.4,8.1,9.1,6.3,5.3,3.8,5.1,1,5,2,0,1,6.7,6.5,7.1,5.7,6.1,6.7,1,0,Full-Stack Developer,1,SYNTHETIC,92.0,65.3
ST01897,Student ST01897,CSE,7,7.24,80.1,76.9,0,6.9,5.3,8.0,6.5,4.6,4.3,5.0,2.9,1,1,2,1,0,7.2,5.4,7.2,4.0,2.2,6.7,0,0,Full-Stack Developer,1,SYNTHETIC,77.8,90.7
ST01898,Student ST01898,Mechanical,7,7.72,76.6,86.9,0,4.7,4.6,3.8,5.5,1.8,2.3,2.2,1.7,3,1,1,0,1,5.4,6.8,5.2,6.8,6.3,5.1,0,0,AI/ML Engineer,1,SYNTHETIC,85.0,84.9
ST01899,Student ST01899,CSE,8,6.21,60.3,63.4,0,9.1,3.4,7.5,6.4,6.6,4.8,3.2,3.4,1,3,2,0,0,5.2,6.7,5.8,5.1,6.0,6.5,0,0,AI/ML Engineer,1,SYNTHETIC,82.3,64.6
ST01900,Student ST01900,CSE,7,6.81,70.9,70.5,0,5.2,5.6,4.0,6.4,4.5,3.7,1.0,1.0,1,2,2,0,1,7.2,3.5,6.5,6.2,5.9,5.9,1,0,Cybersecurity Specialist,0,SYNTHETIC,96.8,64.1
ST01901,Student ST01901,ISE,7,6.21,65.1,70.5,0,4.4,4.3,6.9,5.1,5.7,5.9,2.2,2.7,1,2,1,0,1,7.4,6.5,4.0,8.3,9.0,6.0,1,0,Cloud/DevOps Engineer,0,SYNTHETIC,79.9,70.0
ST01902,Student ST01902,CSE,8,8.47,76.5,87.9,0,5.9,1.0,3.6,4.5,2.6,5.8,4.0,6.0,0,1,1,0,1,6.8,8.3,5.5,4.9,5.0,4.4,1,0,Cloud/DevOps Engineer,1,SYNTHETIC,88.6,70.2
ST01903,Student ST01903,CSE,8,8.61,88.8,84.2,0,8.5,6.1,9.3,9.7,6.7,7.4,3.3,2.4,1,3,3,1,1,5.4,7.3,10.0,5.8,6.3,7.6,1,0,Full-Stack Developer,1,SYNTHETIC,78.7,68.5
ST01904,Student ST01904,CSE,8,8.48,76.8,83.9,0,7.3,6.1,6.8,5.3,4.4,4.7,2.3,5.5,0,1,2,0,0,7.6,6.0,5.0,4.8,4.7,5.1,1,0,Full-Stack Developer,1,SYNTHETIC,87.1,60.3
ST01905,Student ST01905,CSE,7,7.28,72.9,75.2,0,3.3,5.5,3.9,6.3,3.0,3.5,1.5,2.1,0,3,1,2,0,7.3,6.7,4.4,6.7,7.1,4.5,2,0,AI/ML Engineer,0,SYNTHETIC,94.9,77.9
ST01906,Student ST01906,ISE,7,5.29,55.0,61.0,0,6.6,4.0,6.7,2.4,2.2,4.0,3.8,1.3,2,3,1,0,0,4.1,6.6,4.8,6.5,6.7,4.9,0,0,Cloud/DevOps Engineer,0,SYNTHETIC,97.1,67.1
ST01907,Student ST01907,ISE,7,8.51,78.6,88.9,0,8.4,5.0,9.1,4.0,3.0,6.1,3.8,1.9,1,1,2,2,2,5.9,6.2,7.3,1.7,3.0,4.9,3,0,AI/ML Engineer,0,SYNTHETIC,75.9,61.8
ST01908,Student ST01908,CSE,8,8.12,75.2,76.7,0,2.8,5.1,6.3,6.8,3.8,3.6,3.6,2.8,2,1,1,1,1,6.3,6.2,5.8,6.7,5.2,5.4,1,0,Cybersecurity Specialist,0,SYNTHETIC,88.7,63.6
ST01909,Student ST01909,ISE,7,7.92,81.4,76.7,0,4.7,4.8,4.6,5.6,4.6,3.7,2.3,5.5,0,2,1,1,0,6.6,6.8,5.8,5.6,6.0,5.3,0,0,AI/ML Engineer,1,SYNTHETIC,75.3,66.9
ST01910,Student ST01910,ISE,8,7.67,75.3,80.1,0,5.8,5.5,4.2,4.6,2.6,2.7,2.5,2.7,4,2,1,0,0,6.4,7.3,6.8,6.5,4.3,4.2,2,0,Cybersecurity Specialist,1,SYNTHETIC,82.0,83.1
ST01911,Student ST01911,ECE,7,8.89,89.2,90.7,0,7.4,7.4,7.9,6.4,5.9,5.7,4.5,6.4,2,2,2,0,0,8.4,7.0,6.5,3.6,5.1,4.5,2,0,Full-Stack Developer,1,SYNTHETIC,90.3,71.3
ST01912,Student ST01912,CSE,8,6.97,67.9,63.3,0,3.2,4.0,5.3,1.7,2.8,1.4,2.5,2.2,1,2,1,0,0,5.4,5.1,2.5,5.9,6.1,2.9,2,0,Full-Stack Developer,0,SYNTHETIC,81.5,68.7
ST01913,Student ST01913,CSE,8,7.03,68.9,64.6,0,3.7,4.6,5.1,5.3,4.0,6.9,2.0,4.6,1,2,1,2,1,6.7,7.4,5.3,4.0,6.1,4.4,0,0,Cloud/DevOps Engineer,0,SYNTHETIC,93.5,61.6
ST01914,Student ST01914,Mechanical,8,8.15,73.4,76.0,0,3.9,4.6,4.2,8.9,5.7,4.7,6.0,5.3,1,1,2,0,0,6.5,5.9,6.1,7.8,8.0,6.2,0,1,Full-Stack Developer,1,SYNTHETIC,82.5,81.7
ST01915,Student ST01915,CSE,7,7.77,80.2,84.7,0,6.7,5.1,5.0,4.0,4.2,2.9,1.5,3.7,1,1,2,1,1,5.9,4.6,4.5,6.9,6.3,6.3,1,0,AI/ML Engineer,0,SYNTHETIC,88.2,72.8
ST01916,Student ST01916,Mechanical,8,8.77,81.0,83.6,0,5.1,5.0,3.5,4.0,4.9,5.0,3.4,4.4,2,1,1,1,0,7.7,7.1,4.5,5.2,6.2,3.8,1,0,Cybersecurity Specialist,1,SYNTHETIC,97.9,90.5
ST01917,Student ST01917,CSE,8,8.81,89.2,87.4,0,7.7,5.5,7.6,5.8,5.2,3.5,3.1,6.3,2,1,2,1,0,7.6,7.5,7.4,4.6,3.3,6.9,1,0,AI/ML Engineer,1,SYNTHETIC,89.9,73.3
ST01918,Student ST01918,ISE,8,8.07,78.3,88.5,0,4.2,5.6,6.1,2.4,2.7,4.9,5.0,4.5,3,4,1,1,0,6.8,5.6,3.7,3.8,5.3,3.2,0,0,Cloud/DevOps Engineer,0,SYNTHETIC,79.1,84.6
ST01919,Student ST01919,Mechanical,8,8.51,76.2,83.7,0,6.2,4.8,8.6,6.2,3.8,4.2,4.3,3.4,2,4,2,0,0,6.0,6.9,7.0,8.0,7.6,7.8,1,0,AI/ML Engineer,0,SYNTHETIC,75.1,66.0
ST01920,Student ST01920,Mechanical,8,7.29,71.2,82.4,0,5.5,3.7,4.4,4.7,3.8,5.4,2.0,1.5,2,3,1,0,0,3.6,5.0,5.6,6.2,4.6,6.7,2,0,AI/ML Engineer,1,SYNTHETIC,84.4,93.8
ST01921,Student ST01921,Mechanical,8,5.08,60.7,53.8,0,2.1,2.5,2.0,1.7,1.2,2.8,1.0,1.7,1,2,1,0,1,5.6,6.1,1.9,6.1,5.3,4.0,1,0,AI/ML Engineer,0,SYNTHETIC,94.3,79.9
ST01922,Student ST01922,CSE,7,7.98,72.8,76.8,0,4.2,6.1,2.6,6.9,4.9,4.6,3.6,2.9,3,3,2,1,1,6.5,8.2,6.0,6.9,6.2,6.3,0,0,QA Specialist,0,SYNTHETIC,95.4,67.9
ST01923,Student ST01923,ISE,7,7.86,78.0,81.9,0,4.5,5.6,6.2,1.1,7.1,8.4,2.1,3.9,1,1,1,1,0,6.0,5.2,2.9,7.4,8.7,4.7,2,1,QA Specialist,0,SYNTHETIC,89.5,86.8
ST01924,Student ST01924,ECE,8,6.7,63.9,59.7,0,5.7,4.8,3.4,3.8,1.4,6.7,4.4,1.1,2,3,1,0,0,7.2,6.2,4.9,6.9,6.2,5.5,0,0,Cloud/DevOps Engineer,1,SYNTHETIC,91.1,64.7
ST01925,Student ST01925,ISE,7,7.06,68.5,70.8,0,5.2,4.1,6.3,3.0,1.0,4.4,5.3,3.1,0,3,1,0,0,9.5,5.3,4.7,8.4,6.6,5.1,0,0,Full-Stack Developer,0,SYNTHETIC,90.5,75.2
ST01926,Student ST01926,CSE,7,9.45,90.1,97.0,0,5.9,6.4,6.8,4.8,4.1,3.2,3.0,2.4,2,4,2,0,0,7.4,6.4,6.2,5.7,5.9,3.7,0,0,QA Specialist,1,SYNTHETIC,80.4,84.0
ST01927,Student ST01927,Mechanical,8,7.87,83.1,79.9,0,6.4,5.1,6.4,4.4,7.8,5.5,1.3,2.7,0,1,2,0,0,5.1,6.2,5.6,7.5,8.2,5.8,1,1,Cybersecurity Specialist,0,SYNTHETIC,83.7,94.8
ST01928,Student ST01928,ISE,7,5.0,61.6,54.1,0,4.6,2.5,3.9,3.4,1.0,1.4,1.5,1.5,0,1,1,0,1,6.2,5.5,3.5,7.0,7.9,5.4,1,0,Data Analyst,0,SYNTHETIC,89.4,82.3
ST01929,Student ST01929,CSE,7,8.03,82.3,80.4,0,4.3,4.0,4.8,2.8,2.2,4.9,1.0,1.8,0,2,1,1,0,5.9,7.9,2.4,6.1,5.1,5.0,1,0,Cloud/DevOps Engineer,1,SYNTHETIC,88.2,92.7
ST01930,Student ST01930,ECE,8,8.14,84.6,77.1,0,6.7,6.8,6.0,5.0,3.0,1.0,3.0,7.3,2,2,2,0,0,6.6,6.8,6.6,7.6,5.9,6.3,0,0,Cybersecurity Specialist,1,SYNTHETIC,86.4,93.4
ST01931,Student ST01931,Mechanical,8,7.85,79.0,73.9,0,7.2,4.8,4.8,5.3,3.7,4.5,5.4,3.6,2,3,2,0,0,6.5,5.6,6.3,3.3,4.5,2.9,0,0,Full-Stack Developer,1,SYNTHETIC,94.6,78.7
ST01932,Student ST01932,CSE,7,7.54,75.7,77.1,0,4.2,4.9,4.7,5.7,2.1,5.5,3.7,2.7,1,5,1,2,0,6.3,6.9,4.1,5.2,5.1,4.0,1,0,Cloud/DevOps Engineer,1,SYNTHETIC,75.9,88.1
ST01933,Student ST01933,CSE,8,7.3,77.0,68.7,0,5.8,2.6,4.0,6.1,2.3,1.4,2.0,5.1,0,3,2,0,0,4.2,6.2,5.5,4.9,4.1,6.0,1,0,Full-Stack Developer,0,SYNTHETIC,93.3,67.1
ST01934,Student ST01934,ECE,7,6.73,63.1,68.6,0,3.9,3.5,3.1,3.8,3.9,3.1,1.1,2.5,0,3,1,1,1,5.3,7.5,3.6,7.2,8.9,7.1,1,0,Cloud/DevOps Engineer,0,SYNTHETIC,90.4,64.9
ST01935,Student ST01935,ISE,8,7.89,82.5,73.6,0,3.6,5.1,5.1,5.1,1.5,4.2,1.8,1.6,0,2,1,0,0,6.1,7.3,3.4,4.2,5.1,3.4,2,0,Full-Stack Developer,0,SYNTHETIC,96.6,78.9
ST01936,Student ST01936,ISE,7,6.85,67.7,73.2,0,5.8,4.8,4.7,4.5,3.8,4.6,1.6,2.5,0,1,1,0,0,5.1,3.0,6.6,5.1,4.2,6.4,0,0,Cloud/DevOps Engineer,0,SYNTHETIC,83.8,62.5
ST01937,Student ST01937,CSE,7,6.37,63.7,70.3,0,4.3,4.4,6.7,2.6,1.0,1.0,3.2,2.5,3,1,1,0,0,5.9,5.3,2.2,6.9,6.8,5.3,0,0,Data Analyst,0,SYNTHETIC,92.3,77.5
ST01938,Student ST01938,CSE,8,8.66,85.2,84.9,0,5.9,6.4,5.5,5.4,3.1,5.6,1.2,1.2,3,6,2,0,0,6.9,7.6,6.4,6.0,7.4,5.2,0,0,QA Specialist,1,SYNTHETIC,84.1,66.6
ST01939,Student ST01939,ISE,8,8.66,94.6,80.3,0,5.2,8.8,10.0,6.5,7.5,6.3,4.1,2.7,1,3,2,0,0,7.2,10.0,6.9,7.3,6.6,6.7,0,0,QA Specialist,1,SYNTHETIC,96.3,76.4
ST01940,Student ST01940,CSE,8,7.43,77.1,84.4,0,4.7,4.2,5.5,5.4,3.8,2.6,1.0,1.5,5,4,1,2,1,5.9,7.8,5.2,7.4,5.9,6.5,0,1,QA Specialist,1,SYNTHETIC,93.2,62.4
ST01941,Student ST01941,CSE,7,7.83,85.4,76.2,0,8.6,6.8,6.3,5.4,2.8,4.8,2.5,3.0,2,3,2,0,1,6.2,6.3,7.8,6.0,5.4,6.6,0,0,Cybersecurity Specialist,1,SYNTHETIC,82.5,83.9
ST01942,Student ST01942,ECE,7,7.93,79.5,85.8,0,4.2,6.6,5.0,8.1,3.3,6.7,5.9,1.0,2,2,2,0,0,5.3,7.5,6.5,4.2,5.5,6.5,2,0,Cloud/DevOps Engineer,1,SYNTHETIC,80.7,86.6
ST01943,Student ST01943,CSE,8,6.66,69.1,77.7,0,6.4,5.3,6.5,6.0,4.3,3.9,2.3,3.8,1,4,2,0,2,7.4,7.0,6.2,6.1,6.4,6.7,0,0,Data Analyst,1,SYNTHETIC,78.3,66.3
ST01944,Student ST01944,ISE,7,6.27,68.4,64.0,0,5.8,2.8,4.4,2.1,2.2,5.5,1.0,2.7,2,2,1,0,0,4.7,4.7,3.2,9.5,9.8,6.6,1,1,Data Analyst,1,SYNTHETIC,90.0,80.4
ST01945,Student ST01945,CSE,7,7.93,85.2,76.4,0,3.6,5.0,1.9,6.6,2.7,5.3,1.0,4.3,2,6,1,0,0,6.6,6.1,4.8,5.4,4.9,4.6,1,0,QA Specialist,1,SYNTHETIC,88.4,61.9
ST01946,Student ST01946,CSE,8,9.47,93.5,96.0,0,7.7,5.0,7.2,7.7,6.5,5.6,3.6,1.5,2,5,2,0,1,7.9,9.6,8.8,4.8,4.1,7.5,1,0,Data Analyst,1,SYNTHETIC,88.1,86.2
ST01947,Student ST01947,CSE,8,8.38,84.1,82.5,0,4.7,3.5,6.2,1.0,2.3,5.6,5.6,4.1,2,4,1,1,0,7.0,6.7,2.4,5.5,4.8,3.9,0,0,Cloud/DevOps Engineer,1,SYNTHETIC,77.3,83.4
ST01948,Student ST01948,CSE,7,7.96,72.5,83.3,0,4.5,6.9,5.0,6.3,3.4,6.5,3.6,3.5,0,5,2,0,1,7.2,5.7,5.9,7.7,6.2,5.1,0,0,QA Specialist,1,SYNTHETIC,79.0,69.5
ST01949,Student ST01949,ECE,7,8.03,84.2,84.1,0,7.6,4.7,7.6,7.0,4.1,5.3,5.2,4.3,0,2,2,1,0,6.0,6.3,7.0,4.0,2.9,5.9,0,0,Full-Stack Developer,1,SYNTHETIC,95.6,91.9
ST01950,Student ST01950,CSE,7,6.54,80.1,62.1,0,3.9,3.5,3.5,6.4,5.1,3.5,4.4,1.1,1,2,1,0,1,4.8,5.2,5.4,6.3,5.1,7.4,0,0,QA Specialist,0,SYNTHETIC,97.2,86.2
ST01951,Student ST01951,CSE,7,7.47,75.4,76.0,0,4.8,6.1,6.5,5.9,6.1,5.2,4.1,1.7,0,1,2,1,0,8.6,6.5,5.0,6.5,7.3,6.8,2,0,Data Analyst,1,SYNTHETIC,97.5,94.3
ST01952,Student ST01952,ISE,7,6.67,73.9,69.8,0,2.3,4.9,2.2,4.9,4.7,5.0,1.4,3.3,3,1,1,0,1,6.4,6.8,3.9,9.7,8.8,6.6,0,1,Full-Stack Developer,1,SYNTHETIC,84.8,61.9
ST01953,Student ST01953,ECE,7,6.89,69.5,70.8,0,3.4,4.2,3.4,3.9,4.4,4.4,1.0,1.1,0,1,1,2,1,5.7,5.5,4.3,6.6,5.9,4.5,1,0,Cloud/DevOps Engineer,0,SYNTHETIC,91.8,79.2
ST01954,Student ST01954,ECE,8,7.95,76.0,72.5,0,3.1,3.9,5.3,3.1,4.6,3.7,4.3,1.4,0,1,1,0,1,7.2,6.8,4.0,3.6,4.0,3.3,1,0,Cybersecurity Specialist,1,SYNTHETIC,77.6,76.5
ST01955,Student ST01955,ECE,7,5.98,66.4,66.2,0,8.0,3.4,5.6,5.9,5.3,6.7,2.0,2.3,1,2,2,0,1,7.3,6.1,5.4,4.4,5.6,6.3,1,0,Cloud/DevOps Engineer,0,SYNTHETIC,84.5,77.9
ST01956,Student ST01956,CSE,7,5.3,58.3,65.6,0,5.6,3.4,3.6,5.9,2.4,3.3,3.1,3.0,1,3,2,0,1,3.2,4.6,5.5,7.7,6.5,6.3,0,0,Cybersecurity Specialist,0,SYNTHETIC,97.2,93.5
ST01957,Student ST01957,CSE,7,7.39,75.5,75.7,0,8.0,6.4,7.4,6.9,6.6,5.8,5.5,7.1,0,4,2,2,0,6.0,6.5,6.9,6.1,5.3,6.9,0,0,Cloud/DevOps Engineer,0,SYNTHETIC,78.8,67.7
ST01958,Student ST01958,CSE,7,6.9,65.9,70.9,0,5.4,3.4,4.7,4.5,1.0,3.2,5.0,1.0,2,3,1,1,1,8.6,5.7,4.6,5.9,3.5,6.5,0,0,Data Analyst,1,SYNTHETIC,87.5,63.8
ST01959,Student ST01959,Mechanical,7,5.78,59.0,56.7,0,4.3,3.4,6.0,4.9,1.0,4.5,3.1,2.3,2,1,1,0,0,4.9,5.5,4.4,5.7,4.1,5.2,0,0,QA Specialist,1,SYNTHETIC,90.6,60.2
ST01960,Student ST01960,CSE,7,7.38,75.9,71.8,0,5.2,3.4,6.0,4.1,6.2,7.4,2.0,2.4,1,3,1,1,0,6.0,7.2,4.6,6.7,6.8,4.4,0,0,AI/ML Engineer,1,SYNTHETIC,94.4,82.0
ST01961,Student ST01961,ISE,7,7.37,72.1,77.8,0,3.7,5.5,5.8,2.9,2.8,6.8,1.0,2.2,1,1,1,0,0,6.3,7.0,3.8,6.8,6.7,3.5,1,0,Cybersecurity Specialist,1,SYNTHETIC,84.4,72.9
ST01962,Student ST01962,ISE,8,8.89,81.6,86.5,0,7.5,6.0,6.9,5.8,6.8,4.0,4.2,5.1,3,2,2,1,1,7.4,7.5,7.9,5.9,8.2,7.2,2,0,Data Analyst,1,SYNTHETIC,83.0,70.6
ST01963,Student ST01963,Mechanical,8,8.16,85.0,75.6,0,6.2,5.1,6.2,7.5,5.4,5.9,4.6,1.9,1,2,2,1,1,6.3,6.8,7.9,4.4,5.5,5.4,1,0,Cloud/DevOps Engineer,1,SYNTHETIC,95.5,65.9
ST01964,Student ST01964,Mechanical,8,6.59,78.7,69.0,0,4.0,2.8,6.3,4.2,3.7,2.8,4.1,2.1,2,2,1,0,1,5.9,6.4,3.2,10.0,9.8,7.1,0,0,AI/ML Engineer,1,SYNTHETIC,96.5,91.0
ST01965,Student ST01965,ECE,8,8.64,85.8,83.4,0,4.6,6.8,8.2,6.5,6.2,6.1,1.4,5.5,0,2,2,1,0,8.8,6.1,6.9,6.9,6.8,6.5,0,0,QA Specialist,1,SYNTHETIC,87.6,84.0
ST01966,Student ST01966,CSE,8,6.01,64.6,58.3,0,4.3,1.8,2.7,4.3,2.7,3.6,4.5,1.0,2,1,1,0,0,6.2,5.9,4.2,6.4,6.7,5.8,0,0,Cloud/DevOps Engineer,0,SYNTHETIC,91.6,88.9
ST01967,Student ST01967,ECE,7,8.11,79.3,80.7,0,5.9,3.6,4.6,3.5,3.8,4.0,3.7,1.8,1,4,1,2,0,7.1,8.5,3.1,6.2,5.0,6.1,0,0,Full-Stack Developer,1,SYNTHETIC,95.6,63.1
ST01968,Student ST01968,Mechanical,8,5.94,74.4,68.1,0,2.8,2.1,6.2,1.0,1.0,1.7,1.0,1.7,1,1,1,0,0,6.3,3.8,1.2,5.7,5.2,3.2,1,0,Full-Stack Developer,0,SYNTHETIC,87.7,75.0
ST01969,Student ST01969,CSE,8,7.32,85.5,76.6,0,4.4,4.5,6.6,4.9,2.8,7.2,4.0,4.2,2,3,1,1,1,5.0,8.0,5.7,7.5,8.3,4.6,2,0,Full-Stack Developer,0,SYNTHETIC,95.0,85.1
ST01970,Student ST01970,ISE,8,8.15,83.7,79.1,0,7.2,6.8,6.5,7.8,1.7,5.6,3.6,3.0,0,1,2,0,1,7.8,7.3,7.2,4.7,4.0,6.1,0,0,QA Specialist,0,SYNTHETIC,98.0,81.0
ST01971,Student ST01971,ECE,8,9.01,88.0,88.6,0,8.5,7.9,7.0,7.4,5.0,6.9,5.4,3.2,1,2,2,0,2,6.1,7.4,7.5,8.3,9.2,8.4,1,1,AI/ML Engineer,1,SYNTHETIC,91.8,60.5
ST01972,Student ST01972,CSE,7,8.55,82.0,85.8,0,6.9,6.2,6.4,10.0,5.2,4.5,3.4,6.4,0,1,2,0,0,7.2,7.9,9.4,6.5,5.7,7.6,0,0,Full-Stack Developer,1,SYNTHETIC,88.3,79.2
ST01973,Student ST01973,ISE,7,7.84,76.5,74.8,0,7.8,6.2,7.7,5.9,3.7,5.8,1.0,2.9,1,1,2,0,0,5.4,6.2,5.3,7.3,8.1,5.9,2,1,Full-Stack Developer,1,SYNTHETIC,98.4,85.4
ST01974,Student ST01974,ECE,8,9.11,92.4,84.6,0,2.8,5.8,4.2,5.9,2.7,4.7,4.1,1.5,0,3,1,0,1,5.9,6.8,5.1,9.4,10.0,6.0,1,1,Data Analyst,1,SYNTHETIC,80.6,89.4
ST01975,Student ST01975,ISE,8,7.53,71.0,79.8,0,8.2,7.7,6.2,7.5,6.5,6.8,5.4,3.9,1,4,2,1,1,5.0,5.8,8.7,5.6,5.4,6.6,0,0,Data Analyst,1,SYNTHETIC,96.0,74.5
ST01976,Student ST01976,Mechanical,7,6.41,72.0,61.7,0,3.7,3.4,4.4,1.8,2.8,1.0,1.0,4.5,2,3,1,0,0,4.9,7.0,3.1,5.9,6.5,4.9,1,0,Cybersecurity Specialist,0,SYNTHETIC,98.1,86.3
ST01977,Student ST01977,Mechanical,8,6.32,67.9,65.9,0,4.9,4.9,5.0,3.9,3.7,5.4,2.7,1.9,0,1,1,1,0,6.1,6.5,4.6,4.9,6.0,4.4,1,0,Cloud/DevOps Engineer,0,SYNTHETIC,97.2,90.9
ST01978,Student ST01978,ISE,8,7.63,87.3,79.0,0,7.2,2.6,4.6,4.1,3.4,4.8,3.7,3.3,4,5,2,0,1,5.9,7.1,5.1,6.3,5.8,6.1,1,0,Cloud/DevOps Engineer,1,SYNTHETIC,79.0,87.9
ST01979,Student ST01979,CSE,8,6.95,66.0,63.2,0,5.2,3.8,6.3,4.5,3.8,3.2,4.5,3.3,0,3,1,2,0,7.6,8.8,4.3,9.3,8.0,7.6,0,0,AI/ML Engineer,1,SYNTHETIC,75.8,71.4
ST01980,Student ST01980,Mechanical,7,9.26,87.3,87.5,0,5.1,6.8,7.4,7.6,5.5,8.7,3.2,3.1,2,4,2,1,0,6.6,7.0,6.3,5.1,4.8,5.8,1,0,Full-Stack Developer,1,SYNTHETIC,98.8,92.8
ST01981,Student ST01981,Mechanical,7,8.39,82.4,86.7,0,2.8,5.4,3.8,4.4,1.0,3.3,1.0,1.3,3,1,1,1,0,7.8,4.8,3.6,6.0,5.2,3.8,1,0,Full-Stack Developer,0,SYNTHETIC,76.1,80.6
ST01982,Student ST01982,ECE,7,7.51,77.5,75.2,0,5.2,1.3,5.6,6.5,3.9,5.3,3.1,2.9,0,1,2,1,1,6.6,5.1,6.8,7.5,7.5,6.4,0,0,Full-Stack Developer,1,SYNTHETIC,95.9,71.3
ST01983,Student ST01983,CSE,8,6.91,77.1,68.3,0,3.7,5.2,3.5,4.4,1.3,4.8,3.8,2.8,1,1,1,1,0,6.7,5.7,4.4,7.8,9.0,5.7,0,0,Full-Stack Developer,1,SYNTHETIC,76.5,84.1
ST01984,Student ST01984,ISE,8,7.26,65.3,75.1,0,5.8,7.7,5.2,5.0,3.3,3.5,6.1,4.3,0,3,2,1,2,5.3,5.3,4.5,6.0,7.7,5.4,0,0,QA Specialist,1,SYNTHETIC,80.6,79.2
ST01985,Student ST01985,ECE,8,7.35,73.9,66.0,0,6.6,4.7,5.3,4.5,4.3,4.4,3.1,1.8,2,2,2,0,0,5.0,7.3,4.5,6.9,7.5,6.3,0,0,Cybersecurity Specialist,1,SYNTHETIC,87.1,94.4
ST01986,Student ST01986,ECE,8,7.03,70.2,76.0,0,5.3,8.4,3.6,3.7,1.0,2.0,5.9,2.0,1,2,1,1,0,5.6,5.1,4.0,6.4,5.8,6.0,1,0,Data Analyst,0,SYNTHETIC,83.8,60.1
ST01987,Student ST01987,Mechanical,7,7.21,68.3,68.3,0,4.9,4.8,6.1,2.3,3.5,4.7,2.2,2.7,1,6,1,1,0,4.9,5.7,3.0,7.7,7.2,5.3,1,1,AI/ML Engineer,0,SYNTHETIC,80.8,63.3
ST01988,Student ST01988,ISE,7,6.71,67.4,71.1,0,7.3,4.9,5.2,5.7,3.0,3.8,3.8,2.3,1,1,2,0,0,7.0,5.3,6.1,4.3,3.4,6.6,2,0,AI/ML Engineer,0,SYNTHETIC,85.6,75.1
ST01989,Student ST01989,CSE,7,7.46,64.9,79.5,0,5.2,7.7,6.3,6.8,3.7,6.8,2.0,1.7,1,1,2,1,0,8.0,5.2,5.9,3.8,4.9,5.1,1,0,Full-Stack Developer,0,SYNTHETIC,84.9,83.0
ST01990,Student ST01990,CSE,7,8.45,85.4,80.1,0,6.0,5.1,4.8,7.7,3.8,4.2,1.7,2.2,1,1,2,2,1,6.4,5.1,5.6,6.0,4.0,6.3,0,0,Data Analyst,1,SYNTHETIC,85.8,76.9
ST01991,Student ST01991,ISE,8,8.97,79.5,85.3,0,7.5,4.7,8.5,8.2,4.6,5.9,3.0,4.3,0,3,2,1,0,10.0,6.2,8.9,5.0,5.4,4.6,1,0,QA Specialist,1,SYNTHETIC,82.7,78.3
ST01992,Student ST01992,ISE,8,6.99,77.3,75.4,0,8.5,3.2,5.4,5.6,2.9,5.1,5.5,3.3,1,5,2,0,0,5.8,5.7,5.7,6.6,5.3,7.9,0,0,QA Specialist,0,SYNTHETIC,93.3,79.9
ST01993,Student ST01993,CSE,8,6.93,75.3,69.3,1,5.8,3.8,5.3,5.8,3.8,3.8,1.8,4.5,1,5,2,0,0,5.7,7.1,7.4,7.6,7.4,5.8,0,0,Cloud/DevOps Engineer,0,SYNTHETIC,80.0,68.8
ST01994,Student ST01994,CSE,8,7.91,79.9,74.4,0,7.0,3.6,6.3,6.9,4.4,1.3,4.2,4.8,1,4,2,0,0,7.6,7.3,6.2,7.0,6.0,6.6,2,1,Cloud/DevOps Engineer,1,SYNTHETIC,94.5,68.5
ST01995,Student ST01995,ISE,8,9.07,88.7,82.1,0,6.6,7.3,6.2,7.5,5.5,5.1,5.3,5.0,0,1,2,1,0,8.0,6.6,8.8,5.4,4.7,7.2,0,0,Data Analyst,1,SYNTHETIC,82.8,93.5
ST01996,Student ST01996,ISE,7,10.0,94.3,94.2,0,6.2,8.4,5.7,6.1,4.6,4.9,6.2,2.2,0,3,2,1,0,6.8,9.2,6.2,4.2,6.1,4.9,0,0,AI/ML Engineer,1,SYNTHETIC,94.7,62.0
ST01997,Student ST01997,CSE,7,9.19,88.6,92.1,0,5.7,8.0,5.8,6.9,4.8,5.9,4.9,4.3,0,2,2,0,0,7.5,6.6,7.1,3.5,3.9,5.4,1,0,AI/ML Engineer,1,SYNTHETIC,98.8,78.5
ST01998,Student ST01998,CSE,7,6.18,65.1,63.7,0,2.2,6.2,3.2,3.6,1.0,1.7,1.0,4.5,1,1,1,0,0,4.8,5.3,2.2,7.5,8.6,5.7,0,1,Full-Stack Developer,0,SYNTHETIC,85.8,80.4
ST01999,Student ST01999,Mechanical,8,8.61,91.6,88.8,0,3.7,5.9,6.7,6.2,4.8,4.1,3.1,1.0,0,3,1,0,0,8.7,7.1,4.8,7.1,6.3,4.9,0,0,Full-Stack Developer,1,SYNTHETIC,77.2,68.5
ST02000,Student ST02000,CSE,7,8.85,80.2,82.9,0,9.2,5.5,8.2,5.1,4.2,5.9,3.3,3.3,1,1,2,0,0,7.1,7.1,8.5,5.9,5.6,7.7,0,0,AI/ML Engineer,1,SYNTHETIC,97.8,91.7
ST02001,Student ST02001,ISE,8,8.11,77.0,85.9,0,7.3,7.8,8.4,6.7,6.0,4.3,5.4,4.5,2,3,2,1,0,7.7,7.0,7.0,7.4,7.7,7.9,0,0,AI/ML Engineer,1,SYNTHETIC,76.5,86.2
ST02002,Student ST02002,CSE,8,7.8,71.3,83.3,0,6.7,5.9,5.3,6.0,3.7,5.2,4.4,3.3,0,5,2,1,1,5.5,6.7,6.5,4.4,3.2,6.2,0,0,Cybersecurity Specialist,1,SYNTHETIC,88.2,89.4
ST02003,Student ST02003,Mechanical,7,8.03,76.3,82.2,0,5.9,4.8,5.5,5.5,3.0,7.7,1.9,3.8,2,3,2,0,0,8.9,6.7,6.4,6.5,6.6,6.5,0,0,Data Analyst,1,SYNTHETIC,82.0,71.8
ST02004,Student ST02004,CSE,7,7.39,75.2,77.4,0,6.3,6.4,3.9,5.9,5.7,7.8,5.3,3.6,2,3,2,0,0,4.4,8.0,6.5,5.3,5.8,5.7,1,0,Full-Stack Developer,1,SYNTHETIC,78.1,73.6
ST02005,Student ST02005,ECE,7,7.42,72.5,70.9,0,5.0,7.6,5.3,3.8,4.9,4.6,1.4,3.8,1,6,1,0,1,5.0,6.0,4.1,5.8,5.0,3.9,0,0,Full-Stack Developer,1,SYNTHETIC,78.5,89.5
ST02006,Student ST02006,Mechanical,8,7.79,71.9,77.7,0,3.8,3.8,4.5,4.7,1.2,3.2,6.0,2.2,1,3,1,0,0,7.0,4.9,3.4,5.1,6.7,4.8,1,0,AI/ML Engineer,1,SYNTHETIC,87.6,87.2
ST02007,Student ST02007,Mechanical,8,7.86,78.9,70.5,0,5.1,1.7,5.0,4.9,5.3,4.8,2.5,1.2,1,3,1,0,0,6.8,8.3,4.8,6.3,5.2,4.7,0,0,Cloud/DevOps Engineer,1,SYNTHETIC,84.3,92.9
ST02008,Student ST02008,ISE,7,8.26,86.6,74.4,0,5.0,3.6,4.7,3.2,2.9,3.2,3.7,4.2,2,5,1,0,0,7.7,7.0,3.3,8.4,7.4,7.0,1,0,Cloud/DevOps Engineer,1,SYNTHETIC,78.8,87.4
ST02009,Student ST02009,ISE,8,6.11,64.1,61.0,0,2.8,1.0,2.4,2.6,1.4,3.5,3.6,4.4,0,1,1,0,0,7.4,5.3,3.6,3.2,3.5,4.2,0,0,Full-Stack Developer,0,SYNTHETIC,92.5,87.5
ST02010,Student ST02010,Mechanical,7,5.04,55.0,58.3,0,2.9,3.4,3.4,3.1,1.0,1.0,4.0,1.0,0,1,1,0,1,6.7,5.2,2.4,5.5,6.2,4.8,1,0,Cybersecurity Specialist,0,SYNTHETIC,97.9,90.2
ST02011,Student ST02011,CSE,8,6.42,63.6,68.5,0,6.6,4.7,7.0,6.0,5.4,2.3,2.7,5.3,1,1,2,1,0,6.3,6.4,4.7,5.9,6.4,4.2,0,0,Data Analyst,1,SYNTHETIC,85.1,67.1
ST02012,Student ST02012,CSE,8,8.21,87.9,81.5,0,5.3,3.3,5.0,2.9,2.2,7.2,4.7,1.7,1,3,1,1,0,6.6,7.7,3.6,5.2,5.1,4.0,1,0,AI/ML Engineer,1,SYNTHETIC,88.5,71.2
ST02013,Student ST02013,ECE,8,7.26,70.4,75.0,0,6.7,3.4,4.7,6.4,3.2,5.2,5.0,3.7,0,1,2,0,0,6.7,6.1,6.2,3.8,3.4,5.0,0,0,Cybersecurity Specialist,1,SYNTHETIC,94.0,76.7
ST02014,Student ST02014,ECE,8,5.2,59.0,56.3,0,4.0,3.0,3.1,1.8,3.0,6.7,1.0,2.7,2,5,1,0,0,5.7,6.2,3.2,5.5,6.4,3.2,1,0,Full-Stack Developer,0,SYNTHETIC,85.0,65.8
ST02015,Student ST02015,Mechanical,8,7.79,74.2,77.6,0,4.0,5.4,3.5,2.5,3.5,2.8,6.3,2.6,1,2,1,0,0,6.8,6.9,3.8,6.3,9.2,5.4,2,0,AI/ML Engineer,1,SYNTHETIC,97.7,68.1
ST02016,Student ST02016,ISE,8,8.84,87.6,83.9,0,7.6,7.8,7.9,7.1,5.2,6.9,2.2,6.0,0,3,2,0,0,7.8,9.0,8.9,3.7,4.5,5.4,0,0,AI/ML Engineer,1,SYNTHETIC,90.5,73.7
ST02017,Student ST02017,CSE,7,7.27,73.0,72.4,0,3.7,2.2,4.0,5.5,5.2,2.7,1.4,1.4,1,1,1,1,0,4.0,5.8,5.1,6.2,7.5,4.0,0,0,Cloud/DevOps Engineer,1,SYNTHETIC,96.3,88.2
ST02018,Student ST02018,CSE,7,6.06,63.8,56.8,0,3.7,3.8,2.5,3.2,3.6,2.0,1.0,2.7,0,1,1,1,1,5.3,6.3,2.4,6.3,6.0,5.9,0,0,Data Analyst,0,SYNTHETIC,95.6,85.9
ST02019,Student ST02019,ISE,8,7.31,75.9,83.0,0,1.8,2.6,5.9,3.7,6.4,4.9,1.8,1.3,1,1,1,2,0,7.9,5.6,3.5,4.1,3.9,4.0,1,0,Data Analyst,1,SYNTHETIC,83.2,86.6
ST02020,Student ST02020,ECE,7,7.49,75.9,77.1,0,4.2,6.4,4.5,6.9,6.4,4.3,2.2,5.7,0,2,2,0,1,7.2,6.1,5.8,8.8,9.5,6.6,0,0,Data Analyst,1,SYNTHETIC,90.9,60.7
ST02021,Student ST02021,CSE,7,5.41,58.6,59.1,0,5.1,5.4,3.4,4.4,5.0,3.4,4.0,1.1,0,1,1,0,0,3.2,6.8,3.7,5.1,5.6,5.4,0,0,AI/ML Engineer,0,SYNTHETIC,84.2,82.3
ST02022,Student ST02022,CSE,8,9.33,93.9,94.5,0,5.1,3.5,4.7,6.8,4.8,6.2,4.1,3.4,1,2,2,3,0,6.7,5.9,5.9,3.9,3.6,4.6,0,0,Cybersecurity Specialist,1,SYNTHETIC,86.8,70.4
ST02023,Student ST02023,ECE,8,6.3,74.7,64.1,0,5.0,5.7,3.0,4.9,4.2,3.9,2.8,1.5,1,3,1,0,0,7.3,6.2,3.7,7.1,6.2,5.4,1,1,Cybersecurity Specialist,0,SYNTHETIC,87.2,68.7
ST02024,Student ST02024,ISE,8,9.39,87.4,90.2,0,6.9,4.3,4.4,7.1,4.6,3.7,3.8,1.5,2,1,2,1,1,7.1,6.2,7.3,5.7,5.7,6.3,0,0,Full-Stack Developer,1,SYNTHETIC,94.4,82.0
ST02025,Student ST02025,ISE,8,6.5,60.5,63.3,0,4.9,6.1,5.2,7.2,1.2,1.1,5.1,1.6,2,2,2,0,0,6.6,6.7,6.1,5.4,5.7,4.6,0,0,QA Specialist,0,SYNTHETIC,91.3,91.9
ST02026,Student ST02026,CSE,8,9.23,86.7,90.0,0,6.1,4.8,8.3,8.4,6.2,7.3,4.7,4.3,4,4,2,1,1,6.6,6.5,7.6,7.7,8.6,9.0,0,0,AI/ML Engineer,1,SYNTHETIC,80.8,93.2
ST02027,Student ST02027,CSE,7,6.94,72.0,73.2,0,2.7,2.5,3.4,3.0,3.7,3.6,1.0,1.5,0,5,1,1,0,6.5,6.2,3.6,6.2,7.6,3.3,0,0,Cloud/DevOps Engineer,1,SYNTHETIC,90.9,69.7
ST02028,Student ST02028,CSE,7,6.95,76.8,76.8,0,6.4,3.4,5.4,4.2,2.4,4.9,1.9,1.5,0,1,2,1,0,5.3,7.3,5.9,7.0,7.2,4.8,0,0,AI/ML Engineer,1,SYNTHETIC,81.7,66.4
ST02029,Student ST02029,CSE,8,7.37,71.4,72.6,0,6.1,4.1,4.5,6.8,2.7,3.6,1.0,4.6,2,3,2,1,1,6.5,6.8,6.4,5.1,5.1,6.0,0,0,Data Analyst,1,SYNTHETIC,94.9,66.9
ST02030,Student ST02030,Mechanical,7,6.45,68.6,65.9,0,2.0,3.5,5.1,1.3,3.6,3.4,3.3,1.4,2,5,1,0,0,5.8,6.4,1.7,5.2,5.4,3.8,0,0,QA Specialist,0,SYNTHETIC,75.3,85.4
ST02031,Student ST02031,ISE,8,6.93,73.5,73.1,0,3.5,4.5,5.0,6.0,2.3,3.8,5.3,2.3,2,2,1,0,1,5.4,6.0,5.6,6.2,5.1,4.8,0,0,Full-Stack Developer,1,SYNTHETIC,77.6,91.8
ST02032,Student ST02032,Mechanical,7,6.5,60.9,74.1,0,3.7,3.0,4.0,1.8,2.2,4.8,1.8,3.3,3,2,1,0,1,6.8,6.1,2.6,4.7,5.6,3.6,0,0,Full-Stack Developer,0,SYNTHETIC,84.6,78.2
ST02033,Student ST02033,CSE,7,7.29,68.9,68.3,0,4.6,6.3,4.2,4.2,5.3,4.0,2.2,4.0,2,4,1,0,0,6.9,7.4,4.1,4.9,3.5,4.6,0,0,QA Specialist,0,SYNTHETIC,90.4,62.0
ST02034,Student ST02034,ECE,8,8.28,79.4,89.0,0,4.0,6.2,5.0,5.2,2.8,3.9,3.7,4.7,2,2,1,0,0,5.7,5.7,5.5,3.6,4.1,3.2,0,0,Full-Stack Developer,0,SYNTHETIC,97.3,60.9
ST02035,Student ST02035,CSE,7,7.5,79.3,71.4,0,5.0,2.3,6.5,4.8,6.4,5.7,3.7,3.8,2,2,1,1,1,6.9,6.4,6.3,6.2,6.0,5.3,0,0,Cybersecurity Specialist,1,SYNTHETIC,93.7,90.7
ST02036,Student ST02036,ECE,7,8.15,79.8,91.6,0,4.4,1.7,6.3,1.1,3.1,3.5,1.1,3.0,2,3,1,0,0,5.1,6.4,1.6,4.9,4.8,4.3,2,0,Full-Stack Developer,0,SYNTHETIC,97.5,78.9
ST02037,Student ST02037,ISE,7,7.18,74.0,69.5,0,3.4,4.8,3.9,5.5,1.9,2.7,3.1,2.7,1,3,1,1,0,6.5,4.5,4.8,6.1,6.3,5.1,0,0,Full-Stack Developer,1,SYNTHETIC,93.4,85.1
ST02038,Student ST02038,ECE,7,7.87,82.2,83.0,0,7.1,5.1,6.4,6.3,3.6,4.2,5.6,4.2,3,2,2,0,0,8.7,3.9,6.7,3.1,3.5,4.7,0,0,QA Specialist,1,SYNTHETIC,86.0,83.0
ST02039,Student ST02039,CSE,7,6.44,61.7,67.2,0,1.9,2.4,3.0,2.4,1.0,3.0,1.9,3.8,1,2,1,0,2,6.2,6.4,2.2,5.3,5.5,4.9,1,0,Full-Stack Developer,1,SYNTHETIC,76.6,82.2
ST02040,Student ST02040,CSE,7,8.3,85.6,84.3,0,9.4,7.1,7.3,5.1,7.3,6.1,3.7,2.8,1,2,2,2,0,7.1,5.8,6.2,8.6,9.0,7.4,1,1,QA Specialist,1,SYNTHETIC,78.1,85.0
ST02041,Student ST02041,CSE,7,5.34,55.0,55.8,0,2.9,1.0,4.6,2.0,2.8,3.4,1.0,1.0,1,5,1,0,0,6.2,5.1,2.3,6.7,8.2,2.8,0,0,Cybersecurity Specialist,1,SYNTHETIC,81.2,72.5
ST02042,Student ST02042,ECE,7,8.05,78.7,84.2,0,5.8,7.2,6.7,5.9,4.9,5.9,2.2,6.9,3,1,2,0,0,6.3,6.9,5.7,6.6,7.0,6.6,2,0,AI/ML Engineer,1,SYNTHETIC,98.7,69.8
ST02043,Student ST02043,ECE,8,7.3,76.9,71.4,0,5.2,5.8,6.2,4.9,3.3,4.6,3.6,4.0,1,4,1,0,0,4.7,7.1,4.8,5.7,5.2,4.4,0,0,Cybersecurity Specialist,1,SYNTHETIC,84.8,78.7
ST02044,Student ST02044,ECE,8,6.67,79.4,67.3,0,4.7,6.7,4.5,2.1,4.7,2.7,1.0,4.8,1,3,1,0,0,6.1,6.8,2.5,7.4,5.3,5.1,1,0,Full-Stack Developer,0,SYNTHETIC,86.1,68.6
ST02045,Student ST02045,CSE,7,6.57,65.6,63.3,0,5.0,2.3,5.7,2.4,3.3,6.4,1.6,2.1,0,3,1,0,1,7.8,7.2,4.0,7.1,6.1,3.9,0,0,QA Specialist,1,SYNTHETIC,92.9,69.5
ST02046,Student ST02046,CSE,8,8.65,83.7,79.8,0,5.4,5.1,5.1,4.0,5.9,3.8,2.0,4.6,1,3,1,0,1,7.6,6.6,5.8,5.2,7.1,5.3,1,0,AI/ML Engineer,1,SYNTHETIC,90.9,79.9
ST02047,Student ST02047,ISE,8,8.35,85.9,84.3,0,7.5,4.9,6.2,6.8,3.3,6.6,3.6,1.6,1,1,2,0,0,7.4,4.7,7.4,6.1,7.3,5.1,1,0,Cybersecurity Specialist,1,SYNTHETIC,75.8,75.9
ST02048,Student ST02048,Mechanical,7,5.63,61.6,69.2,1,2.9,3.1,2.3,1.3,4.3,2.8,2.8,2.3,0,1,1,0,0,5.3,5.0,1.9,3.3,3.1,1.0,1,0,Cloud/DevOps Engineer,0,SYNTHETIC,81.8,73.0
ST02049,Student ST02049,CSE,8,7.93,76.5,84.0,0,3.8,4.0,4.9,7.0,1.0,2.6,5.4,1.0,0,2,2,0,0,8.7,5.4,5.5,5.8,6.5,6.5,0,0,QA Specialist,0,SYNTHETIC,87.0,69.4
ST02050,Student ST02050,ECE,8,6.19,60.0,66.4,0,6.4,7.5,3.6,6.3,5.2,4.6,4.8,7.1,0,3,2,0,0,7.3,3.6,6.5,5.7,6.0,5.5,0,0,Cloud/DevOps Engineer,1,SYNTHETIC,95.4,90.5
ST02051,Student ST02051,CSE,7,7.52,80.0,78.2,0,5.6,4.4,5.3,4.7,3.2,3.8,3.7,4.6,1,5,1,0,0,4.9,6.7,4.8,2.4,2.1,3.3,0,0,Cloud/DevOps Engineer,1,SYNTHETIC,81.3,72.4
ST02052,Student ST02052,CSE,8,8.15,75.3,86.5,0,6.5,6.4,8.8,8.8,4.6,5.8,4.2,3.1,0,1,2,2,0,6.3,9.2,7.8,7.2,7.3,7.4,2,1,QA Specialist,1,SYNTHETIC,89.5,78.1
ST02053,Student ST02053,CSE,7,10.0,94.2,93.9,0,7.9,5.2,6.5,4.2,4.3,2.9,5.6,6.1,0,6,2,1,1,5.8,8.1,5.5,6.3,5.5,6.6,0,0,Full-Stack Developer,1,SYNTHETIC,75.0,71.0
ST02054,Student ST02054,ECE,8,6.03,61.0,64.9,0,2.9,4.9,4.9,5.3,2.2,5.5,2.0,3.5,3,1,1,0,0,4.7,4.7,3.9,6.2,6.5,5.6,1,0,Cloud/DevOps Engineer,0,SYNTHETIC,97.6,74.6
ST02055,Student ST02055,CSE,8,7.13,73.9,71.6,0,6.0,4.7,6.5,3.2,2.7,5.6,3.6,1.0,0,2,1,0,1,6.5,8.0,4.1,7.7,7.6,6.1,1,1,Data Analyst,0,SYNTHETIC,97.5,73.5
ST02056,Student ST02056,Mechanical,7,8.33,86.9,84.6,0,6.5,5.7,7.0,6.8,5.0,7.0,4.2,1.7,1,4,2,1,1,7.6,8.0,6.6,8.0,7.9,8.3,0,1,Full-Stack Developer,1,SYNTHETIC,93.8,82.0
ST02057,Student ST02057,CSE,7,7.17,70.9,76.0,0,5.0,2.8,3.3,2.4,4.1,3.2,1.0,1.6,1,2,1,0,0,5.7,6.4,3.0,5.6,4.5,3.5,0,0,Cybersecurity Specialist,0,SYNTHETIC,87.5,82.1
ST02058,Student ST02058,CSE,7,7.79,70.1,78.7,0,6.6,4.7,5.0,5.1,5.6,2.5,1.0,1.0,3,1,2,0,2,4.9,5.6,5.2,6.6,6.3,4.6,0,0,Cloud/DevOps Engineer,0,SYNTHETIC,89.6,87.9
ST02059,Student ST02059,CSE,8,6.93,68.6,71.1,0,4.3,5.4,5.2,3.8,2.9,4.9,1.5,1.1,0,2,1,0,0,6.1,6.1,4.7,7.5,5.3,5.7,0,0,Cybersecurity Specialist,1,SYNTHETIC,83.0,66.4
ST02060,Student ST02060,CSE,7,7.18,73.3,78.4,0,5.7,4.9,5.3,3.8,1.0,3.1,5.2,2.0,1,3,1,2,3,9.6,7.3,3.5,2.3,3.0,3.4,0,0,AI/ML Engineer,1,SYNTHETIC,87.6,76.4
ST02061,Student ST02061,CSE,7,7.4,79.6,69.8,0,5.2,5.9,5.6,4.8,4.5,4.2,4.2,1.0,2,3,1,0,0,6.3,5.3,4.4,7.5,8.2,6.8,1,0,Data Analyst,1,SYNTHETIC,91.2,76.0
ST02062,Student ST02062,CSE,7,7.66,82.0,79.0,0,5.3,7.1,7.0,5.1,3.4,4.0,4.8,3.6,0,5,1,0,1,6.1,5.0,5.5,7.9,9.1,6.8,1,1,Cloud/DevOps Engineer,1,SYNTHETIC,75.5,64.5
ST02063,Student ST02063,CSE,7,7.9,80.4,75.2,0,6.6,9.0,6.3,8.3,6.2,5.3,5.7,2.2,0,2,2,0,1,4.4,5.3,8.5,5.0,4.5,5.9,1,0,AI/ML Engineer,1,SYNTHETIC,77.5,93.0
ST02064,Student ST02064,Mechanical,7,7.47,73.8,74.4,0,4.0,5.5,4.6,3.4,1.3,7.7,1.7,2.9,3,3,1,2,1,5.4,6.3,4.4,5.3,5.0,4.1,2,0,Cloud/DevOps Engineer,1,SYNTHETIC,79.2,67.1
ST02065,Student ST02065,ECE,7,8.07,75.5,80.2,0,6.8,4.4,4.3,6.3,2.0,4.3,3.2,4.1,1,1,2,1,1,6.1,6.3,7.1,5.9,6.9,5.0,1,0,AI/ML Engineer,1,SYNTHETIC,83.8,63.1
ST02066,Student ST02066,CSE,8,8.66,82.5,87.0,0,6.8,6.5,5.6,7.6,2.9,6.3,3.5,3.2,1,6,2,0,0,7.3,8.0,7.0,7.0,5.5,5.8,0,0,AI/ML Engineer,1,SYNTHETIC,83.4,88.6
ST02067,Student ST02067,ECE,8,7.66,81.6,78.3,0,7.0,6.5,6.7,9.6,6.6,4.1,7.6,4.8,0,3,2,2,0,6.0,5.2,9.4,6.9,6.9,8.2,1,0,QA Specialist,1,SYNTHETIC,87.5,76.4
ST02068,Student ST02068,ISE,7,5.0,58.1,55.4,0,2.8,3.1,2.2,4.2,1.0,1.0,1.0,1.0,2,6,1,0,0,4.2,5.9,4.3,4.8,5.0,4.3,1,0,Cybersecurity Specialist,0,SYNTHETIC,94.6,87.7
ST02069,Student ST02069,ECE,8,7.11,73.6,72.9,0,6.1,3.6,4.2,3.4,4.8,4.3,2.2,4.6,1,1,1,0,0,6.6,5.5,4.2,5.5,5.9,6.1,1,0,Data Analyst,0,SYNTHETIC,77.7,88.2
ST02070,Student ST02070,ECE,8,7.07,68.1,68.4,0,3.9,2.3,5.4,4.5,1.0,2.2,2.5,1.0,1,2,1,1,0,5.4,6.1,4.4,6.7,6.6,5.6,1,0,QA Specialist,1,SYNTHETIC,82.9,73.8
ST02071,Student ST02071,CSE,8,6.28,58.7,66.4,0,4.0,6.3,5.9,4.3,3.1,5.9,1.0,4.5,0,4,1,0,1,5.2,5.8,4.0,6.8,6.3,3.7,0,0,QA Specialist,0,SYNTHETIC,98.1,65.8
ST02072,Student ST02072,CSE,8,6.73,70.5,73.1,0,3.8,5.6,3.9,4.6,4.2,2.2,1.0,4.5,0,2,1,0,1,6.7,6.0,3.9,5.6,4.1,4.1,0,0,AI/ML Engineer,0,SYNTHETIC,97.8,72.1
ST02073,Student ST02073,ECE,7,9.07,87.6,90.7,0,7.4,4.4,5.8,7.0,5.2,6.2,6.1,1.0,1,3,2,2,0,7.5,7.1,7.6,6.7,6.0,7.3,2,0,Full-Stack Developer,0,SYNTHETIC,87.8,80.1
ST02074,Student ST02074,ISE,7,8.65,83.7,84.0,0,7.0,6.6,5.4,5.7,3.9,6.1,3.6,3.3,1,2,2,1,1,5.9,9.0,6.6,7.4,6.9,7.2,2,0,AI/ML Engineer,1,SYNTHETIC,82.0,86.9
ST02075,Student ST02075,ISE,7,5.26,55.0,60.1,0,3.7,2.4,4.0,4.4,2.3,5.0,3.5,1.7,4,3,1,0,2,7.2,5.6,3.5,5.6,4.6,2.9,1,0,Cloud/DevOps Engineer,0,SYNTHETIC,94.6,77.6
ST02076,Student ST02076,ISE,7,7.54,79.7,68.8,0,4.6,3.7,7.0,2.1,3.2,5.8,4.2,2.1,1,1,1,0,1,6.7,6.7,3.0,4.6,4.4,3.5,0,0,Cloud/DevOps Engineer,0,SYNTHETIC,76.3,74.9
ST02077,Student ST02077,ECE,8,6.6,65.4,66.1,0,4.6,3.2,5.2,5.3,4.0,5.0,1.8,1.9,0,1,1,0,0,5.6,4.7,4.3,7.5,7.7,5.4,1,0,QA Specialist,0,SYNTHETIC,87.6,86.4
ST02078,Student ST02078,CSE,8,7.72,77.0,77.4,0,4.6,6.5,5.6,4.7,3.1,7.6,5.7,2.0,3,5,1,2,1,7.1,5.4,4.8,9.3,8.0,7.3,0,0,QA Specialist,1,SYNTHETIC,76.2,89.8
ST02079,Student ST02079,CSE,7,7.84,65.2,78.2,0,3.9,5.1,5.3,5.1,3.6,6.1,4.8,1.0,0,1,1,0,0,9.3,8.2,4.9,6.9,7.2,5.0,2,0,AI/ML Engineer,0,SYNTHETIC,81.4,94.7
ST02080,Student ST02080,CSE,8,7.95,76.7,72.6,0,4.0,2.1,7.0,3.1,2.9,4.2,4.5,3.2,0,5,1,1,1,7.0,6.0,3.2,3.0,3.0,3.8,0,0,Cybersecurity Specialist,1,SYNTHETIC,87.4,94.8
ST02081,Student ST02081,ISE,7,6.52,65.8,70.1,0,5.2,5.7,5.6,3.8,3.7,4.5,1.0,1.0,0,2,1,0,1,5.1,8.1,4.3,6.3,7.0,6.5,1,0,Cybersecurity Specialist,0,SYNTHETIC,92.5,75.3
ST02082,Student ST02082,CSE,8,7.44,76.5,73.6,0,4.5,5.1,5.6,3.8,2.9,1.9,1.5,3.0,2,3,1,1,0,8.3,8.8,5.2,6.3,5.0,5.5,0,0,Cloud/DevOps Engineer,1,SYNTHETIC,87.7,74.7
ST02083,Student ST02083,CSE,7,6.91,69.4,69.3,0,4.8,5.7,4.3,1.9,3.2,2.3,1.1,3.7,2,1,1,0,1,5.7,7.0,2.4,5.1,6.0,4.2,0,0,Data Analyst,0,SYNTHETIC,81.1,74.7
ST02084,Student ST02084,ECE,8,7.12,75.3,67.2,0,6.9,6.2,6.8,6.0,4.6,5.2,5.1,5.3,1,1,2,0,1,5.3,5.0,7.3,7.1,8.1,7.2,0,0,AI/ML Engineer,0,SYNTHETIC,98.9,66.0
ST02085,Student ST02085,CSE,7,8.56,83.3,87.4,0,4.0,4.5,7.1,4.6,3.8,3.3,4.6,4.2,1,3,1,0,0,7.2,6.4,3.5,7.2,6.1,4.5,0,1,QA Specialist,0,SYNTHETIC,90.4,84.5
ST02086,Student ST02086,CSE,7,8.89,84.9,81.9,0,8.3,8.5,8.5,9.9,6.2,6.7,5.3,4.7,2,3,3,1,0,6.7,6.2,10.0,5.2,5.6,9.1,0,0,Full-Stack Developer,1,SYNTHETIC,78.9,65.6
ST02087,Student ST02087,CSE,7,6.91,72.6,69.2,0,7.2,5.5,5.5,4.3,3.6,2.3,5.5,1.4,1,6,2,0,1,4.9,6.6,4.5,9.0,9.1,6.5,0,0,AI/ML Engineer,1,SYNTHETIC,90.1,81.4
ST02088,Student ST02088,Mechanical,7,6.77,62.5,69.8,0,5.8,6.6,8.8,2.8,2.8,5.2,5.1,3.7,1,5,1,0,0,6.0,4.8,3.5,4.3,3.2,3.6,0,0,Data Analyst,0,SYNTHETIC,87.1,76.7
ST02089,Student ST02089,CSE,8,6.82,73.7,70.0,0,3.3,5.0,3.4,2.2,1.0,2.2,1.0,1.0,1,3,1,0,0,4.7,6.9,1.8,6.9,4.5,3.9,2,0,Full-Stack Developer,0,SYNTHETIC,79.7,67.3
ST02090,Student ST02090,Mechanical,8,9.56,92.3,89.8,0,7.9,7.3,6.6,7.3,5.0,5.5,3.7,4.0,1,1,2,0,0,6.7,7.1,8.8,6.0,6.0,8.7,0,0,AI/ML Engineer,1,SYNTHETIC,84.4,71.7
ST02091,Student ST02091,CSE,8,8.48,79.2,87.1,0,7.3,3.5,5.6,1.4,3.9,2.6,3.0,1.7,2,2,1,1,0,7.0,7.0,4.9,4.1,6.1,5.5,2,0,Cloud/DevOps Engineer,1,SYNTHETIC,77.2,65.1
ST02092,Student ST02092,ISE,8,7.9,87.3,77.9,0,5.0,9.0,5.5,6.0,2.6,4.4,5.1,3.0,2,5,2,3,0,5.7,7.0,5.6,7.0,7.7,5.3,1,0,Data Analyst,1,SYNTHETIC,90.6,61.1
ST02093,Student ST02093,ECE,7,7.48,71.8,77.4,0,4.2,5.0,5.5,6.4,5.4,4.7,1.0,4.1,2,3,2,0,0,7.4,6.9,5.1,5.2,4.8,5.5,0,0,QA Specialist,0,SYNTHETIC,92.6,65.8
ST02094,Student ST02094,CSE,8,7.36,79.8,70.0,0,5.9,5.3,3.9,6.5,3.6,6.9,2.9,4.5,0,1,2,0,0,6.2,5.8,5.6,3.6,5.1,5.0,1,0,Data Analyst,1,SYNTHETIC,97.6,68.0
ST02095,Student ST02095,CSE,7,8.19,86.1,85.3,0,6.5,3.9,8.4,4.6,6.5,5.0,5.5,4.9,3,1,2,1,1,6.5,5.4,5.1,6.8,6.4,6.1,1,0,Data Analyst,1,SYNTHETIC,84.3,78.6
ST02096,Student ST02096,ISE,8,5.84,60.9,63.9,0,4.2,5.2,5.3,4.0,2.8,2.1,2.8,3.2,1,1,1,0,0,5.3,4.7,3.8,6.6,6.6,3.8,0,0,Cybersecurity Specialist,0,SYNTHETIC,84.2,94.4
ST02097,Student ST02097,CSE,7,9.24,92.1,85.3,0,6.6,6.3,7.0,6.5,5.3,8.8,3.9,4.2,0,3,2,0,0,5.8,9.0,6.4,7.4,6.6,6.3,0,1,QA Specialist,1,SYNTHETIC,93.8,90.4
ST02098,Student ST02098,Mechanical,7,7.05,73.8,72.6,0,4.7,5.4,7.4,6.6,1.0,3.0,3.8,5.8,1,2,2,0,1,6.3,6.8,6.6,7.5,8.0,5.9,1,0,Data Analyst,1,SYNTHETIC,95.0,87.0
ST02099,Student ST02099,Mechanical,7,5.63,64.7,53.4,0,3.6,3.1,5.2,1.6,1.7,1.0,2.1,1.4,1,2,1,0,0,5.7,6.1,1.9,6.3,6.7,5.2,0,0,Full-Stack Developer,0,SYNTHETIC,80.2,75.6
ST02100,Student ST02100,CSE,7,7.98,83.6,74.7,0,7.4,4.2,7.8,5.0,3.8,3.0,1.5,2.1,2,2,2,0,1,7.1,6.4,5.4,5.5,6.4,5.8,1,0,Full-Stack Developer,1,SYNTHETIC,82.1,79.9
ST02101,Student ST02101,CSE,7,6.86,68.6,67.2,1,6.0,3.7,6.3,3.6,3.4,2.4,2.5,4.8,0,5,1,0,0,4.2,6.9,4.3,8.8,8.9,6.8,1,0,Cybersecurity Specialist,0,SYNTHETIC,98.7,70.7
ST02102,Student ST02102,CSE,7,10.0,98.0,92.0,0,5.4,5.9,7.4,7.8,5.6,3.7,4.3,4.7,4,6,2,2,2,6.8,7.5,5.9,7.3,7.9,7.4,0,0,QA Specialist,1,SYNTHETIC,75.4,90.3
ST02103,Student ST02103,ISE,7,5.51,60.8,64.9,0,5.2,3.3,6.0,3.8,3.0,4.1,1.1,4.5,0,1,1,0,1,8.7,5.1,4.0,7.7,8.1,5.6,3,0,QA Specialist,0,SYNTHETIC,83.1,68.4
ST02104,Student ST02104,Mechanical,7,7.83,75.8,75.7,0,7.0,6.2,5.7,6.9,6.2,3.9,2.3,4.7,0,2,2,2,0,6.1,5.7,6.5,5.0,4.5,6.2,0,0,Cybersecurity Specialist,1,SYNTHETIC,95.5,78.3
ST02105,Student ST02105,CSE,8,8.26,82.1,81.9,0,8.6,6.7,6.4,8.1,6.5,7.8,5.4,3.5,1,3,2,0,1,5.1,7.2,8.5,9.1,8.9,7.0,0,0,Cloud/DevOps Engineer,1,SYNTHETIC,92.5,74.8
ST02106,Student ST02106,ISE,7,7.73,74.5,83.2,0,5.6,6.4,4.9,7.4,4.6,3.9,2.8,1.1,0,5,2,0,0,5.1,6.7,6.4,6.0,5.4,5.9,1,0,AI/ML Engineer,0,SYNTHETIC,94.0,77.8
ST02107,Student ST02107,CSE,8,7.1,78.6,71.1,0,5.3,4.6,7.8,3.6,6.6,2.9,4.5,2.1,0,2,1,0,1,5.3,5.4,4.4,6.7,6.3,4.4,2,0,AI/ML Engineer,0,SYNTHETIC,78.6,85.4
ST02108,Student ST02108,CSE,7,7.89,72.4,83.4,0,8.2,5.7,5.0,9.0,4.9,5.7,6.4,3.3,3,1,2,0,0,7.6,7.4,8.7,4.9,2.3,6.5,0,0,Cloud/DevOps Engineer,1,SYNTHETIC,86.4,78.1
ST02109,Student ST02109,ECE,8,5.73,66.2,60.4,0,4.5,4.3,4.2,1.0,2.9,5.2,4.2,3.2,1,4,1,0,0,6.1,7.7,3.1,7.1,7.2,3.7,1,0,Data Analyst,1,SYNTHETIC,80.5,74.7
ST02110,Student ST02110,ISE,7,7.05,73.7,74.1,1,2.7,3.1,4.5,2.9,2.4,7.0,1.0,4.4,0,5,1,1,0,7.5,5.8,1.9,3.5,2.5,3.8,1,0,Data Analyst,0,SYNTHETIC,77.9,71.3
ST02111,Student ST02111,CSE,7,6.97,74.5,73.7,0,3.9,4.6,6.5,4.7,4.0,6.2,1.7,3.1,1,2,1,0,0,5.6,6.1,4.0,7.3,6.8,4.7,1,1,QA Specialist,1,SYNTHETIC,77.9,60.6
ST02112,Student ST02112,CSE,7,8.05,81.8,79.1,0,6.3,5.0,6.9,5.1,3.5,5.2,5.5,4.8,0,6,2,1,0,7.3,7.9,5.1,7.4,6.9,6.7,1,1,Data Analyst,1,SYNTHETIC,88.0,63.5
ST02113,Student ST02113,ECE,7,8.27,80.7,82.8,0,7.4,3.5,7.1,4.5,2.6,4.4,2.5,3.8,1,3,2,0,0,5.8,4.6,5.3,4.5,3.2,5.0,1,0,Full-Stack Developer,1,SYNTHETIC,79.7,81.8
ST02114,Student ST02114,ISE,7,6.01,66.1,62.0,0,4.7,6.7,6.9,4.7,2.9,4.7,3.5,2.6,1,4,1,0,1,5.0,6.5,3.6,5.5,6.4,4.9,1,0,Cybersecurity Specialist,1,SYNTHETIC,98.8,89.4
ST02115,Student ST02115,CSE,8,5.45,57.6,58.4,0,2.8,4.5,1.8,2.9,1.9,3.6,1.1,2.5,0,5,1,0,0,5.4,3.7,3.1,5.6,6.1,4.0,1,0,AI/ML Engineer,0,SYNTHETIC,83.5,71.9
ST02116,Student ST02116,ISE,8,7.08,71.1,65.1,0,4.7,4.5,3.0,4.9,4.2,2.5,1.4,3.8,2,1,1,0,1,6.7,5.0,4.2,4.5,6.0,4.8,0,0,Cloud/DevOps Engineer,0,SYNTHETIC,96.4,63.7
ST02117,Student ST02117,ISE,7,7.68,83.7,74.7,0,7.7,5.9,5.9,7.6,5.1,6.6,4.5,3.4,0,3,2,1,0,6.9,6.1,8.6,5.1,5.3,7.0,0,0,Cybersecurity Specialist,1,SYNTHETIC,80.2,92.9
ST02118,Student ST02118,Mechanical,7,8.12,83.1,70.7,0,5.5,8.5,4.4,4.1,4.3,3.6,7.6,4.2,0,3,1,1,0,6.2,7.7,5.1,9.3,8.0,5.6,1,1,Data Analyst,1,SYNTHETIC,93.8,90.1
ST02119,Student ST02119,ISE,7,7.61,74.5,74.7,0,5.2,6.7,8.2,5.1,3.2,6.1,4.9,3.3,0,4,1,1,0,6.9,7.3,3.3,8.7,8.9,5.3,4,0,Full-Stack Developer,1,SYNTHETIC,84.6,92.0
ST02120,Student ST02120,CSE,7,8.48,83.7,83.5,0,5.4,5.8,5.8,4.4,3.6,4.5,3.3,1.0,3,2,1,0,0,8.9,6.5,4.5,7.5,7.1,6.8,0,0,Full-Stack Developer,1,SYNTHETIC,75.8,78.5
ST02121,Student ST02121,CSE,7,7.16,68.6,66.4,0,3.5,5.4,5.6,6.3,3.9,8.2,2.6,3.2,1,2,1,0,0,5.9,4.8,5.6,5.6,6.2,4.9,0,0,AI/ML Engineer,0,SYNTHETIC,79.3,80.2
ST02122,Student ST02122,CSE,7,9.5,96.6,87.6,0,7.0,6.5,6.6,4.1,3.0,6.5,4.3,2.0,2,3,2,2,0,6.6,6.5,5.1,6.6,5.6,5.7,0,0,Cloud/DevOps Engineer,1,SYNTHETIC,77.3,72.0
ST02123,Student ST02123,CSE,8,5.98,63.2,63.6,0,4.9,4.4,5.8,4.8,3.6,4.8,2.0,4.0,0,3,1,0,0,6.1,6.1,4.9,4.3,1.9,4.7,0,0,Full-Stack Developer,1,SYNTHETIC,82.0,78.6
ST02124,Student ST02124,ISE,8,6.99,72.1,69.4,0,3.2,2.2,4.1,1.0,1.0,3.8,1.0,2.3,1,1,1,0,0,7.0,6.0,2.1,6.3,7.2,4.1,2,0,Full-Stack Developer,1,SYNTHETIC,85.0,79.9
ST02125,Student ST02125,ECE,7,7.87,74.0,84.1,0,5.9,5.5,6.0,7.8,5.6,6.9,3.2,1.0,0,2,2,1,1,6.3,9.2,5.9,6.4,6.7,6.3,1,0,Cloud/DevOps Engineer,1,SYNTHETIC,81.1,86.6
ST02126,Student ST02126,CSE,7,5.92,64.6,63.8,1,6.5,6.4,3.8,8.0,4.1,2.2,3.5,2.8,0,3,2,0,0,5.8,5.4,8.0,6.8,8.2,6.3,2,0,Cloud/DevOps Engineer,1,SYNTHETIC,75.0,93.6
ST02127,Student ST02127,ISE,8,9.27,92.1,89.5,0,5.7,6.7,7.7,8.1,5.4,4.5,3.3,3.5,0,3,2,2,0,7.1,8.1,7.0,7.4,8.2,8.0,0,0,QA Specialist,1,SYNTHETIC,89.5,79.2
ST02128,Student ST02128,ISE,8,7.47,67.1,68.1,0,6.1,7.2,4.2,4.5,1.0,4.8,3.0,2.1,1,3,2,2,0,5.1,7.0,4.3,6.1,4.9,4.8,1,0,Data Analyst,1,SYNTHETIC,96.6,94.4
ST02129,Student ST02129,Mechanical,7,7.22,70.4,69.2,0,3.1,1.9,3.7,2.9,1.6,5.1,2.0,1.8,1,3,1,0,0,6.6,6.3,2.1,7.3,8.5,4.4,0,0,Cybersecurity Specialist,0,SYNTHETIC,75.3,70.7
ST02130,Student ST02130,CSE,8,7.33,78.4,75.5,0,3.0,6.1,7.0,8.0,2.0,7.1,3.1,3.5,2,2,2,0,0,5.2,6.9,6.3,4.7,4.1,5.4,0,0,Cybersecurity Specialist,0,SYNTHETIC,78.5,91.5
ST02131,Student ST02131,Mechanical,8,7.97,80.7,80.2,0,8.1,3.8,2.5,6.2,5.9,5.1,1.0,4.3,1,2,2,1,0,6.0,6.7,8.0,7.1,8.6,6.6,1,0,QA Specialist,1,SYNTHETIC,92.1,86.2
ST02132,Student ST02132,CSE,7,6.63,79.6,59.3,0,4.8,4.1,4.3,4.9,1.5,4.5,2.2,4.2,1,2,1,0,1,3.9,6.3,5.1,8.8,7.7,6.6,0,0,AI/ML Engineer,0,SYNTHETIC,88.3,66.3
ST02133,Student ST02133,CSE,8,9.37,91.6,89.4,0,5.9,8.3,6.0,7.3,6.6,6.0,6.3,3.6,1,2,2,1,0,7.2,9.6,7.4,7.1,6.9,7.6,0,0,AI/ML Engineer,1,SYNTHETIC,87.2,73.6
ST02134,Student ST02134,ISE,8,7.56,70.1,76.3,0,4.9,4.7,4.6,5.1,4.7,4.1,3.1,3.8,2,3,1,0,0,9.0,6.6,5.5,6.6,6.1,5.9,1,0,Full-Stack Developer,1,SYNTHETIC,94.9,89.5
ST02135,Student ST02135,ISE,7,6.14,60.8,57.1,0,4.0,4.2,5.0,5.0,1.0,4.6,2.3,3.9,0,2,1,0,0,5.2,7.4,3.7,5.8,6.4,4.9,0,0,QA Specialist,0,SYNTHETIC,93.4,61.7
ST02136,Student ST02136,CSE,7,8.25,80.3,88.9,0,5.8,4.3,6.2,6.0,5.0,4.5,5.3,3.5,0,3,2,0,0,6.5,6.7,5.5,5.5,6.1,7.0,1,0,Full-Stack Developer,1,SYNTHETIC,80.4,77.5
ST02137,Student ST02137,ECE,7,6.85,67.3,74.1,0,3.3,2.7,3.7,1.7,3.7,3.0,1.0,1.0,1,5,1,0,0,5.4,6.0,2.9,5.0,4.1,2.6,0,0,Cloud/DevOps Engineer,0,SYNTHETIC,89.5,60.7
ST02138,Student ST02138,ISE,8,6.16,69.1,66.9,0,2.8,3.8,4.1,2.6,1.3,4.7,2.1,3.6,3,3,1,0,0,5.3,6.0,3.1,6.4,4.1,3.2,0,0,AI/ML Engineer,0,SYNTHETIC,92.3,72.6
ST02139,Student ST02139,CSE,8,7.4,74.8,78.7,0,2.0,4.3,1.4,3.2,1.0,2.1,3.5,1.0,1,3,1,0,1,6.5,6.6,1.8,6.4,6.5,3.6,0,0,QA Specialist,1,SYNTHETIC,86.0,78.9
ST02140,Student ST02140,CSE,8,6.56,67.4,64.3,0,6.0,5.6,7.6,5.6,2.9,3.1,4.0,1.2,0,6,2,0,0,8.0,5.0,6.0,5.7,5.1,5.9,0,0,Full-Stack Developer,1,SYNTHETIC,76.5,75.1
ST02141,Student ST02141,ECE,7,9.04,94.1,91.0,0,7.7,6.3,6.7,3.8,4.8,3.8,3.4,3.9,1,2,2,1,0,7.9,5.6,6.8,5.5,5.5,5.2,1,0,AI/ML Engineer,1,SYNTHETIC,84.5,80.9
ST02142,Student ST02142,CSE,8,6.84,81.9,68.3,0,5.7,5.3,5.3,6.0,3.8,1.0,2.3,1.8,1,3,2,0,1,6.7,4.5,4.7,5.5,5.8,5.6,0,0,Cybersecurity Specialist,1,SYNTHETIC,78.5,60.7
ST02143,Student ST02143,Mechanical,7,7.22,73.5,77.7,0,3.3,2.8,6.8,3.7,3.1,5.8,2.7,4.0,1,1,1,0,0,5.2,3.9,4.6,6.2,5.7,4.0,0,0,AI/ML Engineer,0,SYNTHETIC,96.1,62.5
ST02144,Student ST02144,ISE,7,7.01,78.0,73.9,0,3.8,4.1,6.4,6.0,1.6,6.3,1.9,3.4,1,2,1,0,1,5.9,5.9,5.9,4.4,4.5,4.1,0,0,Full-Stack Developer,1,SYNTHETIC,84.5,74.9
ST02145,Student ST02145,Mechanical,8,9.18,88.4,88.5,0,6.7,6.1,7.4,6.4,4.3,6.6,3.3,3.4,2,1,2,2,0,7.5,7.3,5.0,6.7,7.1,7.4,0,0,QA Specialist,1,SYNTHETIC,82.5,92.4
ST02146,Student ST02146,CSE,8,5.95,57.9,53.4,0,7.0,6.6,5.4,6.8,5.1,2.9,2.3,3.9,0,1,2,0,0,5.3,5.7,6.4,6.1,6.2,8.1,1,0,Full-Stack Developer,1,SYNTHETIC,78.7,71.5
ST02147,Student ST02147,ECE,7,7.4,72.5,72.9,0,5.8,3.9,4.6,4.8,4.0,6.1,3.2,4.3,1,2,2,1,0,4.5,6.9,4.1,5.5,6.6,6.1,0,0,Full-Stack Developer,1,SYNTHETIC,89.9,79.6
ST02148,Student ST02148,CSE,8,7.27,71.2,74.9,0,5.4,2.8,3.9,4.9,3.4,2.5,2.8,3.3,2,1,1,2,0,7.8,6.6,5.2,6.6,6.3,4.0,2,0,Full-Stack Developer,0,SYNTHETIC,89.7,93.9
ST02149,Student ST02149,ISE,7,7.1,66.4,74.1,0,6.6,5.8,6.1,7.0,6.1,6.2,1.3,6.3,3,3,2,0,0,7.1,4.2,7.2,6.6,6.6,5.8,1,0,QA Specialist,0,SYNTHETIC,91.7,78.0
ST02150,Student ST02150,CSE,7,8.3,83.0,83.0,0,8.1,7.1,8.2,8.2,5.2,5.0,5.0,2.7,1,3,2,0,1,7.6,3.8,6.7,8.4,6.8,7.2,1,1,QA Specialist,1,SYNTHETIC,85.9,77.2
ST02151,Student ST02151,CSE,8,7.56,83.4,70.5,0,6.3,8.7,7.6,5.7,5.5,7.4,2.0,4.0,1,4,2,1,0,4.4,6.1,5.9,9.1,6.6,7.2,0,0,Cybersecurity Specialist,1,SYNTHETIC,80.1,73.5
ST02152,Student ST02152,CSE,7,6.27,70.3,62.3,0,1.7,1.4,3.1,3.3,1.0,3.0,3.8,2.9,2,1,1,0,2,5.3,6.0,3.5,5.8,5.1,3.8,0,0,Cybersecurity Specialist,0,SYNTHETIC,77.1,74.3
ST02153,Student ST02153,ECE,8,8.44,88.9,80.1,0,8.2,6.2,8.8,5.3,4.3,4.7,3.1,5.4,0,2,2,1,0,7.2,6.6,6.2,8.1,7.2,8.5,1,0,AI/ML Engineer,0,SYNTHETIC,78.7,62.7
ST02154,Student ST02154,Mechanical,7,6.81,68.2,67.3,0,7.3,5.3,4.3,6.1,5.8,5.8,1.3,2.1,1,5,2,1,1,9.5,5.7,6.8,6.4,7.3,6.5,1,0,QA Specialist,1,SYNTHETIC,87.2,67.2
ST02155,Student ST02155,Mechanical,7,7.68,78.6,81.4,0,3.9,6.9,4.9,5.4,3.8,2.6,5.5,3.4,3,4,1,0,1,8.2,6.9,4.9,8.3,8.8,5.6,0,0,Full-Stack Developer,1,SYNTHETIC,97.5,88.9
ST02156,Student ST02156,Mechanical,8,6.56,71.0,71.8,0,3.7,5.9,4.8,6.1,5.5,4.1,3.5,3.7,1,5,1,1,0,5.5,6.5,5.0,5.1,4.1,6.0,0,0,AI/ML Engineer,1,SYNTHETIC,86.7,60.7
ST02157,Student ST02157,CSE,7,7.68,77.3,74.9,0,7.9,6.0,7.4,8.6,4.4,5.9,4.0,6.0,0,5,2,1,1,8.5,6.3,8.4,6.5,5.5,6.9,0,0,Data Analyst,1,SYNTHETIC,77.7,83.4
ST02158,Student ST02158,ECE,7,7.57,78.4,77.4,0,9.9,8.6,8.9,9.2,5.9,6.9,5.3,4.2,1,6,3,0,0,7.1,9.0,10.0,6.9,6.8,8.3,0,0,Full-Stack Developer,1,SYNTHETIC,96.2,89.8
ST02159,Student ST02159,ISE,8,6.32,70.0,66.4,0,3.9,2.2,6.8,4.6,5.6,3.6,3.5,3.6,0,4,1,0,0,6.6,6.6,4.0,5.8,5.4,5.1,0,0,Full-Stack Developer,1,SYNTHETIC,84.7,68.9
ST02160,Student ST02160,Mechanical,7,6.81,67.9,73.1,0,4.0,5.3,2.9,5.2,3.8,5.4,3.8,1.0,2,2,1,1,0,5.3,7.4,5.7,2.9,2.3,4.4,0,0,AI/ML Engineer,0,SYNTHETIC,76.2,94.5
ST02161,Student ST02161,Mechanical,7,7.55,80.3,69.8,0,6.9,5.8,6.0,5.4,3.9,3.7,2.2,3.9,1,4,2,2,0,5.8,5.7,5.5,6.7,7.1,6.6,0,0,Cybersecurity Specialist,0,SYNTHETIC,97.7,81.3
ST02162,Student ST02162,Mechanical,7,8.89,81.4,83.9,0,8.9,5.2,9.3,3.5,6.0,6.5,3.6,3.2,1,3,2,1,1,7.3,6.0,5.5,5.4,5.7,5.3,1,0,Full-Stack Developer,1,SYNTHETIC,76.4,76.3
ST02163,Student ST02163,CSE,7,6.55,64.9,71.0,0,4.0,3.8,3.7,4.3,3.6,3.1,6.3,3.6,2,3,1,0,0,6.5,7.2,3.5,7.5,8.3,5.8,1,0,Cloud/DevOps Engineer,1,SYNTHETIC,86.0,61.2
ST02164,Student ST02164,CSE,8,7.04,72.9,72.4,0,4.6,5.5,4.2,3.7,5.0,5.5,2.0,1.6,1,1,1,0,1,6.0,4.7,4.3,5.7,6.3,4.1,1,0,Data Analyst,1,SYNTHETIC,80.4,75.5
ST02165,Student ST02165,ISE,7,8.18,86.5,79.1,0,4.6,4.4,6.6,4.8,4.5,4.8,4.6,2.5,2,1,1,0,0,5.7,8.9,3.4,3.0,2.6,4.3,0,0,Cloud/DevOps Engineer,0,SYNTHETIC,94.5,77.9
ST02166,Student ST02166,CSE,7,7.9,79.9,71.7,0,6.1,5.1,7.1,4.8,5.1,6.9,4.1,2.8,1,3,2,3,1,7.3,7.3,4.9,5.6,5.9,4.7,0,0,Data Analyst,1,SYNTHETIC,97.6,72.8
ST02167,Student ST02167,CSE,8,7.57,81.3,72.7,0,5.3,5.8,5.5,8.3,3.8,2.9,3.4,3.4,0,3,2,0,0,6.0,5.7,7.2,5.4,4.8,6.4,2,0,Cloud/DevOps Engineer,0,SYNTHETIC,85.8,83.1
ST02168,Student ST02168,ISE,8,8.23,84.7,81.8,0,5.8,5.1,6.4,2.9,8.2,5.4,4.1,6.0,0,2,1,1,0,3.8,6.7,3.3,6.1,6.0,5.4,0,0,AI/ML Engineer,0,SYNTHETIC,92.1,90.8
ST02169,Student ST02169,CSE,7,6.37,61.4,60.5,1,5.3,4.2,7.6,4.2,1.0,1.9,2.7,1.0,0,6,1,0,0,6.4,5.7,5.0,6.5,6.2,4.3,0,0,Full-Stack Developer,0,SYNTHETIC,91.2,87.4
ST02170,Student ST02170,CSE,8,7.07,72.9,75.0,0,3.2,1.7,6.3,5.0,4.0,2.0,3.6,1.0,2,3,1,0,0,5.7,7.1,6.0,6.4,6.8,5.4,0,0,Cloud/DevOps Engineer,0,SYNTHETIC,85.0,66.9
ST02171,Student ST02171,ECE,7,8.41,92.2,81.1,0,5.3,6.1,2.5,4.2,4.6,5.8,1.0,2.0,0,5,1,1,1,6.6,8.8,4.3,6.4,7.1,4.6,0,0,Cloud/DevOps Engineer,1,SYNTHETIC,92.7,77.7
ST02172,Student ST02172,CSE,7,7.89,80.6,78.5,0,3.2,4.8,6.4,5.5,3.6,6.7,4.1,1.3,1,1,1,2,1,5.0,5.6,5.6,8.3,7.9,5.9,1,0,QA Specialist,1,SYNTHETIC,79.6,84.6
ST02173,Student ST02173,CSE,8,8.55,83.9,78.5,0,4.6,7.1,4.7,5.8,1.0,5.9,2.2,3.6,1,1,1,0,1,7.2,8.8,5.5,9.3,9.4,7.1,1,0,Cybersecurity Specialist,1,SYNTHETIC,93.8,90.3
ST02174,Student ST02174,ECE,8,7.65,85.5,85.8,0,7.1,7.0,7.1,6.3,4.8,5.6,2.5,3.1,1,5,2,0,1,5.8,5.5,6.1,4.7,4.2,5.0,2,0,Cybersecurity Specialist,1,SYNTHETIC,82.2,60.1
ST02175,Student ST02175,CSE,8,6.98,65.6,64.4,0,2.2,6.3,6.0,4.3,1.0,5.5,2.2,1.0,3,2,1,0,0,4.4,5.5,4.0,7.8,7.0,5.8,0,0,QA Specialist,1,SYNTHETIC,78.6,77.8
ST02176,Student ST02176,ISE,7,7.93,82.6,79.9,0,2.7,6.0,5.1,3.9,2.7,4.8,1.4,3.5,0,2,1,0,0,7.3,6.5,4.3,6.4,5.6,4.4,0,0,AI/ML Engineer,1,SYNTHETIC,88.8,92.5
ST02177,Student ST02177,CSE,7,7.61,74.8,84.1,0,5.8,5.5,5.7,5.5,4.5,3.0,3.4,3.2,3,4,2,1,0,6.4,7.5,5.4,5.4,5.7,4.9,1,0,Cybersecurity Specialist,1,SYNTHETIC,85.7,70.4
ST02178,Student ST02178,ECE,8,8.26,74.8,74.7,0,1.4,6.9,5.0,3.6,1.4,6.9,3.8,2.3,5,1,1,0,0,7.9,6.2,3.6,5.0,4.4,3.1,0,0,QA Specialist,0,SYNTHETIC,79.5,87.8
ST02179,Student ST02179,CSE,8,6.33,67.6,60.5,0,6.8,5.8,6.4,3.7,1.5,4.9,2.2,3.0,0,2,1,0,0,6.0,6.5,6.1,6.4,7.3,6.6,0,0,Full-Stack Developer,1,SYNTHETIC,90.0,79.4
ST02180,Student ST02180,ECE,7,7.49,84.7,78.2,0,3.3,3.8,4.2,4.8,5.5,4.3,1.2,3.0,0,1,1,0,0,7.1,8.1,3.7,8.8,9.2,5.9,1,0,Full-Stack Developer,1,SYNTHETIC,97.8,83.2
ST02181,Student ST02181,CSE,7,6.86,69.9,73.1,0,4.1,6.0,5.4,3.9,5.6,6.8,4.4,1.0,3,4,1,1,1,7.6,5.8,4.6,4.8,5.4,3.0,1,0,AI/ML Engineer,1,SYNTHETIC,77.1,92.7
ST02182,Student ST02182,CSE,7,7.6,77.2,83.2,0,2.5,5.4,3.9,4.9,2.5,4.0,1.0,1.0,2,2,1,0,2,6.9,5.6,4.3,5.9,6.0,4.8,0,0,QA Specialist,1,SYNTHETIC,78.6,92.6
ST02183,Student ST02183,CSE,7,5.86,55.0,58.4,0,4.1,4.4,5.6,4.4,4.4,3.6,1.7,7.1,1,2,1,0,0,4.8,5.3,4.2,5.8,4.6,5.1,1,0,Full-Stack Developer,0,SYNTHETIC,75.5,61.0
ST02184,Student ST02184,ISE,8,8.63,90.2,88.2,0,5.1,6.5,6.4,6.7,6.7,5.0,2.5,2.5,0,1,2,2,0,6.5,9.1,5.3,5.9,5.0,5.9,0,0,Cybersecurity Specialist,1,SYNTHETIC,92.5,75.5
ST02185,Student ST02185,Mechanical,7,8.63,85.5,81.3,0,3.8,7.0,7.2,4.6,6.3,4.7,2.7,3.9,1,2,1,2,0,6.5,8.3,4.9,6.4,4.3,5.0,1,0,Data Analyst,1,SYNTHETIC,96.9,92.0
ST02186,Student ST02186,ECE,7,6.26,66.2,56.4,0,2.2,2.4,3.9,1.0,1.3,2.1,2.9,1.3,1,2,1,0,0,4.9,6.7,2.0,3.9,3.9,1.5,0,0,Data Analyst,0,SYNTHETIC,79.8,87.8
ST02187,Student ST02187,ISE,7,6.39,69.6,61.9,0,4.4,3.3,3.0,3.4,3.4,2.8,3.3,1.9,0,3,1,0,0,5.5,6.0,3.7,7.4,7.9,6.1,0,1,Data Analyst,0,SYNTHETIC,96.1,68.1
ST02188,Student ST02188,CSE,8,7.49,70.2,75.2,0,3.9,5.6,7.0,6.3,4.6,6.2,3.9,1.0,2,2,1,0,0,6.2,8.0,6.0,6.2,5.3,4.6,0,0,Full-Stack Developer,1,SYNTHETIC,90.8,79.7
ST02189,Student ST02189,Mechanical,8,9.45,90.9,96.9,0,7.7,6.1,5.4,8.7,7.2,5.1,5.6,3.5,1,2,2,0,0,6.9,7.2,8.6,5.1,3.8,7.8,1,0,Cybersecurity Specialist,1,SYNTHETIC,95.1,82.9
ST02190,Student ST02190,CSE,8,8.4,78.5,81.9,0,4.9,5.1,3.1,5.3,4.4,5.9,2.5,3.2,1,1,1,0,0,6.1,7.4,4.6,5.6,6.5,6.9,3,0,QA Specialist,0,SYNTHETIC,88.3,87.6
ST02191,Student ST02191,CSE,7,8.13,82.3,72.6,0,4.1,6.7,3.2,5.3,1.3,5.0,3.5,1.0,3,4,1,3,0,6.2,7.0,4.7,8.3,6.6,5.1,0,0,Data Analyst,0,SYNTHETIC,78.1,65.9
ST02192,Student ST02192,CSE,7,8.29,82.6,80.0,0,7.6,6.3,7.4,6.2,4.0,6.3,4.3,5.0,2,4,2,3,0,7.3,6.2,5.6,6.1,5.7,7.9,2,0,AI/ML Engineer,1,SYNTHETIC,81.0,69.3
ST02193,Student ST02193,ISE,8,8.69,81.0,86.1,0,5.8,8.0,7.8,10.0,5.0,8.3,2.6,2.8,0,3,2,0,1,7.7,7.5,8.6,6.8,5.0,7.6,1,0,AI/ML Engineer,1,SYNTHETIC,80.9,66.0
ST02194,Student ST02194,ISE,7,6.06,66.2,69.6,1,3.5,3.7,4.4,3.1,1.9,1.9,1.0,1.0,5,2,1,0,1,5.8,4.8,3.8,5.9,5.1,4.7,0,0,Data Analyst,0,SYNTHETIC,93.1,83.3
ST02195,Student ST02195,CSE,7,8.35,89.4,79.9,0,5.2,4.0,6.1,3.2,1.9,4.2,3.2,3.6,1,3,1,0,0,8.0,7.4,4.2,6.1,6.0,4.8,1,0,QA Specialist,1,SYNTHETIC,98.5,92.9
ST02196,Student ST02196,CSE,8,6.46,61.0,62.0,0,4.2,4.6,4.5,3.4,1.7,4.6,4.2,2.3,1,2,1,1,0,4.5,7.1,2.6,5.7,7.1,5.1,1,0,QA Specialist,0,SYNTHETIC,79.1,81.9
ST02197,Student ST02197,Mechanical,8,7.93,84.7,85.3,0,6.9,4.5,8.2,4.6,3.2,4.6,2.9,1.6,2,1,2,1,1,8.2,6.0,5.3,7.3,7.7,7.8,0,1,AI/ML Engineer,1,SYNTHETIC,91.3,68.7
ST02198,Student ST02198,CSE,8,7.84,80.0,75.6,0,5.2,7.5,5.3,4.4,5.2,3.5,6.2,1.0,2,1,1,0,0,6.0,6.5,5.3,5.8,6.4,4.0,0,0,Cloud/DevOps Engineer,0,SYNTHETIC,94.8,91.2
ST02199,Student ST02199,Mechanical,8,8.93,93.5,93.1,0,7.6,5.2,6.2,5.5,3.0,5.0,4.7,4.0,0,4,2,2,0,7.0,7.8,6.0,7.9,7.3,7.3,0,0,Data Analyst,1,SYNTHETIC,83.0,63.1
ST02200,Student ST02200,ECE,8,6.69,57.4,68.1,0,4.3,3.4,4.9,3.8,1.0,1.8,1.0,1.0,1,1,1,2,0,5.0,6.0,3.3,6.3,5.3,4.8,1,0,Cybersecurity Specialist,1,SYNTHETIC,90.1,84.8
ST02201,Student ST02201,CSE,8,6.32,75.8,70.5,0,4.3,2.7,2.6,4.2,3.5,4.1,3.3,1.0,1,4,1,0,0,5.5,6.0,3.8,7.9,8.4,5.5,0,0,Full-Stack Developer,0,SYNTHETIC,78.4,88.8
ST02202,Student ST02202,CSE,8,8.63,93.9,87.7,0,5.5,7.3,6.9,8.2,3.5,6.3,3.8,5.5,0,4,2,1,1,7.0,7.0,5.6,7.8,7.7,7.4,2,0,Cloud/DevOps Engineer,1,SYNTHETIC,91.1,80.0
ST02203,Student ST02203,CSE,8,9.56,92.6,97.0,0,6.8,7.6,7.0,6.9,3.4,6.2,5.9,5.2,2,5,2,0,0,5.6,7.4,6.1,6.0,6.5,5.8,1,0,AI/ML Engineer,1,SYNTHETIC,83.1,72.3
ST02204,Student ST02204,CSE,8,6.73,66.7,63.9,0,6.1,3.3,4.4,6.6,2.0,3.5,3.1,1.9,2,6,2,0,0,5.3,5.7,6.7,7.5,7.2,6.9,0,1,Cloud/DevOps Engineer,1,SYNTHETIC,81.3,75.2
ST02205,Student ST02205,ECE,8,8.41,86.2,87.1,0,3.5,6.0,5.9,6.5,2.9,3.9,3.8,1.0,2,1,1,2,0,6.2,7.8,4.8,6.4,5.9,7.0,0,0,Data Analyst,1,SYNTHETIC,97.4,77.2
ST02206,Student ST02206,ECE,8,7.42,73.9,78.1,0,6.6,6.0,4.8,6.3,5.1,6.5,2.6,2.5,4,2,2,1,0,5.6,6.0,5.1,7.7,7.2,6.5,1,1,Full-Stack Developer,1,SYNTHETIC,89.0,70.6
ST02207,Student ST02207,ECE,7,8.21,79.1,72.2,0,4.9,4.9,7.6,5.6,6.0,5.6,3.9,3.1,1,4,2,2,2,5.4,5.6,5.8,4.5,3.7,4.2,2,0,QA Specialist,0,SYNTHETIC,94.3,92.3
ST02208,Student ST02208,CSE,7,6.21,63.4,60.8,0,3.2,3.0,3.7,3.6,4.0,2.0,1.0,1.0,0,4,1,0,0,4.9,6.5,3.3,4.7,3.3,4.6,0,0,Full-Stack Developer,0,SYNTHETIC,85.5,93.7
ST02209,Student ST02209,Mechanical,8,6.73,71.7,74.6,0,2.6,3.9,2.1,3.1,4.0,3.8,2.8,2.8,0,3,1,0,0,4.5,6.1,3.2,5.0,4.8,3.0,0,0,Data Analyst,0,SYNTHETIC,80.6,64.5
ST02210,Student ST02210,CSE,7,5.27,56.3,55.8,0,2.0,3.0,2.1,2.1,1.9,4.3,2.6,2.6,0,3,1,0,0,5.1,4.0,2.3,5.6,6.6,2.8,1,0,Full-Stack Developer,0,SYNTHETIC,76.7,64.2
ST02211,Student ST02211,CSE,7,6.76,69.8,62.4,0,6.9,6.2,5.9,6.3,4.2,5.9,6.1,2.9,0,1,2,2,2,6.4,5.0,5.6,4.4,4.0,5.9,0,0,AI/ML Engineer,1,SYNTHETIC,91.7,69.1
ST02212,Student ST02212,Mechanical,8,5.86,58.1,57.8,0,4.8,4.4,4.4,5.1,3.0,5.7,4.0,1.1,0,1,1,0,0,5.0,7.0,4.9,7.5,5.8,4.5,1,0,AI/ML Engineer,1,SYNTHETIC,91.9,67.2
ST02213,Student ST02213,ISE,7,7.11,76.0,77.4,0,5.2,5.8,5.7,1.9,1.0,3.1,1.9,3.5,3,2,1,0,0,7.7,6.1,4.1,7.2,6.2,4.4,0,0,Data Analyst,1,SYNTHETIC,75.4,89.1
ST02214,Student ST02214,CSE,7,6.79,69.0,64.4,0,4.0,4.9,4.9,7.6,2.0,6.1,4.0,1.4,0,1,2,0,1,6.2,7.1,7.0,7.6,7.2,6.4,2,0,Cloud/DevOps Engineer,1,SYNTHETIC,88.0,82.7
ST02215,Student ST02215,CSE,7,8.13,82.1,82.8,0,8.0,5.6,7.0,8.7,5.0,4.7,2.6,2.6,2,2,2,0,1,7.0,5.3,8.4,6.2,5.7,7.9,1,0,Cybersecurity Specialist,1,SYNTHETIC,83.7,72.8
ST02216,Student ST02216,CSE,8,7.99,88.5,77.0,0,7.3,5.5,5.5,7.7,4.6,5.9,1.9,4.0,3,2,2,2,0,6.7,8.6,6.5,4.6,5.2,7.5,0,0,Cloud/DevOps Engineer,1,SYNTHETIC,78.4,62.5
ST02217,Student ST02217,CSE,7,6.25,69.7,63.2,0,3.8,7.3,7.8,6.4,2.4,4.2,1.0,4.7,0,5,1,1,0,4.8,4.5,4.8,7.9,7.7,5.6,0,0,Data Analyst,0,SYNTHETIC,75.1,67.0
ST02218,Student ST02218,Mechanical,7,6.13,68.5,58.9,0,4.5,4.9,4.0,3.0,4.7,3.8,2.2,1.0,2,3,1,0,0,7.6,6.2,4.3,6.1,4.0,4.5,0,0,Cloud/DevOps Engineer,0,SYNTHETIC,80.8,71.1
ST02219,Student ST02219,CSE,8,5.63,60.6,61.7,0,2.3,3.1,3.4,4.5,3.7,1.9,1.7,1.0,2,6,1,0,1,6.2,6.2,3.9,7.1,7.1,5.8,1,0,Data Analyst,0,SYNTHETIC,75.4,93.8
ST02220,Student ST02220,CSE,8,6.68,70.2,73.7,0,3.2,4.5,5.9,3.8,2.9,4.0,1.7,5.4,1,2,1,0,1,6.8,4.3,4.2,4.5,5.4,2.8,2,0,Full-Stack Developer,0,SYNTHETIC,94.1,67.4
ST02221,Student ST02221,Mechanical,8,8.81,92.1,86.4,0,7.7,4.1,9.1,7.5,5.8,5.8,6.7,3.1,1,6,2,0,2,8.2,7.1,7.5,7.7,7.1,8.5,0,1,Data Analyst,1,SYNTHETIC,89.8,75.2
ST02222,Student ST02222,Mechanical,7,8.06,80.4,85.7,0,5.4,4.4,4.5,5.7,5.3,3.6,3.1,2.8,0,4,2,0,0,5.6,8.1,4.3,6.5,7.5,5.3,1,0,Data Analyst,1,SYNTHETIC,97.7,69.4
ST02223,Student ST02223,ECE,7,7.43,78.7,62.7,0,3.3,6.2,4.4,7.6,2.2,5.1,1.9,2.5,1,2,2,0,0,6.9,8.7,5.7,5.5,6.6,4.7,0,0,Cybersecurity Specialist,1,SYNTHETIC,88.8,70.0
ST02224,Student ST02224,ECE,8,7.86,75.8,81.0,0,6.0,5.6,5.9,4.7,4.4,4.6,4.1,2.5,0,1,2,1,1,6.1,5.2,5.6,4.0,4.4,3.4,1,0,Cloud/DevOps Engineer,1,SYNTHETIC,95.1,81.4
ST02225,Student ST02225,Mechanical,7,8.87,87.6,94.2,0,4.8,4.5,7.3,5.5,3.6,6.1,1.4,7.3,1,1,1,0,1,6.1,4.5,4.5,5.5,5.6,5.5,1,0,QA Specialist,1,SYNTHETIC,82.2,80.7
ST02226,Student ST02226,ECE,8,6.51,65.5,73.5,0,5.1,8.0,7.0,7.4,2.9,7.6,1.0,1.9,2,1,2,0,0,5.7,5.5,6.5,8.4,7.6,8.1,1,0,Data Analyst,1,SYNTHETIC,77.1,76.5
ST02227,Student ST02227,ISE,7,9.53,97.1,97.0,0,7.2,8.2,8.1,6.3,5.7,5.7,2.7,4.1,1,2,2,0,0,8.2,6.8,7.3,4.7,6.4,8.0,1,0,Data Analyst,1,SYNTHETIC,78.8,67.7
ST02228,Student ST02228,Mechanical,7,8.59,85.7,79.0,0,4.6,5.6,7.5,8.0,4.6,7.0,3.2,6.0,0,1,2,0,1,6.9,7.2,5.7,6.3,7.7,7.5,0,0,Cloud/DevOps Engineer,0,SYNTHETIC,77.1,72.9
ST02229,Student ST02229,CSE,7,7.41,69.8,84.3,0,4.3,6.4,6.1,8.0,6.7,3.8,8.7,3.4,0,3,2,0,0,8.0,5.3,5.8,8.8,8.0,6.8,0,0,Cybersecurity Specialist,1,SYNTHETIC,85.3,81.3
ST02230,Student ST02230,CSE,8,6.58,76.7,67.4,0,5.0,2.8,3.6,3.6,4.6,4.8,1.8,2.3,1,4,1,0,1,4.3,6.0,4.7,5.5,6.3,5.5,0,0,Full-Stack Developer,1,SYNTHETIC,92.5,77.2
ST02231,Student ST02231,CSE,8,5.08,55.0,54.5,2,2.1,4.6,2.5,3.3,3.1,2.5,4.6,4.9,0,4,1,0,1,5.7,5.4,3.0,4.2,3.6,3.4,0,0,QA Specialist,0,SYNTHETIC,90.6,74.3
ST02232,Student ST02232,CSE,8,7.36,69.1,79.9,0,4.7,2.4,4.1,2.3,1.1,1.6,1.2,2.5,1,1,1,0,0,6.7,5.3,2.4,6.0,6.1,4.6,1,0,QA Specialist,1,SYNTHETIC,79.9,61.7
ST02233,Student ST02233,Mechanical,8,7.63,72.2,65.9,0,5.5,4.1,7.9,7.9,5.8,5.3,1.0,5.0,1,1,2,0,0,7.9,9.0,6.4,7.2,7.8,8.2,0,0,Cloud/DevOps Engineer,1,SYNTHETIC,80.2,79.7
ST02234,Student ST02234,Mechanical,8,7.35,77.0,77.9,0,5.2,4.3,6.0,6.7,5.2,7.0,3.6,1.5,2,1,2,0,0,6.8,4.9,5.8,8.1,8.4,7.4,0,0,Data Analyst,0,SYNTHETIC,75.4,63.6
ST02235,Student ST02235,CSE,7,7.05,76.7,72.5,0,6.7,4.5,3.7,6.9,4.9,3.8,4.9,5.4,1,4,2,0,0,6.6,7.3,6.6,4.6,2.6,6.0,0,0,AI/ML Engineer,0,SYNTHETIC,81.1,80.5
ST02236,Student ST02236,CSE,8,7.08,79.9,72.3,0,4.7,4.8,6.7,5.5,6.9,6.1,3.0,3.1,2,3,1,1,0,6.4,6.7,4.9,7.1,6.6,6.4,0,0,Cloud/DevOps Engineer,1,SYNTHETIC,76.8,63.1
ST02237,Student ST02237,CSE,8,6.83,67.9,72.1,0,2.1,4.1,3.6,4.5,2.8,4.8,3.6,6.1,4,2,1,0,0,7.1,5.8,4.5,8.0,7.1,6.1,1,0,QA Specialist,1,SYNTHETIC,95.9,91.9
ST02238,Student ST02238,ECE,8,7.51,74.3,77.2,0,3.3,4.3,3.8,5.4,2.1,3.6,2.2,1.0,0,6,1,0,0,8.2,7.6,4.2,8.8,8.8,6.0,1,1,Cybersecurity Specialist,0,SYNTHETIC,87.3,69.6
ST02239,Student ST02239,Mechanical,7,7.44,84.2,71.2,0,4.9,5.9,7.1,4.2,4.3,1.5,1.0,2.9,2,1,1,1,1,5.1,5.9,3.8,7.9,6.8,5.3,0,0,AI/ML Engineer,1,SYNTHETIC,77.5,63.6
ST02240,Student ST02240,ISE,8,8.37,90.0,89.1,0,5.3,4.4,6.7,4.7,7.2,6.4,4.0,3.9,2,2,1,0,1,6.6,5.7,5.9,6.2,5.3,6.4,0,0,QA Specialist,1,SYNTHETIC,88.8,79.3
ST02241,Student ST02241,Mechanical,7,7.31,78.7,73.4,0,4.8,6.1,5.9,7.2,3.2,5.2,4.5,3.6,2,1,2,0,1,6.8,6.1,6.8,7.5,8.8,6.2,1,0,Full-Stack Developer,1,SYNTHETIC,88.8,75.8
ST02242,Student ST02242,CSE,7,7.08,69.0,72.4,0,5.3,5.4,4.1,5.4,3.1,3.8,4.5,1.0,4,3,2,1,1,6.1,5.6,4.7,7.4,8.0,7.7,0,0,Cloud/DevOps Engineer,1,SYNTHETIC,84.3,62.3
ST02243,Student ST02243,CSE,8,6.14,62.9,63.2,0,4.3,2.2,5.7,4.1,1.6,1.0,5.2,2.8,3,6,1,0,0,6.8,4.8,4.0,4.7,4.3,6.3,0,0,Data Analyst,0,SYNTHETIC,76.9,80.6
ST02244,Student ST02244,CSE,7,5.69,57.3,59.5,2,7.0,3.8,6.6,5.5,4.2,3.6,2.0,2.0,4,3,2,0,1,4.5,6.4,6.2,8.6,6.9,7.7,0,1,Data Analyst,0,SYNTHETIC,76.5,88.9
ST02245,Student ST02245,Mechanical,7,6.38,70.4,67.6,0,5.2,3.6,4.6,2.1,6.0,2.4,2.0,2.3,3,2,1,0,1,5.1,6.9,2.7,5.3,5.8,5.1,0,0,Full-Stack Developer,1,SYNTHETIC,78.4,89.6
ST02246,Student ST02246,ISE,8,6.2,62.9,63.4,0,2.2,5.7,5.5,3.4,1.0,1.0,1.5,1.0,1,4,1,0,0,6.2,6.6,3.8,6.3,6.0,4.5,0,0,Full-Stack Developer,0,SYNTHETIC,93.1,75.9
ST02247,Student ST02247,ECE,8,7.16,70.1,75.1,0,4.8,4.6,8.0,7.4,6.1,6.2,2.3,3.2,1,1,2,0,0,7.4,6.0,5.0,9.6,9.7,6.0,0,1,Cloud/DevOps Engineer,1,SYNTHETIC,84.7,62.5
ST02248,Student ST02248,Mechanical,7,8.26,88.1,81.9,0,4.6,6.5,4.3,5.6,3.6,5.5,3.3,2.2,0,2,1,0,0,6.3,6.5,4.8,6.0,5.7,6.2,0,0,Data Analyst,0,SYNTHETIC,80.4,93.5
ST02249,Student ST02249,CSE,7,5.15,55.6,53.1,0,3.0,1.0,4.4,2.2,1.4,2.7,3.8,1.0,2,1,1,0,2,5.1,5.0,1.5,6.1,5.6,4.9,0,0,Full-Stack Developer,0,SYNTHETIC,86.8,90.0
ST02250,Student ST02250,CSE,8,6.98,65.4,76.2,0,6.0,5.4,5.9,6.9,3.4,3.9,5.2,3.8,1,2,2,0,1,6.7,7.0,5.8,4.5,5.6,5.8,0,0,Cloud/DevOps Engineer,1,SYNTHETIC,93.4,70.7
ST02251,Student ST02251,Mechanical,8,8.61,82.1,80.4,0,7.1,7.1,6.6,8.4,5.9,5.1,5.2,4.0,0,3,2,1,0,5.7,6.5,8.3,6.6,6.3,6.0,1,0,Full-Stack Developer,1,SYNTHETIC,97.1,76.2
ST02252,Student ST02252,CSE,7,7.53,73.0,74.1,0,6.9,5.0,7.5,5.0,4.9,3.2,3.7,3.9,1,2,2,1,0,6.4,5.9,5.5,4.8,5.3,5.6,0,0,AI/ML Engineer,0,SYNTHETIC,79.7,93.1
ST02253,Student ST02253,Mechanical,8,7.46,74.6,78.7,0,6.3,3.9,3.8,2.4,1.0,2.0,2.0,1.0,0,1,1,1,1,5.1,5.3,4.8,5.4,5.6,3.1,1,0,Data Analyst,1,SYNTHETIC,89.8,73.3
ST02254,Student ST02254,CSE,8,7.55,83.9,67.7,0,4.8,5.0,6.0,3.0,6.8,7.1,3.8,1.1,1,2,1,1,0,5.5,6.3,3.2,4.2,3.1,4.0,1,0,QA Specialist,1,SYNTHETIC,82.3,84.2
ST02255,Student ST02255,ECE,7,8.64,85.6,84.2,0,3.6,5.3,4.2,5.0,5.4,6.1,3.1,4.6,3,1,1,1,0,6.9,7.7,4.4,6.6,7.7,5.7,0,0,QA Specialist,1,SYNTHETIC,78.2,83.1
ST02256,Student ST02256,CSE,8,8.7,86.1,85.6,0,6.1,3.9,4.9,6.7,1.0,4.1,4.4,5.3,0,4,2,0,1,7.0,6.5,6.6,5.0,4.1,6.3,0,0,Cloud/DevOps Engineer,1,SYNTHETIC,75.5,69.3
ST02257,Student ST02257,ISE,7,7.0,70.0,74.0,1,4.7,3.4,4.0,4.8,2.2,1.6,3.0,1.0,0,3,1,1,0,4.7,5.2,3.9,6.8,6.4,6.8,2,0,QA Specialist,0,SYNTHETIC,78.8,77.7
ST02258,Student ST02258,Mechanical,8,6.88,64.0,67.0,0,5.9,2.9,3.9,1.8,2.8,3.7,3.2,1.4,1,4,1,0,1,7.6,6.8,3.9,6.1,6.0,5.1,1,0,Cybersecurity Specialist,0,SYNTHETIC,75.2,62.4
ST02259,Student ST02259,CSE,8,7.54,78.5,76.0,0,5.2,4.4,6.8,4.2,7.4,6.4,1.3,4.6,2,5,1,0,0,8.8,6.0,5.4,3.0,4.2,5.7,0,0,Cloud/DevOps Engineer,1,SYNTHETIC,77.8,91.1
ST02260,Student ST02260,CSE,8,8.59,89.6,78.4,0,4.2,6.2,4.7,7.7,5.7,4.5,1.6,2.0,2,3,2,2,0,6.0,7.0,7.1,7.0,5.6,6.6,0,0,Data Analyst,1,SYNTHETIC,92.6,68.8
ST02261,Student ST02261,ECE,7,6.95,66.5,69.3,0,4.0,5.2,3.9,3.8,3.9,4.5,1.7,3.8,2,4,1,0,0,5.8,6.0,4.8,8.5,7.0,6.0,1,1,QA Specialist,1,SYNTHETIC,88.3,79.0
ST02262,Student ST02262,ECE,8,8.12,81.2,79.1,0,6.8,8.5,7.6,5.7,7.9,4.4,1.7,5.5,1,2,2,0,1,6.3,7.6,6.8,8.4,9.1,7.0,0,0,AI/ML Engineer,0,SYNTHETIC,96.9,85.1
ST02263,Student ST02263,ISE,8,6.58,68.7,68.2,0,5.1,6.2,3.4,5.4,3.6,5.0,4.3,2.2,1,3,2,1,2,4.8,6.3,5.1,5.6,6.7,6.0,0,0,Full-Stack Developer,1,SYNTHETIC,83.9,70.7
ST02264,Student ST02264,CSE,7,8.6,88.4,80.6,0,2.4,2.5,5.0,6.6,5.0,5.4,1.0,4.9,0,3,1,2,1,5.3,6.9,5.2,6.5,6.3,4.7,2,0,QA Specialist,0,SYNTHETIC,94.0,69.8
ST02265,Student ST02265,Mechanical,8,8.88,88.3,82.9,0,5.2,6.4,7.4,3.4,5.4,5.0,3.2,1.6,1,4,1,1,0,5.8,6.0,3.6,4.9,5.7,6.6,0,0,Cybersecurity Specialist,1,SYNTHETIC,94.3,66.0
ST02266,Student ST02266,ECE,8,7.17,68.5,69.9,0,2.9,5.7,7.3,3.2,3.0,3.9,4.0,2.8,1,3,1,0,1,4.9,5.5,2.9,5.5,3.5,4.4,1,0,Full-Stack Developer,0,SYNTHETIC,83.8,77.1
ST02267,Student ST02267,CSE,8,6.75,65.7,69.5,0,4.8,5.9,7.1,6.0,6.3,3.0,4.9,2.2,0,4,2,1,1,4.7,6.9,5.6,5.9,5.1,4.4,0,0,Cybersecurity Specialist,0,SYNTHETIC,90.6,84.1
ST02268,Student ST02268,Mechanical,7,6.38,70.9,60.6,0,2.9,3.4,3.2,3.8,1.6,1.0,1.6,1.0,0,2,1,0,1,4.5,7.9,2.8,6.0,5.3,4.3,1,0,Cloud/DevOps Engineer,0,SYNTHETIC,80.5,74.4
ST02269,Student ST02269,CSE,7,9.29,96.8,81.1,0,5.0,6.2,7.1,7.3,2.3,7.8,2.8,3.0,0,6,2,0,1,7.1,6.9,6.7,6.6,4.7,6.2,1,0,Cybersecurity Specialist,1,SYNTHETIC,77.1,91.1
ST02270,Student ST02270,CSE,7,7.11,72.8,72.0,0,4.6,4.8,5.2,6.0,2.1,7.1,4.4,4.3,0,1,2,1,1,6.3,6.0,6.0,7.2,6.2,5.4,0,1,Data Analyst,1,SYNTHETIC,76.0,88.3
ST02271,Student ST02271,ECE,8,7.39,74.0,71.0,0,3.7,3.6,4.0,5.9,1.0,5.0,5.7,4.3,1,1,1,0,1,7.5,7.8,4.3,5.2,5.2,5.8,2,0,Data Analyst,1,SYNTHETIC,83.4,75.2
ST02272,Student ST02272,CSE,8,8.0,78.1,79.0,0,7.1,6.3,5.5,5.1,4.2,6.4,3.5,2.2,1,3,2,1,0,6.9,8.2,7.0,9.1,9.9,7.3,0,0,Cybersecurity Specialist,1,SYNTHETIC,96.6,88.3
ST02273,Student ST02273,CSE,7,8.03,81.5,85.1,0,5.6,5.5,4.6,7.1,3.1,5.3,3.6,4.1,0,4,2,2,0,8.0,9.1,5.3,7.4,7.1,6.3,0,0,QA Specialist,0,SYNTHETIC,83.2,80.4
ST02274,Student ST02274,ECE,7,7.61,70.9,75.1,0,5.7,8.4,6.0,4.6,2.5,4.0,4.0,1.0,1,3,1,0,1,5.9,7.8,5.2,6.1,5.4,4.7,0,0,Data Analyst,0,SYNTHETIC,81.8,83.2
ST02275,Student ST02275,CSE,8,8.14,79.7,80.2,0,5.7,6.4,4.7,6.8,4.9,4.3,2.4,5.1,0,2,2,1,2,7.3,5.9,6.9,5.2,4.2,5.5,0,0,Cybersecurity Specialist,1,SYNTHETIC,81.4,73.3
ST02276,Student ST02276,CSE,7,6.56,64.8,71.8,0,5.0,1.9,4.1,5.2,4.6,3.1,4.2,1.8,1,1,1,0,0,6.5,6.1,5.1,6.2,3.7,5.6,0,0,QA Specialist,1,SYNTHETIC,97.1,92.9
ST02277,Student ST02277,Mechanical,8,6.94,73.9,71.8,0,3.0,3.0,5.8,5.0,1.0,4.0,6.2,2.6,0,2,1,0,0,6.1,7.2,3.1,5.6,6.0,4.5,1,0,Data Analyst,0,SYNTHETIC,77.2,60.7
ST02278,Student ST02278,ISE,7,6.59,68.1,64.8,0,4.8,5.2,5.0,2.8,1.0,4.6,1.0,2.7,1,5,1,1,0,4.5,5.0,3.5,7.0,6.7,5.2,1,0,Cloud/DevOps Engineer,1,SYNTHETIC,79.6,61.8
ST02279,Student ST02279,Mechanical,7,7.55,76.3,77.1,0,4.5,5.4,6.1,6.1,3.1,4.5,2.2,3.9,1,3,2,0,0,6.4,5.7,5.8,4.2,2.4,5.4,1,0,Data Analyst,1,SYNTHETIC,94.6,67.3
ST02280,Student ST02280,CSE,7,8.76,92.2,83.2,0,6.0,8.0,4.6,4.1,5.3,4.2,4.6,2.4,0,2,1,1,0,7.5,6.9,4.8,7.9,8.3,5.9,0,0,AI/ML Engineer,0,SYNTHETIC,98.9,79.4
ST02281,Student ST02281,CSE,7,5.58,60.9,61.8,0,1.5,1.7,3.5,1.3,1.0,5.5,1.8,1.1,0,1,1,0,0,7.1,7.1,1.2,5.7,6.0,2.7,2,0,Cybersecurity Specialist,0,SYNTHETIC,89.0,66.5
ST02282,Student ST02282,ISE,7,7.11,69.3,73.3,0,6.5,6.1,3.8,7.2,3.6,5.9,5.2,3.7,1,4,2,0,0,6.3,7.7,5.8,4.6,3.3,6.9,2,0,AI/ML Engineer,1,SYNTHETIC,76.6,90.6
ST02283,Student ST02283,ISE,8,7.15,77.5,66.9,0,2.6,6.6,6.0,6.1,3.1,5.4,3.3,3.3,2,2,1,1,1,6.5,6.0,4.6,8.1,8.3,5.7,2,0,AI/ML Engineer,1,SYNTHETIC,75.8,65.4
ST02284,Student ST02284,ECE,8,7.88,83.4,76.1,0,4.9,4.8,6.4,4.0,4.8,6.3,2.6,2.2,0,2,1,1,0,4.6,5.6,4.2,7.8,7.5,5.3,0,1,AI/ML Engineer,0,SYNTHETIC,83.1,71.5
ST02285,Student ST02285,ISE,8,6.2,65.4,57.6,0,5.6,3.1,4.9,6.8,6.1,5.4,3.9,1.1,4,3,2,0,1,5.7,5.5,4.8,3.8,4.3,5.9,2,0,Cloud/DevOps Engineer,1,SYNTHETIC,90.6,79.0
ST02286,Student ST02286,Mechanical,8,9.11,94.6,87.8,0,6.1,3.0,5.6,6.1,2.4,5.2,4.7,3.0,3,5,2,0,0,7.6,8.9,5.9,6.3,7.3,5.9,1,0,QA Specialist,1,SYNTHETIC,91.7,89.8
ST02287,Student ST02287,CSE,7,7.25,78.3,69.5,0,4.1,2.7,6.0,3.4,2.3,3.3,2.3,3.2,0,1,1,0,2,6.1,6.5,4.0,6.8,4.9,5.6,1,0,Cloud/DevOps Engineer,0,SYNTHETIC,77.0,67.0
ST02288,Student ST02288,Mechanical,8,8.77,91.0,87.6,0,5.5,5.5,6.7,5.7,4.4,3.5,4.9,5.1,0,1,2,2,0,5.8,5.5,5.8,6.6,4.8,6.7,0,0,Cloud/DevOps Engineer,0,SYNTHETIC,82.9,92.5
ST02289,Student ST02289,ISE,8,7.24,76.9,76.4,0,4.7,4.2,5.7,4.9,1.2,3.6,2.1,2.4,1,1,1,0,0,6.2,4.4,4.5,8.0,7.5,6.5,1,0,Cybersecurity Specialist,0,SYNTHETIC,87.4,93.5
ST02290,Student ST02290,CSE,7,6.52,69.2,61.9,0,6.0,4.1,3.8,6.2,3.4,4.1,3.3,2.0,1,4,2,0,0,7.6,6.7,5.8,7.0,6.2,6.0,1,1,Full-Stack Developer,1,SYNTHETIC,93.4,94.5
ST02291,Student ST02291,CSE,8,7.28,76.3,75.6,0,6.4,7.5,8.1,6.2,3.6,4.8,1.0,3.3,0,2,2,0,0,6.1,6.5,5.2,8.1,8.1,8.0,4,0,Cloud/DevOps Engineer,1,SYNTHETIC,90.3,64.9
ST02292,Student ST02292,ISE,7,7.37,70.8,70.2,0,7.3,4.3,6.1,3.6,5.2,5.1,1.7,2.6,0,1,2,1,1,7.2,6.3,4.7,7.0,5.2,5.6,1,0,Full-Stack Developer,0,SYNTHETIC,90.4,70.2
ST02293,Student ST02293,ISE,8,7.79,79.8,76.0,0,4.9,5.2,5.1,4.0,1.3,2.9,3.3,1.1,0,3,1,1,0,7.8,7.7,5.2,6.4,6.3,5.4,0,0,Cloud/DevOps Engineer,1,SYNTHETIC,81.2,64.9
ST02294,Student ST02294,ISE,8,7.13,74.9,71.3,0,4.8,6.5,5.3,6.0,1.6,5.2,3.7,5.0,2,2,2,0,1,5.6,6.8,5.1,5.0,4.6,5.8,1,0,AI/ML Engineer,0,SYNTHETIC,98.5,84.1
ST02295,Student ST02295,ISE,8,7.3,76.4,73.3,0,4.3,5.2,5.8,4.4,3.6,4.0,4.2,2.4,3,2,1,1,0,5.3,7.7,2.5,6.9,5.2,5.4,1,0,Data Analyst,1,SYNTHETIC,80.6,63.2
ST02296,Student ST02296,Mechanical,8,5.35,66.6,59.1,0,5.4,3.8,4.8,5.0,1.0,4.3,5.6,4.8,2,2,1,0,0,5.7,4.0,4.4,6.3,4.9,7.1,2,0,Cloud/DevOps Engineer,0,SYNTHETIC,83.3,83.7
ST02297,Student ST02297,ECE,8,7.38,77.3,64.9,0,1.7,3.8,4.6,5.3,2.9,6.3,3.1,3.9,3,1,1,0,0,5.6,7.0,2.9,6.6,5.9,3.9,1,0,Full-Stack Developer,1,SYNTHETIC,76.2,90.9
ST02298,Student ST02298,ECE,7,9.44,88.1,92.6,0,6.9,8.6,7.5,8.1,4.1,4.4,4.2,3.7,1,1,2,1,0,8.3,8.3,7.3,6.4,5.5,7.0,0,0,AI/ML Engineer,1,SYNTHETIC,86.8,60.4
ST02299,Student ST02299,ECE,7,6.23,66.6,63.4,0,4.3,5.5,5.3,3.5,3.2,1.1,2.1,2.8,0,4,1,0,0,5.2,5.6,4.8,8.1,6.0,4.4,1,1,QA Specialist,0,SYNTHETIC,85.7,92.2
ST02300,Student ST02300,CSE,7,7.38,68.8,72.8,0,5.7,6.9,7.3,7.1,4.7,4.7,4.1,1.8,1,2,2,0,1,7.6,5.4,7.9,6.8,7.0,5.8,1,0,QA Specialist,0,SYNTHETIC,82.8,94.0
ST02301,Student ST02301,Mechanical,7,7.35,74.1,67.2,0,6.1,4.2,4.4,6.5,3.8,4.4,3.4,3.7,1,5,2,0,0,7.5,6.4,7.0,5.9,6.0,6.0,0,0,Full-Stack Developer,1,SYNTHETIC,87.6,71.3
ST02302,Student ST02302,CSE,8,6.94,70.1,67.1,1,8.6,4.7,6.5,5.1,3.3,5.7,3.5,6.5,2,1,2,1,1,5.2,7.4,6.9,5.4,4.4,5.2,0,0,Full-Stack Developer,0,SYNTHETIC,96.9,61.0
ST02303,Student ST02303,ECE,8,7.02,76.9,73.3,0,4.0,7.1,5.9,5.6,3.6,2.8,4.9,6.4,0,2,1,0,0,7.8,5.2,6.6,8.8,9.1,6.9,0,1,AI/ML Engineer,1,SYNTHETIC,77.6,70.5
ST02304,Student ST02304,ISE,8,7.56,81.4,75.3,0,4.8,6.0,6.4,3.5,3.3,5.9,2.7,4.9,3,5,1,2,0,5.5,6.8,4.7,7.0,7.4,5.4,0,0,AI/ML Engineer,1,SYNTHETIC,86.0,75.1
ST02305,Student ST02305,CSE,8,8.1,80.3,82.0,0,4.9,4.2,7.2,5.0,4.6,5.2,2.2,2.8,5,4,1,2,0,4.5,7.6,5.9,5.3,5.4,5.6,0,0,QA Specialist,1,SYNTHETIC,93.0,94.9
ST02306,Student ST02306,CSE,8,7.63,74.3,85.0,0,5.9,5.3,7.7,4.8,3.7,5.6,3.3,2.2,2,3,2,0,0,6.7,6.7,5.3,5.7,3.5,5.8,0,0,Cloud/DevOps Engineer,1,SYNTHETIC,94.5,72.7
ST02307,Student ST02307,CSE,7,7.68,87.2,80.3,0,6.0,3.7,4.5,4.6,3.8,4.5,3.3,1.2,0,5,2,0,0,8.1,8.1,4.6,5.2,3.6,3.6,0,0,Cloud/DevOps Engineer,1,SYNTHETIC,81.6,65.6
ST02308,Student ST02308,CSE,8,7.48,79.7,77.6,0,7.1,4.0,5.5,4.5,3.6,4.6,2.4,2.5,2,2,2,0,1,6.6,6.7,5.5,5.9,5.6,5.3,0,0,AI/ML Engineer,1,SYNTHETIC,87.0,65.5
ST02309,Student ST02309,ISE,8,7.9,79.4,82.5,0,7.0,7.0,6.5,4.4,5.2,7.0,4.6,2.9,0,1,2,1,1,7.5,7.0,4.6,5.3,4.1,5.2,0,0,Cybersecurity Specialist,0,SYNTHETIC,83.7,92.2
ST02310,Student ST02310,Mechanical,7,6.86,73.1,66.6,0,5.5,5.6,6.5,5.2,3.4,6.2,1.6,3.7,0,1,2,2,0,3.3,6.3,5.3,8.9,10.0,7.3,0,1,Cybersecurity Specialist,1,SYNTHETIC,75.3,66.2
ST02311,Student ST02311,CSE,8,6.45,70.0,65.3,0,5.2,4.5,4.8,3.8,1.0,4.5,3.6,5.6,0,4,1,0,1,5.2,6.9,4.7,4.9,6.6,4.3,0,0,AI/ML Engineer,1,SYNTHETIC,82.2,66.5
ST02312,Student ST02312,ISE,8,7.45,76.8,76.1,0,5.8,5.1,1.0,5.1,1.8,4.1,2.3,6.2,2,2,2,2,1,6.7,6.8,5.9,4.2,3.3,4.4,0,0,QA Specialist,0,SYNTHETIC,88.0,73.7
ST02313,Student ST02313,CSE,7,7.65,75.1,73.0,0,6.4,5.8,5.0,6.3,4.5,6.9,2.0,2.3,3,4,2,2,2,7.2,6.4,5.1,5.6,5.8,6.4,0,0,AI/ML Engineer,1,SYNTHETIC,91.2,90.4
ST02314,Student ST02314,CSE,7,6.6,70.1,65.0,0,4.5,4.6,5.0,2.8,3.4,4.5,3.5,2.4,2,2,1,0,0,7.1,7.5,1.9,4.8,5.3,3.6,1,0,Cloud/DevOps Engineer,1,SYNTHETIC,86.0,87.0
ST02315,Student ST02315,ECE,8,8.53,86.4,83.6,0,5.8,5.0,4.7,3.3,3.9,6.0,3.8,4.1,0,1,1,0,0,9.6,8.2,4.5,6.8,7.0,6.0,1,0,Cybersecurity Specialist,1,SYNTHETIC,88.5,72.4
ST02316,Student ST02316,CSE,7,6.56,65.6,71.7,0,4.0,3.4,2.1,3.7,2.2,3.9,1.1,2.4,3,4,1,0,2,6.7,7.7,4.1,6.1,6.4,4.3,0,0,AI/ML Engineer,0,SYNTHETIC,93.1,65.7
ST02317,Student ST02317,ECE,7,7.93,78.8,77.2,0,7.3,9.6,10.0,7.3,3.4,6.8,4.4,5.7,1,3,2,0,0,5.8,7.0,8.1,5.9,5.7,6.5,0,0,Cloud/DevOps Engineer,1,SYNTHETIC,91.6,68.3
ST02318,Student ST02318,ISE,7,7.88,74.8,83.8,0,5.8,6.3,5.2,2.5,4.4,3.5,3.5,4.1,1,2,1,0,0,8.7,7.2,4.5,6.4,7.4,4.3,0,0,Cloud/DevOps Engineer,1,SYNTHETIC,91.4,92.4
ST02319,Student ST02319,CSE,8,7.56,77.8,75.7,0,4.3,4.3,3.3,4.3,3.0,3.3,3.3,3.3,1,2,1,0,0,6.9,7.4,3.9,6.0,5.6,3.9,0,0,Cloud/DevOps Engineer,0,SYNTHETIC,93.3,87.6
ST02320,Student ST02320,CSE,8,7.82,75.8,80.3,0,6.0,7.1,4.3,5.9,4.0,6.0,6.1,5.7,0,4,2,0,0,6.8,7.3,6.4,6.4,5.8,5.7,0,0,Cloud/DevOps Engineer,0,SYNTHETIC,95.0,86.9
ST02321,Student ST02321,CSE,8,7.51,71.2,76.9,0,5.9,4.6,6.3,6.2,2.7,5.4,3.9,2.6,1,2,2,1,0,7.9,6.6,6.1,7.7,8.4,6.9,0,1,QA Specialist,1,SYNTHETIC,88.4,60.6
ST02322,Student ST02322,Mechanical,8,7.49,78.1,71.7,0,5.3,8.4,4.3,4.7,1.3,9.0,1.9,4.5,0,4,1,0,1,6.9,6.3,4.9,5.6,3.7,5.9,1,0,Full-Stack Developer,1,SYNTHETIC,92.6,84.6
ST02323,Student ST02323,CSE,8,7.55,76.8,80.4,0,6.8,6.4,4.8,4.1,2.0,5.7,1.0,1.0,0,2,2,0,0,8.1,6.8,5.9,5.4,6.8,3.0,0,0,QA Specialist,0,SYNTHETIC,85.0,94.2
ST02324,Student ST02324,CSE,8,7.69,79.4,77.7,0,2.7,5.6,2.6,3.8,1.5,4.1,1.9,2.9,0,3,1,0,0,4.4,8.8,2.5,6.0,5.6,5.4,2,0,Cybersecurity Specialist,1,SYNTHETIC,92.8,84.8
ST02325,Student ST02325,CSE,8,6.21,67.1,67.5,0,3.7,3.5,3.2,2.0,5.8,5.0,2.5,1.0,0,3,1,0,0,7.9,6.1,2.3,6.7,8.2,4.4,1,0,Cloud/DevOps Engineer,0,SYNTHETIC,91.8,93.3
ST02326,Student ST02326,CSE,8,5.92,62.8,66.0,0,3.5,3.6,4.0,3.9,5.0,2.7,1.2,1.0,0,3,1,0,1,5.0,6.6,3.6,3.9,4.3,4.4,0,0,Cloud/DevOps Engineer,1,SYNTHETIC,79.0,84.5
ST02327,Student ST02327,ISE,8,7.2,69.7,72.5,0,4.3,3.5,2.5,7.0,3.5,3.0,3.2,3.5,2,2,2,1,0,3.2,5.8,5.3,7.2,6.2,7.0,0,0,Cloud/DevOps Engineer,1,SYNTHETIC,94.4,66.1
ST02328,Student ST02328,ISE,8,7.9,78.3,72.4,0,7.6,5.4,6.0,8.7,5.3,3.9,2.1,1.5,2,3,2,1,0,7.5,7.0,8.5,7.1,6.9,8.1,0,1,Full-Stack Developer,1,SYNTHETIC,90.8,91.8
ST02329,Student ST02329,ECE,7,6.07,60.4,64.1,0,3.2,3.2,4.0,1.5,1.7,5.0,1.0,4.4,0,4,1,0,3,5.4,5.5,1.8,8.3,9.1,5.6,0,1,QA Specialist,0,SYNTHETIC,92.7,65.1
ST02330,Student ST02330,ISE,7,8.11,74.4,87.9,0,5.3,5.9,6.4,6.2,5.4,4.4,4.0,2.9,3,3,2,0,0,7.6,6.2,6.0,3.4,3.8,5.1,1,0,Cloud/DevOps Engineer,1,SYNTHETIC,88.4,89.7
ST02331,Student ST02331,CSE,7,7.01,70.4,78.0,0,5.4,6.0,6.7,6.0,3.2,5.4,3.2,6.1,2,1,2,2,0,5.8,5.4,5.5,5.5,4.5,7.1,1,0,Cybersecurity Specialist,1,SYNTHETIC,78.7,64.9
ST02332,Student ST02332,ECE,7,8.39,89.0,78.9,0,6.8,9.3,7.7,5.2,6.6,7.5,2.5,5.1,3,3,2,1,0,5.2,7.6,6.8,5.7,6.2,5.2,0,0,Cloud/DevOps Engineer,1,SYNTHETIC,95.1,61.1
ST02333,Student ST02333,Mechanical,7,6.66,66.4,67.9,0,3.5,5.6,5.9,3.9,4.3,4.5,1.7,2.9,0,1,1,0,0,5.6,7.3,4.0,7.1,6.4,4.3,1,1,Data Analyst,1,SYNTHETIC,90.1,94.2
ST02334,Student ST02334,Mechanical,8,8.49,89.2,87.4,0,7.7,8.2,9.3,8.7,6.8,6.7,4.8,4.0,1,3,2,1,1,6.7,8.2,7.4,6.0,5.3,7.3,0,0,Data Analyst,1,SYNTHETIC,96.7,77.4
ST02335,Student ST02335,Mechanical,8,7.39,76.9,77.4,0,2.9,5.2,4.4,6.2,5.4,4.1,3.4,3.8,1,3,1,1,0,5.8,6.0,5.2,6.6,6.2,5.3,0,0,Cybersecurity Specialist,1,SYNTHETIC,78.5,87.3
ST02336,Student ST02336,ECE,8,7.29,73.7,72.3,0,3.0,5.4,6.1,6.3,5.4,4.6,4.7,4.0,1,2,1,1,0,3.6,8.2,5.1,4.7,3.5,4.4,2,0,Cybersecurity Specialist,1,SYNTHETIC,92.3,62.2
ST02337,Student ST02337,CSE,8,7.83,76.5,85.1,0,2.7,4.5,3.0,3.3,4.1,3.8,2.3,3.6,1,1,1,0,0,5.6,4.8,3.2,7.9,6.8,3.1,1,0,AI/ML Engineer,1,SYNTHETIC,96.0,68.6
ST02338,Student ST02338,ISE,7,5.19,58.4,62.6,0,6.3,8.2,6.4,4.9,2.9,2.3,2.2,1.2,0,4,2,0,0,7.3,4.4,5.7,10.0,10.0,8.1,1,0,Cybersecurity Specialist,0,SYNTHETIC,75.4,95.0
ST02339,Student ST02339,ISE,7,8.18,76.9,75.7,0,5.8,4.1,4.4,7.4,4.2,4.7,3.8,3.5,0,1,2,2,0,5.4,6.9,7.6,7.4,6.4,8.7,0,1,Full-Stack Developer,0,SYNTHETIC,82.7,62.0
ST02340,Student ST02340,ISE,8,7.21,71.3,73.0,0,6.0,5.2,3.5,7.1,3.3,7.2,2.3,4.3,0,3,2,2,1,6.5,6.8,5.1,7.2,7.3,6.4,0,1,AI/ML Engineer,1,SYNTHETIC,77.1,69.2
ST02341,Student ST02341,ISE,7,8.53,89.9,80.6,0,5.6,4.5,4.5,6.3,3.1,6.8,3.2,3.0,2,2,2,0,0,6.8,8.2,6.2,8.1,6.3,6.6,2,1,Cybersecurity Specialist,1,SYNTHETIC,78.4,75.1
ST02342,Student ST02342,ISE,8,7.15,76.5,71.8,0,4.9,1.9,4.5,5.0,3.1,6.8,3.4,2.1,0,5,1,0,0,5.6,7.2,4.6,3.5,4.3,3.9,0,0,Cybersecurity Specialist,0,SYNTHETIC,89.5,75.8
ST02343,Student ST02343,CSE,7,6.4,62.8,60.5,0,4.6,7.2,4.2,3.5,3.2,6.5,1.1,2.5,1,3,1,0,0,5.7,4.9,3.5,4.7,4.7,4.8,0,0,Full-Stack Developer,1,SYNTHETIC,91.1,95.0
ST02344,Student ST02344,CSE,8,7.91,75.5,80.2,0,6.4,5.9,6.2,5.5,3.6,6.0,3.5,4.1,0,2,2,2,2,6.9,6.5,5.6,6.6,6.4,5.0,1,0,QA Specialist,1,SYNTHETIC,96.0,92.9
ST02345,Student ST02345,Mechanical,7,7.77,75.5,76.2,0,4.1,5.9,4.7,5.8,5.5,3.6,1.0,3.2,1,2,1,2,0,7.1,8.2,6.6,7.1,7.8,6.2,2,0,Cloud/DevOps Engineer,1,SYNTHETIC,86.1,61.0
ST02346,Student ST02346,ISE,7,6.94,68.6,70.8,0,4.9,1.7,5.3,4.2,2.6,1.8,3.4,2.3,1,1,1,1,0,5.2,7.1,4.2,6.2,5.8,5.4,1,0,Cloud/DevOps Engineer,1,SYNTHETIC,97.5,70.5
ST02347,Student ST02347,ECE,7,7.51,71.8,81.0,0,5.7,5.5,3.1,4.4,4.1,3.7,2.7,2.9,1,1,1,0,0,6.4,5.2,4.4,5.9,8.1,5.6,0,0,QA Specialist,0,SYNTHETIC,92.8,62.5
ST02348,Student ST02348,ECE,7,5.56,61.2,63.4,0,2.0,2.0,2.2,3.7,2.4,4.4,1.0,1.4,3,2,1,0,1,6.7,5.8,2.8,4.3,5.4,3.4,2,0,QA Specialist,1,SYNTHETIC,89.8,77.8
ST02349,Student ST02349,ECE,8,7.63,67.7,77.5,0,4.6,5.7,7.9,5.3,4.0,6.4,2.0,3.5,1,2,1,1,1,7.4,7.8,5.3,8.2,6.6,5.6,1,1,QA Specialist,1,SYNTHETIC,95.2,85.3
ST02350,Student ST02350,ISE,8,7.57,76.6,82.7,0,5.8,5.6,5.0,6.6,2.4,2.6,6.2,5.4,2,2,2,0,0,5.4,6.5,7.5,4.0,4.6,5.9,0,0,Cybersecurity Specialist,1,SYNTHETIC,84.3,61.3
ST02351,Student ST02351,CSE,8,7.67,80.8,76.9,0,6.0,5.0,8.6,6.0,5.4,6.6,7.3,3.3,0,3,2,0,1,6.9,5.7,5.5,5.2,5.4,4.4,0,0,QA Specialist,1,SYNTHETIC,84.9,66.1
ST02352,Student ST02352,Mechanical,8,8.17,88.9,82.3,0,4.2,5.0,5.5,6.2,3.6,7.7,4.4,4.4,0,2,1,0,0,8.0,7.7,5.6,6.5,6.9,4.5,0,0,Data Analyst,0,SYNTHETIC,87.6,67.3
ST02353,Student ST02353,Mechanical,7,8.09,82.1,86.5,0,5.5,2.1,4.6,4.5,5.7,4.3,4.5,1.4,0,1,1,1,0,6.0,8.7,4.9,4.3,3.8,5.5,1,0,Cloud/DevOps Engineer,0,SYNTHETIC,85.3,90.6
ST02354,Student ST02354,ECE,8,6.74,65.5,70.1,0,6.7,5.3,4.8,6.9,4.6,3.5,3.0,3.8,0,1,2,0,0,8.6,6.3,7.7,5.9,4.8,6.1,0,0,Data Analyst,0,SYNTHETIC,98.1,90.8
ST02355,Student ST02355,CSE,8,6.32,62.5,74.4,1,4.8,5.2,3.8,2.5,1.6,1.7,1.8,1.0,4,3,1,0,0,4.4,5.9,2.7,9.6,10.0,5.2,0,1,AI/ML Engineer,0,SYNTHETIC,84.6,82.8
ST02356,Student ST02356,Mechanical,8,7.3,71.4,81.2,0,4.2,5.1,3.2,3.6,3.9,1.8,3.1,1.0,1,1,1,0,0,5.0,6.6,2.7,8.0,8.3,5.1,0,0,QA Specialist,0,SYNTHETIC,82.0,93.0
ST02357,Student ST02357,ISE,8,7.2,72.4,76.4,0,5.6,5.0,4.1,7.9,4.3,3.4,3.7,1.8,0,1,2,0,1,4.7,6.7,6.7,9.0,9.1,8.0,0,0,Cybersecurity Specialist,1,SYNTHETIC,97.5,76.4
ST02358,Student ST02358,Mechanical,8,7.1,75.2,71.9,0,7.0,3.4,6.3,8.1,4.8,8.1,2.2,3.6,2,6,2,1,0,7.9,5.0,7.8,5.1,5.2,8.2,1,0,Cloud/DevOps Engineer,1,SYNTHETIC,96.8,87.7
ST02359,Student ST02359,ECE,7,6.66,67.4,73.1,0,3.3,4.2,4.8,2.6,1.0,1.7,4.3,1.4,1,4,1,0,0,4.6,5.6,2.2,6.8,7.6,4.0,1,0,AI/ML Engineer,0,SYNTHETIC,97.3,64.4
ST02360,Student ST02360,ECE,8,6.69,70.3,69.0,0,3.5,3.6,2.0,4.9,1.0,1.0,1.2,1.6,2,1,1,0,0,6.0,5.0,4.8,4.5,4.6,4.5,0,0,Full-Stack Developer,0,SYNTHETIC,80.3,69.7
ST02361,Student ST02361,CSE,8,9.15,82.5,87.0,0,5.9,6.6,5.2,3.9,3.4,5.9,4.0,4.7,1,1,1,0,0,7.3,6.9,5.0,6.6,4.7,6.7,0,0,QA Specialist,1,SYNTHETIC,85.4,94.1
ST02362,Student ST02362,ECE,7,6.61,67.2,61.0,0,5.7,4.9,5.3,3.5,3.6,5.5,3.9,3.3,1,1,1,0,1,5.1,6.8,4.5,6.9,4.9,4.9,0,0,QA Specialist,0,SYNTHETIC,92.1,82.3
ST02363,Student ST02363,CSE,8,7.63,80.4,78.6,0,3.2,5.7,5.6,8.4,2.0,4.0,3.0,1.0,1,3,2,0,0,8.7,6.8,5.7,7.7,6.4,5.8,0,0,QA Specialist,1,SYNTHETIC,82.3,93.3
ST02364,Student ST02364,CSE,7,7.24,72.5,69.8,0,4.8,2.9,3.3,5.2,2.9,4.1,2.5,5.9,0,1,1,0,2,5.2,7.7,4.8,7.8,8.9,5.4,1,1,Cloud/DevOps Engineer,0,SYNTHETIC,79.3,65.0
ST02365,Student ST02365,ISE,8,7.0,64.1,75.6,0,2.5,3.3,6.2,5.4,3.9,3.6,3.7,1.0,1,5,1,1,0,4.8,5.5,4.3,5.3,5.1,4.6,1,0,Cybersecurity Specialist,1,SYNTHETIC,79.9,71.5
ST02366,Student ST02366,Mechanical,8,5.4,55.0,58.4,0,4.4,5.8,5.6,5.1,4.2,3.6,2.5,4.3,2,2,1,0,0,5.1,6.2,4.1,8.3,6.0,6.7,2,1,Cloud/DevOps Engineer,0,SYNTHETIC,95.6,72.4
ST02367,Student ST02367,CSE,8,8.1,85.8,84.4,0,7.0,5.7,6.1,7.9,4.4,4.7,6.0,3.2,1,2,2,0,0,6.7,8.1,7.6,4.4,2.5,6.8,0,0,AI/ML Engineer,0,SYNTHETIC,79.1,75.9
ST02368,Student ST02368,CSE,8,7.77,80.1,78.0,0,4.5,6.5,5.7,4.5,4.3,1.3,6.7,1.0,0,4,1,2,1,7.8,5.7,4.3,6.0,6.5,4.4,1,0,AI/ML Engineer,0,SYNTHETIC,82.9,79.2
ST02369,Student ST02369,ECE,7,8.06,74.6,77.5,0,4.8,4.3,4.3,6.0,1.5,4.0,4.5,3.6,1,2,2,2,1,7.6,6.9,5.3,5.2,4.8,5.5,0,0,AI/ML Engineer,1,SYNTHETIC,90.3,77.4
ST02370,Student ST02370,ECE,8,7.47,71.0,79.1,0,4.1,3.6,5.9,4.0,4.6,3.4,2.9,1.1,1,5,1,1,1,7.1,6.5,3.4,6.2,6.2,5.7,0,0,QA Specialist,1,SYNTHETIC,75.3,69.1
ST02371,Student ST02371,CSE,7,7.7,73.9,81.7,0,3.6,5.6,7.6,5.5,3.0,4.2,3.3,1.4,2,1,1,2,0,6.4,6.1,4.2,4.7,5.2,5.5,0,0,Data Analyst,1,SYNTHETIC,76.7,87.2
ST02372,Student ST02372,CSE,8,7.45,78.5,76.6,0,2.5,4.0,6.0,1.6,5.8,5.0,3.0,2.2,0,5,1,1,0,5.3,4.9,2.2,5.2,5.3,3.8,2,0,QA Specialist,1,SYNTHETIC,83.3,84.7
ST02373,Student ST02373,ECE,7,7.87,79.0,72.7,0,7.8,7.3,5.6,9.3,5.8,6.4,5.4,4.5,1,4,2,0,0,6.3,7.5,9.0,6.9,6.3,8.2,0,0,Full-Stack Developer,1,SYNTHETIC,83.0,78.7
ST02374,Student ST02374,Mechanical,8,7.47,76.9,75.4,0,5.2,6.1,6.9,4.1,2.5,2.1,3.3,4.5,2,1,1,0,0,7.0,4.9,4.0,5.2,5.6,5.0,0,0,Data Analyst,0,SYNTHETIC,79.4,78.2
ST02375,Student ST02375,ECE,7,7.04,69.1,73.6,0,4.8,5.0,3.7,1.6,1.0,4.6,5.1,1.9,1,5,1,0,0,7.1,6.1,3.7,7.7,7.5,4.1,1,1,Cybersecurity Specialist,0,SYNTHETIC,82.9,73.6
ST02376,Student ST02376,ISE,8,8.72,80.3,85.7,0,6.9,3.1,5.4,2.5,4.5,5.6,3.0,2.5,0,2,1,2,0,7.1,6.6,4.4,5.2,4.9,5.5,2,0,Cybersecurity Specialist,0,SYNTHETIC,97.0,66.6
ST02377,Student ST02377,ECE,7,8.07,79.0,76.2,0,6.6,5.6,6.5,8.0,6.5,7.8,3.8,3.7,0,3,2,1,2,8.5,6.3,7.4,8.6,7.5,8.0,0,1,QA Specialist,1,SYNTHETIC,95.2,85.5
ST02378,Student ST02378,CSE,7,7.3,75.8,70.5,0,7.0,5.7,4.5,4.3,1.8,6.5,1.7,1.0,1,1,2,0,1,5.4,5.7,5.3,5.3,6.1,5.5,0,0,AI/ML Engineer,0,SYNTHETIC,84.7,74.7
ST02379,Student ST02379,ECE,7,7.24,74.4,72.7,0,4.0,5.2,3.8,2.8,1.0,4.4,4.2,1.9,2,2,1,1,0,6.2,6.6,4.3,6.3,5.3,3.1,0,0,Cybersecurity Specialist,1,SYNTHETIC,81.9,76.5
ST02380,Student ST02380,ECE,8,7.98,81.4,71.5,0,5.0,6.0,6.4,6.4,5.2,4.9,5.6,3.8,2,1,2,2,0,7.9,5.5,6.7,6.1,6.1,5.4,1,0,AI/ML Engineer,1,SYNTHETIC,81.9,75.6
ST02381,Student ST02381,ISE,8,7.45,72.3,71.4,0,5.9,5.1,4.6,4.4,4.3,6.7,5.2,2.8,0,1,1,0,1,6.5,6.7,5.5,4.6,3.7,4.7,0,0,Cloud/DevOps Engineer,1,SYNTHETIC,75.4,87.9
ST02382,Student ST02382,Mechanical,7,7.35,78.6,82.1,0,4.2,4.5,7.6,4.3,2.8,4.8,4.1,4.4,2,3,1,1,0,5.1,6.8,5.0,6.4,5.2,5.3,0,0,AI/ML Engineer,1,SYNTHETIC,80.4,64.4
ST02383,Student ST02383,Mechanical,8,8.58,79.9,80.4,0,5.7,4.5,3.0,3.9,3.6,4.6,4.2,1.0,0,1,1,2,0,7.9,7.8,6.3,5.6,4.8,5.4,1,0,Full-Stack Developer,1,SYNTHETIC,84.1,69.2
ST02384,Student ST02384,ISE,8,6.34,67.7,64.2,0,3.9,4.5,3.6,6.0,3.3,2.7,2.0,3.5,1,1,1,0,0,5.1,6.5,5.5,8.6,9.4,6.1,1,0,Full-Stack Developer,0,SYNTHETIC,93.9,92.2
ST02385,Student ST02385,ECE,7,6.35,60.3,67.0,0,6.6,4.7,5.5,7.2,2.6,1.4,5.0,1.2,1,2,2,0,0,5.7,5.9,7.1,9.2,7.8,8.4,0,1,AI/ML Engineer,0,SYNTHETIC,75.4,60.2
ST02386,Student ST02386,Mechanical,7,6.94,69.2,60.9,0,4.5,2.1,5.1,5.0,2.5,1.6,4.4,5.3,2,1,1,1,0,7.6,6.4,4.4,6.3,5.7,6.6,1,0,Cybersecurity Specialist,1,SYNTHETIC,92.3,63.5
ST02387,Student ST02387,CSE,8,7.02,66.0,76.8,0,6.1,4.0,6.8,5.7,3.8,5.9,2.7,4.8,1,2,2,0,0,5.7,7.1,5.4,7.5,7.9,5.7,0,0,Data Analyst,1,SYNTHETIC,80.2,80.7
ST02388,Student ST02388,ISE,8,7.28,71.3,67.1,0,7.2,4.8,7.0,7.1,4.1,6.4,4.2,5.1,1,1,2,0,0,4.2,7.0,6.9,6.1,7.7,7.2,0,0,QA Specialist,0,SYNTHETIC,78.2,84.6
ST02389,Student ST02389,ECE,7,7.6,75.7,70.1,0,7.5,7.2,5.9,4.8,4.6,5.2,3.3,5.9,2,5,2,1,0,6.4,4.8,6.7,5.9,5.8,5.3,0,0,Full-Stack Developer,1,SYNTHETIC,97.5,87.6
ST02390,Student ST02390,Mechanical,7,9.35,87.8,89.9,0,5.6,7.0,6.6,4.6,5.2,6.4,1.2,3.8,1,4,1,2,0,6.2,6.3,4.2,7.3,6.0,6.4,0,1,Cloud/DevOps Engineer,1,SYNTHETIC,93.1,86.4
ST02391,Student ST02391,Mechanical,7,6.87,65.4,80.9,0,4.8,3.6,3.9,5.5,3.8,3.6,4.3,2.3,3,5,1,0,0,5.8,4.3,6.4,5.0,3.8,4.8,1,0,Cloud/DevOps Engineer,1,SYNTHETIC,75.7,66.9
ST02392,Student ST02392,CSE,7,5.13,55.0,53.8,1,5.4,3.7,4.8,3.8,4.6,4.4,1.0,2.7,0,1,1,0,3,4.3,5.1,3.9,6.4,8.0,4.0,0,0,AI/ML Engineer,0,SYNTHETIC,93.6,83.6
ST02393,Student ST02393,ISE,7,6.95,71.3,72.4,0,3.6,3.6,7.5,3.2,5.2,6.7,4.8,1.7,0,2,1,0,0,6.5,4.5,3.5,5.9,5.7,3.1,0,0,Data Analyst,0,SYNTHETIC,88.1,77.8
ST02394,Student ST02394,ISE,7,6.06,55.6,67.6,0,5.0,1.8,4.5,4.8,1.2,2.1,1.8,1.2,1,1,1,1,1,7.6,5.3,4.6,7.2,6.3,5.6,2,0,Data Analyst,0,SYNTHETIC,84.1,75.0
ST02395,Student ST02395,CSE,7,5.75,55.0,58.3,0,2.7,4.7,4.4,4.6,2.6,1.5,2.3,4.1,0,5,1,0,1,4.4,4.5,4.5,6.5,7.5,5.9,2,0,Cybersecurity Specialist,1,SYNTHETIC,78.9,94.5
ST02396,Student ST02396,ISE,7,6.19,60.8,57.8,0,4.9,4.3,4.9,5.4,1.1,3.9,3.0,1.7,1,1,1,0,0,6.8,5.7,5.3,8.0,8.8,6.5,0,1,Cybersecurity Specialist,0,SYNTHETIC,91.1,78.9
ST02397,Student ST02397,CSE,7,7.75,77.9,77.4,0,5.9,6.9,4.1,6.3,7.9,3.2,4.6,2.7,1,3,2,0,0,5.4,7.7,5.9,7.5,8.3,7.9,0,0,Cybersecurity Specialist,1,SYNTHETIC,79.4,80.7
ST02398,Student ST02398,CSE,7,5.97,56.8,71.1,0,2.9,3.7,5.1,5.5,1.9,4.9,2.1,2.8,0,4,1,0,0,4.8,6.0,3.9,6.7,5.4,4.9,0,0,AI/ML Engineer,0,SYNTHETIC,92.1,69.7
ST02399,Student ST02399,Mechanical,7,6.01,65.7,66.7,0,1.9,4.4,6.1,2.1,3.1,2.6,1.9,2.8,2,3,1,0,0,6.0,5.9,1.8,6.5,8.2,4.3,1,0,Cybersecurity Specialist,0,SYNTHETIC,85.2,79.8
ST02400,Student ST02400,CSE,7,7.47,78.8,76.8,0,5.2,7.0,3.9,5.3,4.1,4.2,3.6,1.0,1,1,2,1,0,7.2,7.4,5.5,6.3,6.1,5.4,1,0,Full-Stack Developer,1,SYNTHETIC,91.1,91.5
ST02401,Student ST02401,CSE,8,8.02,87.2,77.7,0,4.4,7.9,6.2,2.9,3.6,6.8,4.8,5.8,3,2,1,0,0,6.1,7.3,3.8,5.8,4.8,4.6,0,0,QA Specialist,1,SYNTHETIC,91.9,74.2
ST02402,Student ST02402,ECE,8,7.35,63.6,72.7,0,4.6,1.0,5.4,5.9,5.3,5.4,6.0,2.4,2,5,1,1,1,6.2,7.0,5.6,6.9,7.2,6.1,1,0,Data Analyst,0,SYNTHETIC,86.3,85.5
ST02403,Student ST02403,CSE,8,6.67,70.5,62.9,1,6.0,5.3,6.1,3.4,3.3,5.9,1.5,4.0,0,6,1,1,0,6.8,5.1,3.5,5.2,6.3,5.3,0,0,Data Analyst,1,SYNTHETIC,85.8,87.0
ST02404,Student ST02404,CSE,8,8.46,90.7,78.4,0,5.2,7.7,6.9,5.3,2.8,4.4,2.4,2.5,1,2,1,0,2,5.5,5.6,5.0,4.2,3.8,5.0,1,0,QA Specialist,1,SYNTHETIC,90.4,83.9
ST02405,Student ST02405,ISE,8,8.07,82.3,81.1,0,5.2,5.7,6.3,6.7,1.9,5.4,5.4,2.5,0,2,2,0,0,6.0,6.5,6.4,6.1,6.1,4.6,0,0,Data Analyst,1,SYNTHETIC,78.7,72.4
ST02406,Student ST02406,CSE,7,9.3,90.7,88.6,0,6.4,6.0,5.0,8.2,3.4,7.7,2.4,5.1,2,5,2,1,0,7.8,8.9,7.5,5.2,6.8,6.6,0,0,Cloud/DevOps Engineer,1,SYNTHETIC,85.3,91.0
ST02407,Student ST02407,ISE,7,6.86,65.0,69.0,0,4.4,5.4,4.7,4.8,1.7,7.8,3.9,2.6,0,5,1,0,1,4.9,5.8,4.4,6.9,7.3,6.5,0,0,Cloud/DevOps Engineer,1,SYNTHETIC,87.7,65.3
ST02408,Student ST02408,ISE,8,8.7,83.8,83.7,0,6.0,3.7,4.5,6.0,4.1,2.3,4.0,2.4,0,1,2,1,0,8.1,6.1,5.4,6.5,5.0,5.7,0,0,Cybersecurity Specialist,1,SYNTHETIC,97.9,74.7
ST02409,Student ST02409,ISE,8,8.65,85.4,92.0,0,6.3,9.3,8.1,9.0,4.0,8.3,4.2,6.2,0,6,2,0,0,7.3,7.4,7.0,5.7,6.2,7.0,0,0,Full-Stack Developer,1,SYNTHETIC,94.8,65.2
ST02410,Student ST02410,ECE,8,7.64,78.9,76.0,0,5.2,6.0,4.6,5.0,3.9,3.8,3.9,3.4,1,2,1,2,3,7.0,6.6,5.5,6.0,7.0,6.9,1,0,AI/ML Engineer,1,SYNTHETIC,85.7,94.3
ST02411,Student ST02411,CSE,7,8.07,81.7,84.6,0,6.7,5.6,6.2,4.9,3.6,5.7,5.4,1.0,0,4,2,0,0,6.8,7.8,6.3,7.2,6.6,7.4,0,0,AI/ML Engineer,1,SYNTHETIC,87.8,86.7
ST02412,Student ST02412,CSE,8,7.01,68.0,73.6,0,4.4,3.2,3.9,4.8,1.4,3.5,1.0,1.9,4,1,1,0,0,6.6,7.4,5.0,6.1,4.7,3.2,1,0,Data Analyst,0,SYNTHETIC,81.1,75.9
ST02413,Student ST02413,ISE,7,6.27,66.2,61.0,0,4.1,4.0,3.6,1.6,2.0,3.6,2.3,3.5,0,2,1,0,0,5.9,7.1,1.9,6.7,6.8,4.2,0,0,AI/ML Engineer,0,SYNTHETIC,96.8,83.2
ST02414,Student ST02414,CSE,8,6.09,63.8,66.9,0,5.3,6.3,1.0,4.7,1.0,3.9,4.7,2.3,1,6,1,0,1,7.1,4.8,4.7,6.1,5.8,6.0,0,0,QA Specialist,1,SYNTHETIC,80.2,93.2
ST02415,Student ST02415,ISE,8,9.69,86.7,97.0,0,9.9,8.5,7.8,7.3,4.0,6.6,5.0,5.5,1,2,2,0,1,6.5,7.2,7.7,5.0,5.3,9.3,0,0,Cybersecurity Specialist,1,SYNTHETIC,85.3,75.3
ST02416,Student ST02416,Mechanical,7,8.3,83.2,82.8,0,6.6,6.0,3.5,4.7,2.8,4.2,4.7,2.1,1,1,2,1,3,6.9,8.3,5.9,5.4,6.0,4.5,1,0,Full-Stack Developer,1,SYNTHETIC,90.9,70.3
ST02417,Student ST02417,CSE,7,6.35,65.8,59.9,0,4.0,4.8,7.1,6.0,5.0,6.0,4.0,5.9,2,1,1,0,1,5.8,6.8,4.3,3.5,1.9,3.7,1,0,AI/ML Engineer,0,SYNTHETIC,98.8,78.1
ST02418,Student ST02418,ISE,8,7.97,82.7,84.7,0,4.7,4.4,7.2,6.3,3.8,7.4,2.7,1.4,1,2,2,0,0,6.5,8.0,6.0,3.9,4.3,4.9,0,0,Cybersecurity Specialist,0,SYNTHETIC,78.5,69.0
ST02419,Student ST02419,ISE,8,5.99,64.4,68.1,0,3.2,3.8,1.0,2.7,1.9,1.0,1.0,1.5,3,2,1,0,0,5.6,4.0,2.2,6.3,5.9,4.5,1,0,Full-Stack Developer,0,SYNTHETIC,75.1,94.0
ST02420,Student ST02420,CSE,8,8.45,83.7,80.2,0,4.3,6.2,8.1,5.3,3.6,7.9,4.4,3.8,1,1,1,1,1,7.9,7.9,5.7,4.1,4.7,5.8,1,0,Cybersecurity Specialist,1,SYNTHETIC,98.6,77.2
ST02421,Student ST02421,ECE,7,7.36,76.7,77.6,0,3.2,5.1,3.7,3.2,4.8,2.3,1.0,1.2,0,1,1,0,0,6.3,6.1,3.5,6.5,7.3,4.1,2,0,Cloud/DevOps Engineer,0,SYNTHETIC,81.3,75.4
ST02422,Student ST02422,ECE,7,9.25,92.7,87.0,0,5.4,7.0,7.8,8.1,5.6,5.6,5.9,3.1,0,5,2,1,0,6.0,7.4,5.6,6.4,6.6,5.4,0,0,Cybersecurity Specialist,1,SYNTHETIC,95.5,74.3
ST02423,Student ST02423,ECE,7,7.68,77.1,73.6,0,5.6,4.5,4.6,5.0,5.2,4.6,4.8,1.0,0,2,2,2,0,7.4,6.6,4.3,6.8,7.6,6.0,0,0,Cybersecurity Specialist,1,SYNTHETIC,86.1,66.2
ST02424,Student ST02424,CSE,8,7.41,78.0,78.3,0,4.8,5.2,4.0,4.4,4.4,5.0,2.2,1.7,1,1,1,0,1,6.9,5.9,3.1,7.0,7.5,6.1,1,1,Data Analyst,0,SYNTHETIC,89.0,83.7
ST02425,Student ST02425,ECE,7,7.66,73.5,76.6,0,5.5,3.4,6.1,4.3,4.1,3.9,3.0,1.5,1,3,1,0,1,7.5,7.1,5.4,6.5,5.6,6.2,1,0,QA Specialist,1,SYNTHETIC,84.9,66.5
ST02426,Student ST02426,CSE,7,6.71,70.6,66.7,0,4.5,5.8,5.4,5.0,3.2,3.1,1.6,3.0,1,2,1,0,0,7.4,7.2,4.6,9.5,8.6,6.4,2,0,Data Analyst,1,SYNTHETIC,77.4,74.8
ST02427,Student ST02427,CSE,8,6.65,67.2,70.0,0,4.1,6.0,4.8,3.2,2.9,4.1,6.2,2.0,1,3,1,1,0,5.6,5.2,3.1,5.8,4.7,4.6,0,0,Cybersecurity Specialist,0,SYNTHETIC,75.8,92.5
ST02428,Student ST02428,CSE,8,5.85,58.8,57.1,0,2.5,3.3,4.8,3.6,2.6,2.0,3.4,2.5,1,3,1,0,0,6.4,5.2,2.9,5.4,4.6,3.3,0,0,Cybersecurity Specialist,0,SYNTHETIC,85.2,94.2
ST02429,Student ST02429,CSE,7,8.73,85.3,84.5,0,6.9,6.1,8.0,9.7,5.5,5.8,1.0,5.6,0,1,2,1,1,6.5,6.8,7.3,6.8,7.0,8.1,0,0,Cloud/DevOps Engineer,1,SYNTHETIC,78.8,71.2
ST02430,Student ST02430,CSE,8,5.59,63.2,56.1,0,4.0,3.4,4.3,4.2,1.0,4.3,1.5,3.2,1,4,1,1,0,4.7,5.1,4.1,5.1,5.6,5.2,1,0,QA Specialist,1,SYNTHETIC,88.8,72.3
ST02431,Student ST02431,ECE,7,7.48,75.1,81.9,0,8.8,3.9,4.5,6.5,3.4,6.2,1.9,4.9,1,6,2,0,0,8.0,6.3,7.4,8.8,7.7,7.5,0,1,Cybersecurity Specialist,1,SYNTHETIC,79.2,60.4
ST02432,Student ST02432,ISE,7,8.27,89.3,85.1,0,3.9,5.1,6.0,4.9,2.8,5.4,4.7,2.3,5,4,1,0,1,8.1,6.7,4.7,6.4,8.1,6.6,2,0,AI/ML Engineer,1,SYNTHETIC,82.4,81.9
ST02433,Student ST02433,Mechanical,8,7.5,78.5,73.7,0,4.9,4.4,5.2,4.9,3.3,4.8,4.3,4.6,0,1,1,0,0,5.0,6.1,4.1,6.8,6.5,5.8,0,0,Data Analyst,1,SYNTHETIC,76.8,74.7
ST02434,Student ST02434,CSE,8,7.14,78.0,72.4,0,1.1,3.9,5.6,4.7,3.2,4.2,1.4,1.0,1,4,1,0,0,5.6,7.6,2.0,6.7,7.1,3.9,3,0,Cybersecurity Specialist,0,SYNTHETIC,94.4,72.1
ST02435,Student ST02435,Mechanical,7,7.53,74.8,74.9,0,3.7,2.5,4.7,5.3,3.5,2.7,2.1,2.6,2,1,1,0,0,6.6,6.6,5.0,6.2,6.5,5.9,0,0,Data Analyst,1,SYNTHETIC,92.7,77.0
ST02436,Student ST02436,CSE,8,7.7,78.7,73.7,0,7.2,8.1,6.5,6.5,2.7,8.1,4.7,6.5,1,2,2,0,0,6.5,6.6,5.3,6.0,7.2,6.3,1,0,Cybersecurity Specialist,1,SYNTHETIC,82.2,66.6
ST02437,Student ST02437,ISE,8,8.59,74.9,87.0,0,5.3,10.0,7.7,6.5,6.1,6.3,4.6,3.9,1,6,2,0,0,8.4,6.1,6.2,8.3,8.5,7.7,0,0,AI/ML Engineer,1,SYNTHETIC,94.6,82.3
ST02438,Student ST02438,ECE,8,7.86,76.5,73.7,0,5.8,7.5,4.1,7.1,5.2,7.5,3.4,3.5,2,3,2,2,1,9.0,6.3,6.9,4.6,4.0,5.7,2,0,AI/ML Engineer,1,SYNTHETIC,87.9,73.1
ST02439,Student ST02439,ISE,7,9.66,89.9,97.0,0,8.1,4.9,5.0,4.8,4.0,4.7,3.5,3.6,0,1,2,3,1,7.8,7.8,6.1,5.2,5.2,5.8,1,0,AI/ML Engineer,0,SYNTHETIC,86.1,94.7
ST02440,Student ST02440,ECE,7,7.92,76.3,84.4,0,5.1,5.5,7.5,6.8,4.6,6.2,1.4,2.4,1,3,2,1,0,7.4,6.0,7.8,6.5,6.2,6.5,1,0,Data Analyst,1,SYNTHETIC,89.2,61.9
ST02441,Student ST02441,Mechanical,8,7.28,74.6,80.2,0,4.7,4.8,5.0,4.6,3.9,4.4,3.4,3.6,3,1,1,0,0,5.5,5.5,3.7,5.7,5.6,4.9,1,0,Data Analyst,0,SYNTHETIC,75.1,72.5
ST02442,Student ST02442,Mechanical,7,7.97,80.6,80.8,0,5.6,7.4,5.7,5.6,1.2,4.6,1.9,5.3,0,3,2,0,1,7.9,6.5,5.6,6.3,5.6,6.1,1,0,Cybersecurity Specialist,1,SYNTHETIC,80.1,77.1
ST02443,Student ST02443,CSE,7,7.89,79.5,76.8,0,4.3,3.9,5.2,5.8,4.4,3.3,3.4,1.4,0,3,1,1,0,7.9,8.5,5.0,5.2,4.1,4.1,0,0,Data Analyst,0,SYNTHETIC,94.8,72.4
ST02444,Student ST02444,Mechanical,7,8.02,84.6,77.3,0,3.3,5.3,3.7,3.9,2.4,4.4,3.6,1.0,1,5,1,0,0,6.2,6.5,4.1,6.0,4.8,5.9,1,0,Cloud/DevOps Engineer,1,SYNTHETIC,85.0,65.1
ST02445,Student ST02445,CSE,8,7.59,79.2,68.7,0,3.0,4.3,3.2,3.5,2.6,2.3,4.5,1.0,3,1,1,3,0,5.3,7.6,3.6,6.6,6.3,3.6,4,0,Full-Stack Developer,1,SYNTHETIC,81.9,82.2
ST02446,Student ST02446,ECE,7,7.64,71.6,81.9,0,7.1,3.3,5.6,6.7,5.9,5.3,2.9,2.7,1,4,2,0,1,7.6,6.1,6.3,7.5,7.3,5.4,1,0,Full-Stack Developer,1,SYNTHETIC,87.7,62.6
ST02447,Student ST02447,CSE,8,6.16,62.7,60.1,0,2.4,4.3,4.0,6.1,1.4,4.3,4.7,3.3,2,3,1,0,0,8.1,4.7,5.1,5.2,3.3,4.5,1,0,QA Specialist,1,SYNTHETIC,81.2,87.2
ST02448,Student ST02448,CSE,7,8.26,82.4,78.3,0,5.3,5.6,5.3,4.8,2.5,4.6,3.6,5.8,1,3,1,1,2,6.1,7.1,5.5,7.2,6.8,5.4,4,1,Cloud/DevOps Engineer,1,SYNTHETIC,84.9,85.4
ST02449,Student ST02449,CSE,7,8.27,79.9,83.4,0,7.7,5.0,6.2,5.3,5.4,6.2,4.2,3.4,0,4,2,0,0,8.7,4.7,6.0,7.0,7.4,7.5,1,0,Full-Stack Developer,1,SYNTHETIC,82.6,86.6
ST02450,Student ST02450,Mechanical,7,6.49,62.3,58.3,0,6.2,3.6,3.6,4.6,3.7,6.2,5.4,3.9,3,2,2,0,1,6.3,5.6,5.5,5.1,4.1,4.6,1,0,Cloud/DevOps Engineer,1,SYNTHETIC,88.8,92.4
ST02451,Student ST02451,Mechanical,7,7.51,76.3,79.9,0,4.7,4.4,5.7,3.2,5.2,3.7,1.0,1.6,2,4,1,0,1,8.2,6.8,3.8,6.5,5.6,4.3,0,0,Cybersecurity Specialist,0,SYNTHETIC,77.3,73.9
ST02452,Student ST02452,CSE,7,5.99,58.0,61.1,0,3.3,2.7,5.4,2.4,2.8,5.1,2.6,5.5,0,5,1,0,1,4.2,5.6,3.0,5.3,4.8,3.6,0,0,AI/ML Engineer,1,SYNTHETIC,89.3,67.8
ST02453,Student ST02453,CSE,7,8.43,82.2,84.8,0,6.3,6.0,5.3,2.5,2.8,5.3,4.8,2.2,2,3,1,2,0,7.2,7.3,4.2,5.8,5.4,6.0,2,0,Data Analyst,0,SYNTHETIC,75.3,93.3
ST02454,Student ST02454,Mechanical,7,7.01,68.7,66.6,0,6.5,7.0,6.1,6.9,2.1,1.0,3.8,4.0,0,6,2,0,1,5.4,6.8,7.1,5.5,3.5,7.4,0,0,Full-Stack Developer,1,SYNTHETIC,98.5,91.3
ST02455,Student ST02455,CSE,7,10.0,98.0,97.0,0,5.9,8.0,6.3,7.9,6.0,7.8,4.3,1.0,1,5,2,3,0,6.8,6.9,6.8,5.9,5.2,7.3,2,0,Full-Stack Developer,1,SYNTHETIC,85.9,63.1
ST02456,Student ST02456,CSE,7,7.81,71.1,78.6,0,3.9,4.1,2.1,3.8,1.0,2.0,2.7,3.9,0,2,1,1,1,5.4,6.1,3.3,2.4,3.5,3.7,1,0,Cloud/DevOps Engineer,1,SYNTHETIC,96.0,79.8
ST02457,Student ST02457,ECE,7,7.15,74.1,70.5,0,5.3,6.8,3.3,3.1,3.0,2.6,4.1,1.0,2,3,1,0,1,5.3,6.6,4.2,5.5,5.4,5.1,0,0,Cybersecurity Specialist,0,SYNTHETIC,82.7,87.3
ST02458,Student ST02458,ECE,7,6.72,69.4,73.4,0,5.1,3.7,3.3,2.8,1.5,2.9,1.6,1.0,2,2,1,0,0,7.8,6.5,3.1,8.3,6.8,6.2,0,0,Cloud/DevOps Engineer,1,SYNTHETIC,89.8,86.1
ST02459,Student ST02459,CSE,7,7.49,72.5,74.5,0,6.7,6.0,5.1,4.1,4.3,5.7,4.9,1.6,1,1,2,0,0,7.9,6.4,4.6,7.5,8.6,6.3,0,0,QA Specialist,1,SYNTHETIC,83.7,62.1
ST02460,Student ST02460,CSE,8,7.69,73.5,71.9,0,4.9,5.5,3.9,4.5,4.7,8.5,3.5,4.0,2,4,1,3,0,7.1,6.3,5.8,5.1,3.8,5.5,0,0,Cloud/DevOps Engineer,1,SYNTHETIC,84.8,73.1
ST02461,Student ST02461,ISE,8,8.12,75.4,79.6,0,5.8,6.1,5.7,6.4,2.2,6.0,3.5,4.1,1,3,2,0,0,8.0,7.1,8.2,8.0,7.4,5.6,0,1,QA Specialist,1,SYNTHETIC,81.6,73.7
ST02462,Student ST02462,ECE,8,8.7,87.1,90.8,0,6.7,5.9,4.1,3.9,2.3,5.1,3.8,5.3,1,1,2,1,0,5.2,8.0,5.3,7.1,5.6,6.6,0,1,Data Analyst,1,SYNTHETIC,83.8,67.0
ST02463,Student ST02463,ECE,8,6.63,69.3,71.3,0,6.9,6.0,5.6,3.2,4.4,3.5,3.0,2.9,1,1,1,0,0,6.0,5.8,4.5,5.2,5.9,3.8,0,0,Full-Stack Developer,0,SYNTHETIC,91.3,92.8
ST02464,Student ST02464,ISE,8,6.23,61.2,70.5,0,4.1,4.6,3.7,3.2,1.0,1.9,3.3,1.4,0,4,1,0,0,5.8,4.9,4.8,6.8,7.6,5.2,0,0,Cybersecurity Specialist,0,SYNTHETIC,84.6,68.9
ST02465,Student ST02465,CSE,8,7.0,68.2,73.1,0,3.3,6.1,4.8,5.4,2.5,5.8,2.0,3.0,2,1,1,0,0,5.9,6.0,4.2,5.7,7.0,4.5,3,0,Cybersecurity Specialist,1,SYNTHETIC,93.1,73.5
ST02466,Student ST02466,ECE,8,6.48,66.4,62.4,0,5.6,4.4,6.3,4.1,3.3,5.5,2.8,5.0,1,3,1,0,0,6.5,6.7,5.1,5.9,3.6,4.6,0,0,Cybersecurity Specialist,0,SYNTHETIC,82.3,60.1
ST02467,Student ST02467,CSE,7,8.48,90.6,85.2,0,4.6,6.7,6.4,2.5,1.7,5.5,2.5,1.8,2,2,1,1,0,8.2,6.7,3.7,6.7,6.5,5.8,2,0,QA Specialist,1,SYNTHETIC,83.6,72.3
ST02468,Student ST02468,CSE,7,7.32,65.0,69.5,0,5.9,4.9,3.1,4.6,4.1,5.0,4.5,4.4,4,1,2,0,1,6.4,7.4,3.6,5.2,5.9,5.2,1,0,Cloud/DevOps Engineer,1,SYNTHETIC,99.0,66.3
ST02469,Student ST02469,CSE,8,6.47,74.1,64.4,0,4.9,2.5,2.6,2.8,3.8,6.2,2.4,1.0,1,2,1,0,0,7.0,5.9,3.8,5.9,6.2,4.3,0,0,Cybersecurity Specialist,1,SYNTHETIC,75.5,74.8
ST02470,Student ST02470,ISE,7,6.84,70.0,71.9,0,5.0,3.6,4.1,4.7,3.4,4.2,2.0,2.7,0,1,1,0,0,6.0,6.0,4.3,6.2,7.1,5.1,0,0,Cloud/DevOps Engineer,0,SYNTHETIC,96.5,87.7
ST02471,Student ST02471,CSE,7,8.82,88.1,88.1,0,5.8,6.7,8.5,4.3,3.8,4.3,2.9,5.4,2,2,1,0,1,7.2,8.2,4.9,6.6,7.2,4.6,1,0,Cybersecurity Specialist,0,SYNTHETIC,91.1,66.3
ST02472,Student ST02472,ISE,7,7.49,77.8,72.1,0,6.8,4.2,6.4,5.6,2.4,6.0,5.1,1.0,1,2,2,0,0,5.5,6.1,4.9,5.8,5.2,4.7,4,0,AI/ML Engineer,1,SYNTHETIC,91.6,64.2
ST02473,Student ST02473,ECE,8,7.46,72.3,74.6,0,5.8,5.5,8.1,6.9,5.6,5.6,5.5,3.2,2,4,2,0,0,7.9,5.3,6.0,4.7,6.7,4.9,2,0,Full-Stack Developer,1,SYNTHETIC,93.4,89.1
ST02474,Student ST02474,Mechanical,7,5.52,59.8,62.1,0,6.1,1.0,2.4,2.8,3.7,2.3,3.4,1.0,2,2,1,0,1,5.8,5.8,3.2,6.3,4.9,5.3,2,0,Full-Stack Developer,0,SYNTHETIC,94.5,78.6
ST02475,Student ST02475,ECE,7,6.98,73.0,65.0,1,4.9,5.9,2.8,6.4,2.0,2.2,4.2,1.0,1,3,2,0,0,5.4,4.4,5.9,6.3,5.8,5.8,0,0,Cloud/DevOps Engineer,0,SYNTHETIC,78.1,71.2
ST02476,Student ST02476,Mechanical,7,6.73,64.3,71.1,0,6.7,3.3,3.7,2.9,2.1,6.5,1.7,3.0,3,3,1,0,0,4.7,7.9,4.1,7.2,6.9,5.5,1,0,AI/ML Engineer,1,SYNTHETIC,98.7,89.6
ST02477,Student ST02477,CSE,7,6.83,71.7,71.2,0,4.2,3.9,4.1,5.5,3.1,6.8,2.4,4.5,2,1,1,0,0,5.6,5.5,5.4,4.3,5.0,3.7,1,0,Cloud/DevOps Engineer,1,SYNTHETIC,92.2,63.6
ST02478,Student ST02478,CSE,8,8.61,80.6,85.3,0,4.8,5.0,8.7,4.8,4.1,3.0,3.0,4.9,3,2,1,1,1,6.9,6.1,5.4,4.5,5.2,6.1,2,0,Cloud/DevOps Engineer,1,SYNTHETIC,76.9,86.2
ST02479,Student ST02479,CSE,8,8.07,82.4,77.7,0,3.7,5.2,6.4,4.2,2.0,5.1,5.5,5.8,0,1,1,0,2,5.6,7.3,4.0,5.9,7.4,5.9,0,0,Data Analyst,0,SYNTHETIC,97.3,61.9
ST02480,Student ST02480,ECE,8,7.06,66.3,79.7,0,3.5,5.8,4.7,6.3,2.9,5.4,3.1,2.7,0,1,1,1,0,6.7,6.9,5.9,5.7,7.1,6.0,0,0,AI/ML Engineer,0,SYNTHETIC,98.5,89.9
ST02481,Student ST02481,Mechanical,7,7.03,70.0,73.2,0,3.7,2.7,5.2,3.6,1.0,1.8,1.0,5.3,1,4,1,1,0,4.3,6.5,3.4,5.9,6.3,4.8,1,0,Cybersecurity Specialist,0,SYNTHETIC,92.1,93.8
ST02482,Student ST02482,ECE,7,6.61,60.7,65.8,0,5.0,5.2,3.4,2.7,5.0,4.3,3.3,2.8,0,2,1,0,0,7.0,5.9,4.0,4.2,5.1,3.8,0,0,QA Specialist,0,SYNTHETIC,77.0,94.7
ST02483,Student ST02483,CSE,7,8.23,82.5,88.2,0,3.7,4.4,4.0,5.6,3.8,5.5,3.1,1.0,1,1,1,1,0,9.6,8.1,5.1,4.0,2.7,5.9,1,0,AI/ML Engineer,1,SYNTHETIC,87.3,85.1
ST02484,Student ST02484,CSE,7,6.21,57.6,66.4,0,3.5,1.9,2.9,2.6,1.9,2.1,2.4,3.2,1,3,1,0,0,6.3,6.1,2.5,6.3,6.9,3.6,0,0,Full-Stack Developer,0,SYNTHETIC,90.0,78.4
ST02485,Student ST02485,CSE,8,7.13,74.9,69.6,0,6.3,3.5,5.1,5.5,6.7,3.8,3.1,3.3,0,3,2,2,0,5.2,6.3,6.5,8.4,8.9,5.8,0,1,Full-Stack Developer,1,SYNTHETIC,97.8,62.3
ST02486,Student ST02486,Mechanical,7,8.32,81.7,83.2,0,6.6,4.8,6.1,7.3,1.1,3.7,3.0,3.1,2,1,2,1,0,6.2,7.3,7.4,4.9,5.5,6.3,0,0,Full-Stack Developer,1,SYNTHETIC,79.8,75.0
ST02487,Student ST02487,ISE,7,8.01,79.4,79.1,0,4.6,3.3,6.9,8.5,5.7,4.4,4.4,4.3,0,4,2,0,0,6.8,7.4,7.6,4.7,4.5,5.7,1,0,QA Specialist,1,SYNTHETIC,75.7,77.4
ST02488,Student ST02488,ECE,7,8.53,87.0,81.3,0,3.6,4.5,4.2,2.8,2.8,1.8,3.6,5.6,2,1,1,0,0,6.2,7.6,2.5,6.3,6.4,4.4,2,0,AI/ML Engineer,0,SYNTHETIC,82.1,72.4
ST02489,Student ST02489,CSE,8,7.31,73.8,73.4,0,2.6,4.2,2.1,2.3,5.2,2.8,1.0,1.0,1,2,1,0,0,4.9,5.9,1.7,9.3,10.0,6.1,0,0,Cloud/DevOps Engineer,1,SYNTHETIC,97.1,89.1
ST02490,Student ST02490,CSE,7,7.52,81.1,77.5,0,8.1,5.6,4.1,8.1,5.6,6.0,6.1,3.4,1,1,2,1,1,4.9,7.1,7.0,5.0,5.5,6.2,0,0,Full-Stack Developer,1,SYNTHETIC,87.3,78.8
ST02491,Student ST02491,Mechanical,8,8.62,85.2,85.6,0,7.9,7.5,7.5,5.4,2.1,7.1,5.2,2.7,1,1,2,1,1,7.6,6.4,5.7,7.3,7.4,6.4,3,0,Full-Stack Developer,1,SYNTHETIC,90.9,85.8
ST02492,Student ST02492,CSE,8,7.06,69.0,80.0,0,2.3,2.8,2.3,6.1,5.6,4.3,1.0,4.2,2,3,1,0,0,6.2,8.0,4.7,4.6,4.5,6.1,1,0,QA Specialist,0,SYNTHETIC,96.1,68.4
ST02493,Student ST02493,ISE,8,8.33,79.8,87.0,0,7.9,6.6,8.7,3.8,5.4,5.8,2.4,5.5,1,2,2,3,0,8.6,6.8,5.8,4.4,4.4,5.3,0,0,Full-Stack Developer,1,SYNTHETIC,82.4,82.3
ST02494,Student ST02494,Mechanical,8,8.29,88.0,78.7,0,10.0,7.0,6.5,6.3,4.8,3.6,1.8,4.2,2,1,2,0,0,5.7,6.3,7.7,4.2,3.4,7.1,0,0,Full-Stack Developer,1,SYNTHETIC,77.0,94.6
ST02495,Student ST02495,CSE,7,7.27,70.4,75.7,0,4.8,5.4,5.1,3.8,3.9,4.6,1.0,4.3,1,3,1,1,0,5.8,6.6,3.6,5.3,3.6,4.9,0,0,Data Analyst,1,SYNTHETIC,79.0,86.5
ST02496,Student ST02496,CSE,7,7.0,72.0,67.2,0,2.3,5.0,5.7,1.0,3.2,3.9,1.3,1.0,1,1,1,0,0,5.8,6.9,1.0,6.8,7.2,1.6,1,0,Data Analyst,0,SYNTHETIC,83.5,82.4
ST02497,Student ST02497,Mechanical,8,8.79,88.4,82.0,0,9.7,6.3,6.6,5.5,7.5,5.1,3.0,3.1,0,1,2,0,1,5.9,5.7,7.4,6.9,8.0,8.5,0,0,Full-Stack Developer,1,SYNTHETIC,85.5,87.9
ST02498,Student ST02498,ECE,7,7.7,82.7,79.8,0,7.2,3.7,5.0,5.6,5.6,7.4,4.7,2.5,0,2,2,2,2,7.8,7.1,7.2,6.6,5.0,7.1,1,0,Data Analyst,0,SYNTHETIC,90.0,63.3
ST02499,Student ST02499,ECE,7,7.59,75.6,70.6,0,4.7,4.3,5.7,7.2,4.5,3.3,4.7,4.5,0,4,2,0,1,7.7,6.4,6.1,6.9,5.7,6.3,1,0,QA Specialist,0,SYNTHETIC,97.3,66.7
ST02500,Student ST02500,CSE,7,7.3,77.5,72.0,0,5.0,1.7,4.7,5.1,2.3,4.3,5.2,4.3,1,4,1,0,0,7.1,5.2,6.0,7.0,5.6,5.6,0,0,Data Analyst,1,SYNTHETIC,96.4,62.6
ST02501,Student ST02501,ISE,7,5.98,64.8,62.3,0,3.6,2.6,5.0,3.9,3.9,2.3,2.8,5.4,0,1,1,0,0,8.2,6.4,3.7,4.2,3.8,3.9,1,0,QA Specialist,0,SYNTHETIC,94.0,93.4
ST02502,Student ST02502,Mechanical,7,7.26,76.9,70.4,0,6.2,5.6,5.4,6.3,3.0,2.3,2.8,3.1,1,3,2,0,1,5.9,7.1,5.4,5.5,6.8,6.1,1,0,QA Specialist,1,SYNTHETIC,79.9,91.1
ST02503,Student ST02503,ISE,7,9.27,92.9,95.9,0,4.8,4.8,7.0,8.2,5.3,6.4,4.1,1.5,2,2,2,0,0,5.3,6.7,7.3,6.0,5.7,7.3,1,0,Cybersecurity Specialist,1,SYNTHETIC,97.2,76.7
ST02504,Student ST02504,CSE,7,7.88,76.7,74.5,0,7.9,4.8,6.4,5.1,4.2,6.3,3.7,2.2,1,3,2,0,0,7.4,6.7,7.7,5.4,4.0,6.3,0,0,Cloud/DevOps Engineer,0,SYNTHETIC,92.7,78.3
ST02505,Student ST02505,ISE,8,6.8,68.6,67.6,0,2.7,3.6,7.8,4.6,1.7,5.7,2.8,2.9,1,4,1,1,0,6.1,7.9,4.8,5.7,7.3,5.2,1,0,Cloud/DevOps Engineer,0,SYNTHETIC,81.3,91.4
ST02506,Student ST02506,ECE,8,6.82,72.2,71.5,0,5.8,4.5,5.2,5.9,4.2,1.8,3.9,2.4,1,1,2,1,1,4.4,6.3,5.8,9.4,7.1,8.0,0,0,Cloud/DevOps Engineer,0,SYNTHETIC,77.5,90.0
ST02507,Student ST02507,CSE,8,8.4,86.4,83.0,0,4.4,5.4,6.3,2.5,5.3,5.6,3.1,3.2,1,2,1,1,1,6.9,6.7,4.1,5.6,4.5,2.3,0,0,Data Analyst,1,SYNTHETIC,92.1,72.0
ST02508,Student ST02508,Mechanical,7,6.79,76.0,79.6,0,4.6,3.9,7.0,5.7,3.8,5.4,2.0,2.7,1,2,1,2,1,5.4,7.1,4.1,4.7,5.3,5.5,0,0,Cybersecurity Specialist,1,SYNTHETIC,88.7,64.4
ST02509,Student ST02509,CSE,7,7.42,74.7,79.6,0,6.7,5.0,4.9,6.9,3.1,5.0,4.1,2.0,0,1,2,2,0,7.2,6.7,5.9,8.9,8.8,7.3,2,1,AI/ML Engineer,1,SYNTHETIC,80.7,89.0
ST02510,Student ST02510,ECE,7,6.84,60.5,64.5,0,6.3,5.4,7.4,6.7,4.8,4.8,3.8,4.5,2,2,2,0,0,9.0,7.9,5.7,5.9,5.4,5.7,0,0,Cloud/DevOps Engineer,1,SYNTHETIC,76.5,76.5
ST02511,Student ST02511,CSE,7,6.82,66.9,68.5,0,5.5,3.6,3.6,3.8,6.7,4.3,3.5,2.2,2,2,1,0,0,6.5,5.3,5.5,7.6,5.4,4.9,2,1,Full-Stack Developer,0,SYNTHETIC,79.4,91.2
ST02512,Student ST02512,ECE,7,6.49,68.7,67.9,0,1.7,1.0,3.0,2.4,1.3,3.0,1.0,1.0,0,1,1,0,0,10.0,4.2,2.4,5.7,4.9,4.0,1,0,Cybersecurity Specialist,0,SYNTHETIC,97.4,66.5
ST02513,Student ST02513,CSE,7,7.54,77.0,74.9,0,4.4,4.0,7.4,3.3,3.7,3.4,3.4,2.4,2,2,1,0,1,5.5,5.6,2.4,2.8,3.1,2.4,1,0,Full-Stack Developer,0,SYNTHETIC,96.5,94.7
ST02514,Student ST02514,CSE,8,7.87,79.0,80.2,0,5.0,6.9,9.2,7.6,6.8,5.4,2.8,7.1,3,4,2,2,0,7.2,7.6,6.7,8.4,9.1,6.8,1,0,QA Specialist,1,SYNTHETIC,92.6,66.7
ST02515,Student ST02515,CSE,8,5.71,63.5,64.5,0,3.6,3.8,2.7,3.4,2.5,4.5,1.0,2.3,1,3,1,0,0,3.7,6.3,3.0,6.2,7.2,4.3,0,0,Data Analyst,0,SYNTHETIC,93.3,73.1
ST02516,Student ST02516,CSE,8,6.87,66.3,72.9,0,5.0,5.7,5.4,2.7,2.7,2.9,1.0,4.2,1,1,1,1,1,6.6,7.1,4.7,8.6,8.4,5.1,0,0,Full-Stack Developer,0,SYNTHETIC,76.5,67.2
ST02517,Student ST02517,CSE,8,7.57,76.3,71.5,0,5.0,3.5,5.5,3.8,4.1,3.2,3.4,2.5,2,5,1,0,0,5.9,5.7,4.2,9.1,8.4,6.7,0,0,Cloud/DevOps Engineer,1,SYNTHETIC,78.5,68.9
ST02518,Student ST02518,Mechanical,8,6.64,64.7,66.9,0,2.6,3.9,3.8,5.8,2.8,4.9,1.0,1.6,0,2,1,0,0,5.1,4.7,4.3,6.9,5.4,5.6,0,0,Cloud/DevOps Engineer,0,SYNTHETIC,86.0,84.1
ST02519,Student ST02519,CSE,8,6.75,68.3,69.4,0,3.0,6.0,5.9,4.8,3.4,4.1,2.0,1.5,2,2,1,0,0,6.6,6.4,4.4,4.1,4.4,4.9,1,0,Cybersecurity Specialist,1,SYNTHETIC,90.7,93.6
ST02520,Student ST02520,CSE,8,6.45,64.3,65.4,0,3.0,2.0,4.4,1.0,1.9,1.7,2.0,5.2,3,1,1,0,1,5.4,5.6,2.3,6.0,7.4,2.7,0,0,Cybersecurity Specialist,0,SYNTHETIC,92.6,86.0
ST02521,Student ST02521,ECE,8,7.78,74.5,81.9,0,3.2,5.1,4.0,4.2,4.6,4.4,3.2,4.6,1,6,1,2,0,5.3,5.9,3.6,8.0,7.4,4.9,0,1,Cybersecurity Specialist,0,SYNTHETIC,98.6,69.3
ST02522,Student ST02522,ISE,8,6.93,77.1,66.3,0,4.8,5.7,6.5,7.6,4.4,4.3,3.6,6.0,0,2,2,0,0,5.6,6.3,6.3,6.3,6.2,6.4,1,0,Cybersecurity Specialist,1,SYNTHETIC,98.7,92.4
ST02523,Student ST02523,ISE,7,6.86,70.3,65.4,0,3.7,2.5,6.9,4.0,5.2,1.7,6.7,2.3,0,3,1,0,0,6.3,5.1,4.7,5.9,5.9,4.6,1,0,Cloud/DevOps Engineer,1,SYNTHETIC,88.3,90.3
ST02524,Student ST02524,Mechanical,8,8.07,85.3,77.8,0,5.1,5.8,2.6,3.5,2.7,2.6,2.5,1.0,1,2,1,1,0,6.6,6.8,4.1,8.0,7.0,5.7,1,0,Data Analyst,1,SYNTHETIC,91.3,90.6
ST02525,Student ST02525,Mechanical,8,9.55,95.4,97.0,0,5.1,8.4,4.6,7.0,6.0,6.7,1.4,2.9,2,1,2,0,0,7.2,6.1,5.9,8.7,7.8,5.9,2,0,Cybersecurity Specialist,1,SYNTHETIC,96.3,94.5
ST02526,Student ST02526,CSE,7,6.26,66.0,61.7,0,4.1,5.6,3.1,4.1,2.9,3.2,1.0,1.0,1,1,1,0,0,6.4,5.4,4.7,6.5,5.8,5.0,1,0,Cybersecurity Specialist,0,SYNTHETIC,78.4,87.6
ST02527,Student ST02527,Mechanical,8,7.16,73.3,60.9,0,5.8,4.8,5.4,3.1,3.3,5.7,1.0,1.0,1,2,1,0,1,6.4,6.0,4.9,8.5,8.0,6.3,1,0,QA Specialist,1,SYNTHETIC,84.3,87.6
ST02528,Student ST02528,ECE,8,8.66,77.3,87.1,0,6.8,7.9,7.9,7.8,7.3,8.3,6.5,5.3,0,2,2,0,0,7.6,7.5,6.9,6.1,6.0,6.7,0,0,Cybersecurity Specialist,1,SYNTHETIC,79.4,65.7
ST02529,Student ST02529,ECE,8,6.74,63.0,65.8,0,5.0,3.3,4.3,2.0,6.3,6.1,1.9,2.8,1,1,1,0,0,5.0,6.0,4.2,5.7,6.7,4.6,0,0,Cloud/DevOps Engineer,0,SYNTHETIC,78.4,88.1
ST02530,Student ST02530,CSE,8,8.02,86.4,80.9,0,6.7,10.0,6.9,9.5,6.5,5.6,3.3,3.7,4,1,2,2,1,5.4,5.4,8.6,5.5,5.8,8.2,0,0,Cybersecurity Specialist,1,SYNTHETIC,89.6,91.4
ST02531,Student ST02531,CSE,8,6.02,58.4,69.4,0,4.6,6.0,6.9,6.6,3.4,6.1,2.8,1.0,1,2,2,0,1,6.6,7.0,6.1,4.5,3.7,5.0,0,0,Data Analyst,1,SYNTHETIC,98.4,82.7
ST02532,Student ST02532,ISE,7,8.11,73.4,77.7,0,7.0,10.0,7.9,5.0,6.7,6.0,5.9,4.1,2,2,2,1,1,7.3,5.9,6.5,4.6,4.8,6.5,2,0,Full-Stack Developer,1,SYNTHETIC,78.7,84.8
ST02533,Student ST02533,ISE,8,8.25,72.4,87.3,0,4.9,7.1,7.5,7.2,5.0,4.0,6.0,1.8,0,3,2,1,0,5.2,6.7,6.2,5.0,5.0,5.7,0,0,Cloud/DevOps Engineer,1,SYNTHETIC,86.1,87.9
ST02534,Student ST02534,CSE,8,6.84,67.8,71.7,0,5.3,4.1,4.8,5.3,3.4,2.7,1.9,1.9,1,1,2,0,0,5.9,5.6,5.5,5.6,4.8,5.2,0,0,QA Specialist,0,SYNTHETIC,85.8,69.6
ST02535,Student ST02535,ECE,8,8.52,81.6,79.1,0,6.3,6.6,9.6,8.0,3.6,4.3,1.6,3.5,1,2,2,2,0,8.5,7.2,7.1,4.5,3.5,6.9,0,0,AI/ML Engineer,1,SYNTHETIC,79.1,91.4
ST02536,Student ST02536,CSE,7,7.35,78.3,76.6,0,4.0,3.1,3.4,4.4,3.0,3.1,2.2,1.6,1,5,1,0,1,7.4,7.5,3.2,6.1,5.4,5.2,2,0,Cybersecurity Specialist,0,SYNTHETIC,94.6,61.7
ST02537,Student ST02537,ISE,8,6.42,68.3,65.7,0,5.4,1.6,6.3,4.7,2.9,3.3,1.8,2.8,1,2,1,1,0,4.9,4.3,5.8,8.7,8.2,6.4,2,1,Cybersecurity Specialist,0,SYNTHETIC,83.9,83.6
ST02538,Student ST02538,ISE,7,7.84,84.5,80.5,0,7.0,6.7,6.0,8.0,7.5,3.0,2.7,5.3,2,3,2,2,0,7.5,6.4,8.0,6.9,4.8,8.3,0,0,Cloud/DevOps Engineer,1,SYNTHETIC,98.4,66.3
ST02539,Student ST02539,ISE,8,8.23,78.8,85.5,0,4.7,6.1,3.7,4.2,1.0,2.7,2.4,3.8,2,4,1,0,1,5.3,7.7,5.0,6.9,5.6,5.2,1,0,Full-Stack Developer,1,SYNTHETIC,75.4,90.7
ST02540,Student ST02540,ISE,7,7.73,82.7,78.8,0,4.4,6.5,5.4,3.4,2.6,5.7,4.5,1.0,0,4,1,0,0,7.4,7.5,3.2,7.7,7.6,5.0,1,0,Data Analyst,1,SYNTHETIC,93.3,85.5
ST02541,Student ST02541,Mechanical,8,6.73,70.1,68.2,0,4.8,4.7,6.7,4.4,3.3,4.3,5.8,3.8,3,5,1,0,0,5.0,4.8,4.8,5.7,5.2,4.8,0,0,Cybersecurity Specialist,1,SYNTHETIC,87.3,71.2
ST02542,Student ST02542,Mechanical,7,8.46,81.6,76.8,0,7.3,6.0,5.3,4.4,5.2,4.9,3.0,2.5,2,6,2,2,1,5.2,7.3,6.1,6.4,6.7,7.0,0,0,Cybersecurity Specialist,1,SYNTHETIC,76.5,84.9
ST02543,Student ST02543,CSE,8,6.01,64.5,63.6,0,5.6,4.1,5.4,5.5,1.7,4.0,1.5,1.9,1,2,2,0,1,3.9,5.7,6.7,2.6,2.4,4.5,0,0,Cybersecurity Specialist,0,SYNTHETIC,84.3,65.2
ST02544,Student ST02544,ISE,8,6.62,65.2,70.6,1,7.9,4.1,3.7,6.5,2.7,4.0,3.6,4.9,1,1,2,0,2,4.0,4.7,5.3,5.3,6.6,5.6,0,0,Full-Stack Developer,0,SYNTHETIC,97.6,70.8
ST02545,Student ST02545,CSE,8,7.61,70.5,74.1,0,5.0,5.6,6.5,5.6,6.0,5.0,2.4,4.8,1,1,2,1,0,6.7,6.2,4.0,6.5,5.3,5.8,1,0,Cybersecurity Specialist,1,SYNTHETIC,86.0,74.0
ST02546,Student ST02546,Mechanical,8,7.51,87.3,76.1,0,6.0,3.9,5.6,4.9,4.9,5.1,2.3,1.0,1,2,2,0,0,5.5,8.6,5.7,5.7,6.4,6.2,2,0,AI/ML Engineer,1,SYNTHETIC,97.5,64.0
ST02547,Student ST02547,CSE,8,6.79,66.2,77.3,0,4.9,3.8,5.9,3.8,2.3,2.5,2.4,3.5,3,3,1,0,1,6.1,5.8,5.9,7.0,6.7,5.2,0,1,Data Analyst,0,SYNTHETIC,93.1,72.2
ST02548,Student ST02548,CSE,7,8.76,81.4,84.0,0,8.1,7.6,8.0,5.9,6.2,3.2,4.8,3.7,2,1,2,1,1,7.8,9.1,6.7,6.8,6.5,6.4,1,0,AI/ML Engineer,0,SYNTHETIC,75.9,88.8
ST02549,Student ST02549,ECE,8,6.92,72.9,68.7,0,4.1,6.1,6.1,3.3,2.8,3.5,2.8,3.9,0,2,1,0,0,3.7,6.1,3.2,3.8,4.7,3.4,1,0,Data Analyst,1,SYNTHETIC,80.7,61.9
ST02550,Student ST02550,CSE,8,8.44,78.8,87.1,0,2.2,4.0,4.7,6.0,2.5,4.0,1.9,5.7,0,1,1,0,0,5.3,5.5,4.2,4.0,6.0,4.8,0,0,Cloud/DevOps Engineer,0,SYNTHETIC,92.5,60.9
ST02551,Student ST02551,ECE,8,6.56,71.6,72.4,0,1.5,5.3,3.9,1.0,1.0,3.7,1.6,1.9,0,2,1,0,0,7.0,3.1,1.0,8.6,8.1,4.1,0,0,AI/ML Engineer,0,SYNTHETIC,88.4,62.4
ST02552,Student ST02552,Mechanical,8,9.03,90.5,96.1,0,3.4,6.6,5.5,5.8,3.6,4.8,4.3,3.3,1,1,1,0,0,8.0,7.7,4.5,4.9,3.8,4.6,0,0,Cybersecurity Specialist,0,SYNTHETIC,98.2,85.2
ST02553,Student ST02553,ISE,8,7.67,77.1,74.2,0,6.0,5.4,5.9,5.5,5.0,4.3,4.0,2.7,1,1,2,1,1,4.5,7.5,5.5,3.7,3.1,5.3,1,0,Full-Stack Developer,1,SYNTHETIC,85.9,60.6
ST02554,Student ST02554,CSE,7,7.22,69.2,73.0,0,3.4,2.9,2.7,4.9,4.7,5.4,4.6,1.0,1,1,1,0,0,8.3,7.7,5.4,4.6,5.1,4.3,1,0,Cybersecurity Specialist,1,SYNTHETIC,86.0,89.6
ST02555,Student ST02555,ISE,7,6.78,69.9,62.4,0,3.3,4.3,3.6,2.8,1.3,6.4,1.0,1.0,1,1,1,0,1,6.3,6.2,3.1,5.2,5.4,4.7,1,0,AI/ML Engineer,0,SYNTHETIC,92.0,77.6
ST02556,Student ST02556,CSE,8,7.52,74.0,72.9,0,4.0,6.9,3.9,6.7,2.9,5.4,1.2,2.5,1,2,2,0,0,7.4,6.6,5.3,7.0,7.0,5.6,0,0,QA Specialist,0,SYNTHETIC,85.2,88.4
ST02557,Student ST02557,Mechanical,7,6.58,65.0,62.1,0,3.5,4.7,6.0,7.0,3.5,3.0,3.3,2.8,1,1,1,1,2,8.3,6.5,4.5,6.3,4.7,6.1,0,0,QA Specialist,0,SYNTHETIC,87.1,73.0
ST02558,Student ST02558,ISE,7,7.05,70.7,71.3,0,5.4,4.4,3.9,4.9,3.5,2.6,2.4,2.1,0,1,1,1,0,5.5,7.1,5.1,6.4,5.1,6.6,0,0,QA Specialist,0,SYNTHETIC,90.5,72.2
ST02559,Student ST02559,ECE,8,6.47,68.7,60.0,1,1.0,3.2,5.2,5.6,3.7,6.3,2.3,2.9,2,5,1,0,0,5.9,6.8,3.8,4.6,5.9,2.9,0,0,Cloud/DevOps Engineer,0,SYNTHETIC,82.7,78.1
ST02560,Student ST02560,ECE,7,7.15,71.5,69.1,0,3.1,3.9,5.6,8.0,5.5,4.2,2.5,5.2,2,2,2,0,0,6.5,5.8,5.3,4.6,5.8,6.1,0,0,AI/ML Engineer,1,SYNTHETIC,88.4,89.7
ST02561,Student ST02561,Mechanical,8,8.5,90.8,84.0,0,5.9,5.8,3.9,5.1,2.2,2.1,3.3,4.8,3,1,2,0,0,7.8,5.7,5.3,4.6,4.3,3.4,2,0,Full-Stack Developer,0,SYNTHETIC,90.6,85.8
ST02562,Student ST02562,CSE,8,8.4,79.2,79.9,0,7.5,7.2,9.3,6.5,6.0,9.0,4.0,2.3,1,1,2,2,1,6.8,8.6,6.8,6.7,6.5,7.4,0,0,Cybersecurity Specialist,1,SYNTHETIC,78.0,82.4
ST02563,Student ST02563,Mechanical,8,7.07,72.9,70.5,0,5.9,3.1,3.6,3.9,4.7,2.7,1.0,4.1,0,2,1,0,0,8.0,7.6,5.8,5.6,5.8,5.6,0,0,Data Analyst,0,SYNTHETIC,97.5,73.4
ST02564,Student ST02564,ECE,7,8.3,90.0,82.1,0,4.6,9.4,7.5,7.8,3.0,4.1,3.4,3.9,0,2,2,0,2,7.8,6.3,6.2,6.4,6.8,7.2,3,0,Cloud/DevOps Engineer,0,SYNTHETIC,92.0,93.7
ST02565,Student ST02565,ECE,8,7.43,74.0,67.3,0,4.3,3.9,6.3,4.1,4.0,2.3,6.2,2.6,0,3,1,0,1,6.9,7.2,4.1,4.3,5.6,5.0,2,0,Full-Stack Developer,0,SYNTHETIC,77.9,63.6
ST02566,Student ST02566,CSE,7,8.19,79.4,86.9,0,7.0,6.0,6.0,5.6,5.0,3.6,4.2,5.2,0,2,2,1,1,8.8,6.8,5.5,6.8,6.7,6.7,2,0,Cloud/DevOps Engineer,0,SYNTHETIC,91.0,71.1
ST02567,Student ST02567,Mechanical,7,7.04,77.0,67.4,0,5.0,6.4,6.9,6.6,4.7,3.5,3.2,4.7,1,1,2,0,1,8.1,5.4,5.8,5.6,4.2,8.0,1,0,Data Analyst,1,SYNTHETIC,84.7,82.2
ST02568,Student ST02568,ISE,7,8.28,76.2,78.7,0,5.9,7.9,6.6,6.9,3.4,4.1,2.2,2.2,1,2,2,0,0,6.7,7.4,7.3,6.5,7.4,7.1,2,0,Data Analyst,1,SYNTHETIC,88.3,93.5
ST02569,Student ST02569,Mechanical,7,8.69,82.7,81.8,0,5.6,2.1,5.4,3.0,3.8,6.2,3.9,3.7,1,2,1,2,0,6.9,7.3,4.6,3.8,3.0,4.2,0,0,AI/ML Engineer,1,SYNTHETIC,91.1,80.7
ST02570,Student ST02570,Mechanical,7,6.16,67.1,71.9,0,2.7,4.9,2.7,5.7,5.6,2.9,5.0,3.1,1,1,1,0,1,6.5,6.0,3.9,5.7,6.1,3.9,0,0,AI/ML Engineer,0,SYNTHETIC,83.2,82.6
ST02571,Student ST02571,ECE,8,7.98,82.3,85.0,0,3.4,2.3,4.4,3.7,1.7,8.2,1.0,1.3,3,4,1,0,0,7.0,5.9,3.9,6.9,7.0,5.9,0,0,Data Analyst,1,SYNTHETIC,96.9,64.9
ST02572,Student ST02572,Mechanical,8,7.04,66.0,68.0,0,4.3,5.2,4.4,7.7,2.6,5.5,2.3,3.7,1,1,2,0,0,7.0,5.1,7.0,9.8,8.3,7.6,0,0,Cloud/DevOps Engineer,0,SYNTHETIC,88.0,74.2
ST02573,Student ST02573,CSE,8,8.44,83.3,86.9,0,6.2,6.3,5.7,3.5,1.7,6.6,2.4,1.2,1,4,1,1,1,6.6,6.1,5.1,5.0,4.2,5.3,1,0,Full-Stack Developer,1,SYNTHETIC,77.1,65.7
ST02574,Student ST02574,CSE,7,7.76,74.0,79.2,0,3.5,3.3,4.6,4.8,2.6,5.0,3.1,2.7,3,6,1,0,0,6.9,6.2,3.3,5.5,4.8,5.1,0,0,Cloud/DevOps Engineer,0,SYNTHETIC,86.2,62.4
ST02575,Student ST02575,CSE,7,8.37,78.8,79.6,0,6.1,2.2,5.0,4.8,2.7,5.4,1.6,3.5,0,4,2,0,0,6.8,7.0,5.0,6.8,7.3,4.8,0,0,Full-Stack Developer,1,SYNTHETIC,87.0,92.6
ST02576,Student ST02576,ISE,7,7.2,75.6,67.4,0,5.1,5.4,5.9,4.4,6.1,3.0,2.5,4.1,1,1,1,0,0,7.1,7.0,4.4,6.7,8.2,5.8,0,0,Full-Stack Developer,1,SYNTHETIC,81.2,85.1
ST02577,Student ST02577,Mechanical,8,6.14,61.2,72.4,1,5.8,4.2,7.0,5.2,1.1,1.6,5.4,1.4,1,1,2,0,0,7.4,6.2,3.8,4.6,4.0,6.4,0,0,Cybersecurity Specialist,0,SYNTHETIC,95.3,65.9
ST02578,Student ST02578,CSE,8,6.22,70.0,66.1,0,6.9,3.8,4.6,3.9,2.8,4.4,3.2,2.9,1,2,2,0,1,5.2,5.1,4.4,7.8,7.1,5.4,0,0,Data Analyst,0,SYNTHETIC,84.6,90.2
ST02579,Student ST02579,ECE,7,7.66,67.8,77.1,0,6.7,6.5,7.1,8.6,6.5,4.3,6.0,5.8,1,2,2,0,1,6.4,6.9,7.9,9.7,10.0,8.4,0,0,Full-Stack Developer,1,SYNTHETIC,83.3,70.0
ST02580,Student ST02580,CSE,7,8.01,79.1,79.0,0,4.3,6.2,4.9,6.6,3.8,3.3,2.5,3.0,1,3,2,2,0,7.0,6.1,4.4,5.9,6.2,5.0,0,0,AI/ML Engineer,1,SYNTHETIC,80.7,93.0
ST02581,Student ST02581,ISE,7,5.42,61.4,58.4,0,4.9,2.8,5.2,7.4,2.5,4.1,7.6,4.0,0,2,2,0,0,6.3,4.9,6.8,7.0,7.2,6.8,1,0,Full-Stack Developer,1,SYNTHETIC,75.8,66.4
ST02582,Student ST02582,ECE,8,6.9,70.1,73.4,0,5.2,6.0,5.5,3.0,5.9,5.6,2.3,3.8,0,4,1,2,0,7.4,6.4,3.2,7.0,5.7,4.6,0,0,AI/ML Engineer,1,SYNTHETIC,81.0,90.4
ST02583,Student ST02583,CSE,8,8.02,75.1,77.2,0,1.0,4.2,4.0,5.6,4.5,2.6,2.8,1.0,0,2,1,2,1,4.2,5.6,3.1,5.3,6.6,4.3,1,0,Data Analyst,0,SYNTHETIC,91.9,87.6
ST02584,Student ST02584,ISE,7,8.22,81.7,84.4,0,4.6,3.0,2.9,4.0,3.2,6.3,2.4,1.1,2,5,1,0,0,7.3,6.4,4.0,6.4,6.6,6.3,1,0,QA Specialist,1,SYNTHETIC,84.1,77.3
ST02585,Student ST02585,CSE,8,6.97,68.0,70.9,0,4.9,3.6,5.1,5.0,3.2,2.1,4.2,3.4,0,1,1,0,0,6.2,5.6,4.7,2.7,2.5,4.3,1,0,QA Specialist,0,SYNTHETIC,78.5,73.4
ST02586,Student ST02586,ECE,8,8.11,80.9,88.4,0,5.1,4.6,4.7,6.2,3.5,4.7,3.3,4.1,1,4,2,0,0,7.1,9.4,6.1,6.4,6.3,7.3,2,0,Cloud/DevOps Engineer,1,SYNTHETIC,92.4,86.4
ST02587,Student ST02587,CSE,8,7.1,71.2,75.5,0,6.0,5.5,5.2,7.2,4.7,5.6,4.6,4.3,5,1,2,0,1,6.7,5.8,6.8,5.4,5.1,6.4,1,0,AI/ML Engineer,1,SYNTHETIC,96.1,90.4
ST02588,Student ST02588,CSE,8,5.99,57.8,65.7,0,3.5,3.4,4.2,2.2,1.0,6.4,1.8,1.0,2,2,1,0,1,4.5,5.4,2.7,5.9,4.6,5.2,0,0,AI/ML Engineer,0,SYNTHETIC,89.9,61.6
ST02589,Student ST02589,CSE,7,7.33,77.5,74.0,0,4.7,5.9,6.7,3.4,4.8,6.1,2.3,2.5,1,3,1,0,0,6.8,6.4,4.1,6.8,8.2,6.9,1,0,Cloud/DevOps Engineer,0,SYNTHETIC,81.5,71.1
ST02590,Student ST02590,Mechanical,8,7.08,68.8,73.7,0,3.8,6.2,4.4,4.6,4.7,3.8,3.9,3.5,0,3,1,1,1,5.4,5.6,3.3,5.6,4.7,3.6,0,0,QA Specialist,0,SYNTHETIC,76.6,92.5
ST02591,Student ST02591,Mechanical,8,8.07,82.9,71.2,0,5.5,4.0,4.6,6.1,4.7,4.4,4.0,3.7,0,1,2,0,0,6.0,5.0,5.8,5.4,4.8,5.7,1,0,AI/ML Engineer,1,SYNTHETIC,90.6,94.8
ST02592,Student ST02592,CSE,8,7.31,73.4,72.6,0,5.7,5.4,4.2,3.6,2.3,3.6,1.8,3.4,0,1,1,3,0,5.3,4.6,3.2,5.4,4.6,4.3,0,0,Cloud/DevOps Engineer,0,SYNTHETIC,80.6,70.3
ST02593,Student ST02593,ECE,8,7.66,83.1,80.7,0,4.6,5.5,3.2,2.0,4.0,3.4,2.9,2.1,3,3,1,1,1,6.6,6.2,3.3,3.6,5.0,5.1,0,0,Data Analyst,1,SYNTHETIC,98.7,91.0
ST02594,Student ST02594,Mechanical,8,9.0,93.3,90.8,0,8.6,8.1,7.9,5.9,3.4,7.5,6.0,4.3,0,2,2,1,0,8.5,8.4,7.6,6.9,6.9,7.2,0,0,Cloud/DevOps Engineer,1,SYNTHETIC,93.0,84.0
ST02595,Student ST02595,CSE,8,7.45,73.4,75.9,0,4.2,4.8,6.1,5.1,1.0,5.2,4.5,1.0,2,3,1,1,1,6.8,6.7,5.2,5.5,5.7,6.3,0,0,Data Analyst,1,SYNTHETIC,82.5,78.9
ST02596,Student ST02596,Mechanical,7,8.28,81.3,75.1,0,6.9,5.1,5.1,8.2,5.2,4.5,5.0,3.0,3,2,2,0,0,7.8,6.0,8.1,8.1,7.3,7.7,0,0,Full-Stack Developer,1,SYNTHETIC,96.6,91.7
ST02597,Student ST02597,Mechanical,7,8.81,94.5,92.1,0,6.3,6.4,8.7,6.3,4.7,3.8,1.8,5.3,3,3,2,2,0,7.8,7.7,6.4,6.5,7.1,5.6,0,0,Cloud/DevOps Engineer,0,SYNTHETIC,77.9,92.4
ST02598,Student ST02598,ISE,7,6.57,68.6,73.3,0,2.5,4.7,2.2,4.9,1.0,4.0,4.3,2.2,0,1,1,0,1,6.2,4.8,4.6,7.2,8.0,5.7,0,1,Cloud/DevOps Engineer,0,SYNTHETIC,90.8,74.9
ST02599,Student ST02599,Mechanical,7,7.61,79.6,85.7,0,6.4,9.6,5.4,5.8,4.9,4.7,4.5,2.6,2,5,2,2,0,7.4,8.2,6.1,5.9,5.4,6.1,0,0,AI/ML Engineer,1,SYNTHETIC,94.3,89.0
ST02600,Student ST02600,ECE,8,6.68,71.8,75.6,0,4.1,7.2,6.1,5.0,1.0,5.9,4.8,2.6,1,3,1,0,0,5.5,5.3,5.6,3.7,2.8,4.1,1,0,Cybersecurity Specialist,0,SYNTHETIC,97.6,72.4
ST02601,Student ST02601,CSE,7,5.49,55.1,55.9,0,5.1,4.4,4.8,4.0,3.3,4.0,2.0,1.6,0,4,1,1,0,6.5,4.6,4.0,7.6,7.8,4.9,1,0,QA Specialist,0,SYNTHETIC,98.7,66.7
ST02602,Student ST02602,CSE,7,6.94,70.4,70.8,0,5.9,4.8,5.1,3.6,3.5,4.1,2.2,1.0,0,3,1,0,1,6.4,4.7,4.7,5.7,6.0,6.4,1,0,Cybersecurity Specialist,1,SYNTHETIC,92.3,82.4
ST02603,Student ST02603,ISE,7,8.39,78.8,78.3,0,6.0,5.0,8.1,5.9,6.8,5.0,3.0,3.6,3,3,2,3,0,6.3,6.5,5.9,8.3,7.7,6.2,1,1,Full-Stack Developer,1,SYNTHETIC,84.5,80.8
ST02604,Student ST02604,ECE,7,6.13,66.6,56.1,0,3.2,2.6,2.8,3.7,2.5,2.4,1.0,1.5,1,1,1,0,0,6.0,4.4,2.6,7.7,7.6,5.0,1,1,Data Analyst,0,SYNTHETIC,95.1,69.3
ST02605,Student ST02605,CSE,8,8.16,76.0,81.0,0,6.7,5.7,5.5,4.8,3.3,4.6,3.8,5.5,2,2,2,1,0,7.6,7.0,5.1,5.9,6.0,5.8,0,0,Full-Stack Developer,1,SYNTHETIC,75.5,77.5
ST02606,Student ST02606,Mechanical,7,6.76,68.8,70.6,0,7.6,6.2,6.1,5.5,3.8,4.3,4.0,1.0,1,1,2,0,0,5.2,8.5,6.0,6.5,5.5,7.3,1,0,Full-Stack Developer,0,SYNTHETIC,95.0,89.2
ST02607,Student ST02607,ISE,8,7.97,78.7,82.1,0,4.6,4.0,6.8,6.9,6.7,4.3,2.7,2.1,1,1,2,0,1,6.1,5.7,6.6,7.7,6.6,5.6,1,1,Cloud/DevOps Engineer,0,SYNTHETIC,86.0,82.2
ST02608,Student ST02608,CSE,7,5.13,55.0,50.0,0,4.0,4.0,5.5,6.1,3.8,4.4,1.0,1.3,2,3,1,0,0,4.6,6.9,6.0,5.3,4.6,4.7,0,0,QA Specialist,0,SYNTHETIC,90.1,69.0
ST02609,Student ST02609,ECE,7,5.33,61.5,52.5,0,2.3,2.1,3.4,2.2,1.0,6.0,1.2,1.0,1,1,1,0,1,4.6,6.1,2.3,5.8,5.8,2.4,0,0,AI/ML Engineer,0,SYNTHETIC,88.6,60.8
ST02610,Student ST02610,CSE,7,8.66,86.1,88.8,0,8.5,6.7,4.7,4.8,3.4,5.0,3.0,1.4,1,5,2,1,0,6.3,6.1,6.9,5.4,6.4,6.8,1,0,Cloud/DevOps Engineer,1,SYNTHETIC,79.5,92.7
ST02611,Student ST02611,CSE,8,7.16,73.4,75.1,0,6.5,4.6,5.3,2.8,2.3,4.3,4.2,4.7,0,2,1,0,0,4.9,6.7,5.3,6.0,5.8,5.3,0,0,Cybersecurity Specialist,1,SYNTHETIC,84.2,79.4
ST02612,Student ST02612,ECE,7,7.54,80.3,69.0,0,2.8,5.0,7.0,5.5,3.0,5.9,1.9,5.2,0,1,1,0,0,7.3,6.9,4.8,7.9,7.3,6.8,1,1,Full-Stack Developer,0,SYNTHETIC,75.7,84.6
ST02613,Student ST02613,CSE,7,6.9,73.1,75.2,0,5.1,4.0,6.6,3.5,3.1,3.3,3.4,1.0,1,2,1,0,1,7.5,3.9,4.1,6.4,4.8,6.1,2,0,AI/ML Engineer,0,SYNTHETIC,82.1,61.3
ST02614,Student ST02614,Mechanical,7,6.94,76.7,71.7,0,3.8,6.5,2.3,1.0,4.7,1.8,2.0,1.0,1,1,1,0,0,6.5,5.9,2.0,5.5,6.0,4.3,0,0,QA Specialist,0,SYNTHETIC,79.7,79.1
ST02615,Student ST02615,ECE,8,8.51,87.6,88.9,0,8.7,3.8,8.4,5.7,3.7,4.6,4.8,4.9,1,4,2,0,2,4.8,6.2,7.2,3.9,4.2,4.9,1,0,Data Analyst,1,SYNTHETIC,80.4,84.6
ST02616,Student ST02616,CSE,8,7.43,73.7,76.8,0,6.3,4.6,3.6,5.2,3.0,4.7,5.1,5.4,0,1,2,0,0,5.4,5.5,5.4,8.5,6.6,7.2,0,0,Cloud/DevOps Engineer,1,SYNTHETIC,78.6,94.7
ST02617,Student ST02617,ECE,7,8.45,84.0,84.1,0,6.5,5.8,4.7,5.1,2.4,3.3,2.3,2.5,0,3,2,1,0,5.7,5.4,4.4,7.8,8.9,6.6,4,0,Cybersecurity Specialist,1,SYNTHETIC,97.7,67.8
ST02618,Student ST02618,CSE,7,7.64,81.1,77.3,0,6.0,4.9,5.8,3.6,8.9,5.4,2.4,5.4,1,2,1,0,2,8.3,5.2,5.1,6.5,5.8,6.1,1,0,Data Analyst,1,SYNTHETIC,80.0,63.4
ST02619,Student ST02619,ISE,7,7.71,75.7,79.9,0,7.1,5.2,4.5,5.4,4.9,2.4,5.1,3.3,0,3,2,1,0,4.3,5.8,5.9,7.1,6.6,5.7,0,1,Cloud/DevOps Engineer,1,SYNTHETIC,76.2,88.0
ST02620,Student ST02620,CSE,7,7.49,82.5,72.8,0,5.2,6.0,5.8,4.3,4.8,5.4,3.8,5.5,0,2,1,1,0,6.8,6.0,5.0,5.0,5.2,4.6,0,0,Full-Stack Developer,1,SYNTHETIC,84.9,71.8
ST02621,Student ST02621,CSE,8,6.83,71.1,71.6,0,5.9,4.6,5.8,4.3,7.1,5.7,5.8,3.0,0,2,1,0,0,4.2,6.3,3.8,5.4,5.8,6.3,0,0,Cybersecurity Specialist,1,SYNTHETIC,88.6,91.6
ST02622,Student ST02622,CSE,8,8.28,87.7,83.9,0,5.9,8.5,7.1,6.9,4.0,4.6,2.9,3.0,3,6,2,1,0,6.9,6.7,6.4,4.4,2.0,5.1,2,0,AI/ML Engineer,1,SYNTHETIC,98.8,94.1
ST02623,Student ST02623,Mechanical,7,7.56,80.0,80.3,0,6.4,5.5,3.7,3.5,1.4,4.8,2.5,1.0,2,1,1,0,1,6.6,7.0,5.8,6.1,5.7,5.7,0,0,Full-Stack Developer,1,SYNTHETIC,80.1,78.7
ST02624,Student ST02624,CSE,7,5.77,60.2,57.5,0,5.7,5.3,5.4,2.1,2.9,5.7,2.2,5.7,0,5,1,0,0,4.5,5.1,4.4,5.8,5.7,4.5,0,0,QA Specialist,0,SYNTHETIC,92.9,64.9
ST02625,Student ST02625,Mechanical,8,9.4,88.8,96.3,0,6.8,8.0,9.2,6.9,5.7,6.3,6.5,4.4,0,1,2,3,0,6.3,5.5,6.4,7.0,6.3,6.4,0,0,Full-Stack Developer,1,SYNTHETIC,97.2,65.6
ST02626,Student ST02626,CSE,7,5.67,55.0,59.8,0,3.6,2.3,4.4,6.3,2.0,3.1,3.6,4.0,2,2,1,0,0,5.8,7.0,5.0,6.4,7.3,5.2,2,0,AI/ML Engineer,1,SYNTHETIC,84.0,85.1
ST02627,Student ST02627,ECE,7,9.64,98.0,97.0,0,5.7,6.5,7.1,7.7,4.4,6.9,3.7,3.8,2,4,2,1,3,7.7,7.3,8.8,9.5,9.5,7.1,0,1,QA Specialist,1,SYNTHETIC,80.0,83.6
ST02628,Student ST02628,CSE,7,7.78,81.5,85.4,0,7.7,4.3,6.3,3.8,4.4,1.4,3.7,5.9,2,2,2,1,0,6.5,5.6,4.7,5.9,5.6,4.9,0,0,QA Specialist,1,SYNTHETIC,81.6,79.7
ST02629,Student ST02629,CSE,8,5.0,58.3,55.0,0,4.4,3.8,2.5,7.9,3.3,3.3,1.7,6.0,3,3,2,0,0,5.1,4.2,7.0,6.6,5.8,5.4,0,0,QA Specialist,0,SYNTHETIC,87.6,90.2
ST02630,Student ST02630,ISE,7,6.34,64.6,63.7,0,4.7,1.5,6.2,4.4,2.1,5.0,1.2,1.9,1,3,1,0,2,5.2,5.4,3.8,5.2,3.7,5.0,2,0,Cybersecurity Specialist,0,SYNTHETIC,81.5,94.4
ST02631,Student ST02631,ECE,8,7.14,71.9,75.6,0,3.3,4.1,3.6,3.8,1.7,3.0,3.6,1.2,3,5,1,0,0,7.2,8.1,3.7,7.9,6.9,6.1,1,1,Cloud/DevOps Engineer,0,SYNTHETIC,78.6,75.6
ST02632,Student ST02632,CSE,7,6.4,67.5,62.7,0,3.3,3.3,5.5,5.8,5.5,3.7,4.4,2.1,0,4,1,0,2,5.7,5.0,5.3,7.1,8.2,6.8,0,0,Full-Stack Developer,1,SYNTHETIC,85.6,80.2
ST02633,Student ST02633,ECE,7,6.79,70.8,71.2,0,5.5,6.3,5.1,4.7,4.2,6.8,3.9,4.2,1,1,1,0,0,7.6,4.8,6.2,6.2,6.8,6.4,0,0,Full-Stack Developer,0,SYNTHETIC,90.9,94.2
ST02634,Student ST02634,ECE,8,8.43,87.1,82.3,0,2.1,3.1,7.4,3.0,4.5,4.4,4.0,2.9,1,5,1,0,0,7.4,7.7,2.7,6.6,6.0,4.1,0,0,Cloud/DevOps Engineer,1,SYNTHETIC,94.0,66.7
ST02635,Student ST02635,Mechanical,8,8.19,74.8,82.5,0,6.7,7.7,6.1,8.1,3.2,5.8,6.2,5.6,3,3,2,0,0,7.0,5.7,7.2,5.6,5.9,6.0,1,0,AI/ML Engineer,0,SYNTHETIC,78.3,92.7
ST02636,Student ST02636,CSE,8,8.79,88.4,90.6,0,6.2,3.1,3.9,7.1,3.3,2.9,1.8,1.0,0,6,2,1,0,7.3,4.8,8.2,6.6,5.2,6.4,0,0,Cloud/DevOps Engineer,1,SYNTHETIC,94.1,84.6
ST02637,Student ST02637,ECE,8,8.15,74.5,76.3,0,5.1,7.6,6.2,4.1,2.7,6.2,4.9,6.0,0,4,1,1,0,5.4,6.7,4.8,3.9,5.1,5.2,1,0,Full-Stack Developer,1,SYNTHETIC,82.1,60.4
ST02638,Student ST02638,ISE,7,7.19,71.2,72.8,0,4.5,4.7,4.8,5.9,1.4,4.2,5.5,4.4,5,5,1,0,0,5.7,6.2,5.5,6.9,7.3,6.0,0,0,QA Specialist,1,SYNTHETIC,85.4,67.0
ST02639,Student ST02639,CSE,8,7.97,76.6,77.6,0,4.7,2.9,6.3,3.2,4.5,4.7,3.3,1.6,0,3,1,1,1,7.1,6.1,2.4,7.3,8.3,3.7,0,1,Cybersecurity Specialist,1,SYNTHETIC,93.4,75.7
ST02640,Student ST02640,ECE,8,8.82,85.1,92.5,0,5.6,6.2,6.5,5.4,3.7,6.2,3.6,3.3,0,2,2,0,1,5.3,7.3,5.8,2.9,2.2,5.2,0,0,Cloud/DevOps Engineer,0,SYNTHETIC,90.4,69.6
ST02641,Student ST02641,ISE,8,7.75,72.2,71.8,0,8.5,7.1,7.2,6.6,3.1,7.1,4.1,5.1,1,1,2,0,1,7.7,7.1,9.1,7.4,6.7,7.8,0,1,Cybersecurity Specialist,1,SYNTHETIC,89.9,94.1
ST02642,Student ST02642,ISE,8,8.76,90.3,90.2,0,8.0,6.7,8.1,7.4,5.0,5.9,5.6,5.3,1,3,2,0,0,7.6,6.8,6.4,5.5,7.0,7.3,2,0,QA Specialist,0,SYNTHETIC,89.9,91.6
ST02643,Student ST02643,CSE,8,8.23,75.6,85.1,0,3.6,4.8,6.0,8.8,1.0,3.7,3.4,2.0,2,1,2,0,1,6.1,7.4,7.1,6.7,7.0,7.0,0,0,AI/ML Engineer,1,SYNTHETIC,82.9,66.9
ST02644,Student ST02644,Mechanical,7,5.23,55.0,61.3,0,7.0,4.6,5.4,5.1,3.3,5.8,2.5,5.1,3,1,2,1,0,4.9,5.6,5.9,3.8,3.1,6.2,0,0,Data Analyst,0,SYNTHETIC,85.5,74.9
ST02645,Student ST02645,ECE,7,6.87,67.2,67.6,0,6.5,3.7,7.9,5.5,3.8,3.7,2.9,6.1,0,1,2,0,0,8.4,4.8,5.4,4.1,3.4,5.0,2,0,Cybersecurity Specialist,1,SYNTHETIC,78.5,78.1
ST02646,Student ST02646,ECE,8,6.22,59.6,64.5,0,4.4,5.8,7.0,5.3,1.6,4.3,5.0,1.7,1,2,1,0,0,6.5,6.1,6.4,7.0,6.0,5.2,0,0,Full-Stack Developer,1,SYNTHETIC,88.4,61.2
ST02647,Student ST02647,CSE,8,7.64,73.9,75.8,0,3.4,2.3,4.3,3.0,5.8,4.2,1.0,1.1,2,4,1,0,1,7.8,5.1,3.8,6.5,6.0,6.4,0,0,Cloud/DevOps Engineer,1,SYNTHETIC,98.4,74.8
ST02648,Student ST02648,Mechanical,7,7.48,86.7,78.5,0,6.6,3.3,7.0,7.7,6.4,5.3,1.8,3.1,1,1,2,0,0,7.1,7.3,7.7,6.4,5.8,6.6,2,0,Cybersecurity Specialist,1,SYNTHETIC,92.8,69.9
ST02649,Student ST02649,CSE,7,5.94,70.1,65.6,0,2.5,3.0,3.7,4.1,2.6,2.6,4.0,1.0,3,1,1,0,0,5.4,6.4,3.5,6.2,6.2,4.2,2,0,Data Analyst,1,SYNTHETIC,87.0,82.1
ST02650,Student ST02650,ISE,7,8.2,85.6,76.9,0,7.5,7.3,8.7,7.9,5.0,7.5,3.1,6.8,2,2,2,1,1,5.7,8.0,7.0,2.2,2.1,4.7,0,0,Full-Stack Developer,1,SYNTHETIC,84.1,66.8
ST02651,Student ST02651,CSE,8,7.13,72.7,65.2,0,3.7,3.1,6.7,6.0,4.2,4.1,2.3,5.0,0,2,1,1,0,3.3,6.9,4.3,6.8,6.5,5.3,0,0,Data Analyst,1,SYNTHETIC,78.8,83.7
ST02652,Student ST02652,Mechanical,8,8.1,78.8,90.2,0,4.6,4.8,6.7,4.7,4.0,7.7,4.7,4.2,1,1,1,0,0,6.0,6.4,4.4,5.3,4.9,4.4,0,0,Cloud/DevOps Engineer,0,SYNTHETIC,90.0,84.4
ST02653,Student ST02653,ISE,7,7.86,80.1,74.3,0,6.6,5.7,4.6,7.8,3.9,5.7,5.0,1.1,1,3,2,0,0,7.4,7.8,6.4,4.7,4.4,6.7,0,0,Data Analyst,1,SYNTHETIC,75.1,88.3
ST02654,Student ST02654,CSE,7,7.8,84.9,81.1,0,6.9,7.4,6.0,7.3,4.8,5.3,5.8,2.4,1,1,2,1,0,5.6,6.8,8.7,8.1,6.4,7.9,1,1,Cloud/DevOps Engineer,0,SYNTHETIC,92.5,82.0
ST02655,Student ST02655,Mechanical,7,9.01,92.8,87.3,0,4.6,6.5,6.9,3.6,5.9,5.0,2.3,3.8,1,1,1,1,0,8.0,7.7,3.7,6.9,5.6,4.2,1,0,Full-Stack Developer,1,SYNTHETIC,94.5,76.4
ST02656,Student ST02656,CSE,7,8.09,84.9,78.1,0,4.7,4.8,6.5,4.6,3.0,5.7,2.6,4.8,2,1,1,1,0,3.6,5.3,4.3,6.9,8.5,5.1,1,0,Cloud/DevOps Engineer,1,SYNTHETIC,95.8,88.6
ST02657,Student ST02657,CSE,7,7.14,64.8,73.4,0,6.1,3.6,5.8,6.0,3.1,3.7,1.2,1.8,1,1,2,0,0,5.6,6.4,5.9,7.5,6.9,5.6,0,1,AI/ML Engineer,1,SYNTHETIC,88.7,90.5
ST02658,Student ST02658,Mechanical,7,7.0,68.6,69.5,0,4.8,3.0,4.1,3.4,1.4,1.9,2.6,1.0,2,2,1,0,0,6.2,6.8,2.3,7.9,6.4,7.1,1,0,QA Specialist,0,SYNTHETIC,75.7,79.7
ST02659,Student ST02659,ECE,8,8.27,87.1,80.7,0,3.5,6.3,3.7,5.1,4.2,3.4,4.1,2.6,0,2,1,2,0,5.8,5.1,5.0,7.6,8.1,5.9,0,0,QA Specialist,0,SYNTHETIC,80.1,74.3
ST02660,Student ST02660,ISE,7,7.4,74.0,71.0,0,4.6,5.1,6.4,6.3,3.3,3.6,5.0,2.5,1,2,2,0,1,8.2,5.9,5.4,5.2,5.6,3.9,0,0,Data Analyst,0,SYNTHETIC,97.1,87.4
ST02661,Student ST02661,CSE,7,7.05,69.7,71.5,0,4.4,4.9,3.4,4.2,2.3,4.2,2.2,3.5,2,3,1,0,0,6.4,5.7,4.6,7.8,8.1,5.7,1,0,Data Analyst,0,SYNTHETIC,94.9,83.5
ST02662,Student ST02662,ISE,8,6.47,66.9,67.5,0,3.3,4.8,5.0,4.5,1.1,4.9,1.5,3.6,2,4,1,1,0,4.6,5.1,4.3,4.8,4.8,3.7,1,0,Data Analyst,0,SYNTHETIC,86.8,65.0
ST02663,Student ST02663,Mechanical,8,7.88,80.0,76.2,0,4.6,5.0,7.9,6.6,4.1,5.6,2.5,3.7,0,1,2,0,1,6.2,3.7,5.2,4.7,5.0,4.6,1,0,QA Specialist,1,SYNTHETIC,95.1,70.4
ST02664,Student ST02664,CSE,7,6.62,69.1,65.8,0,2.9,3.4,5.1,2.8,1.9,6.6,3.0,2.8,1,4,1,0,1,5.1,6.6,1.6,7.8,7.5,5.8,1,1,QA Specialist,0,SYNTHETIC,86.9,87.3
ST02665,Student ST02665,ECE,7,7.83,81.3,72.0,0,6.4,2.2,6.6,4.1,6.4,5.0,1.9,4.3,3,2,2,0,0,5.0,6.0,4.1,3.7,3.2,4.7,1,0,Cybersecurity Specialist,1,SYNTHETIC,89.8,70.7
ST02666,Student ST02666,ISE,7,7.15,79.1,73.2,0,5.6,3.6,5.5,5.8,5.5,4.4,4.8,4.0,2,2,2,0,1,4.8,6.4,5.8,6.9,5.5,6.2,0,0,Full-Stack Developer,0,SYNTHETIC,98.2,75.3
ST02667,Student ST02667,ISE,8,6.94,60.4,67.1,0,7.8,5.1,8.3,5.4,2.0,4.8,4.9,2.5,0,1,2,1,0,6.9,4.1,6.0,7.1,6.3,8.0,1,0,Data Analyst,1,SYNTHETIC,80.2,86.1
ST02668,Student ST02668,Mechanical,7,6.81,68.4,66.5,0,3.5,5.5,5.9,4.3,2.0,4.3,1.0,4.1,0,4,1,0,0,5.5,6.8,4.5,5.0,4.8,4.2,0,0,QA Specialist,0,SYNTHETIC,85.6,65.5
ST02669,Student ST02669,Mechanical,8,7.36,72.3,69.0,0,3.9,4.2,4.3,3.3,5.7,3.6,4.2,1.0,1,3,1,0,0,7.9,7.7,3.3,7.6,8.5,5.2,1,1,Cloud/DevOps Engineer,0,SYNTHETIC,82.6,83.3
ST02670,Student ST02670,CSE,8,8.82,82.9,87.8,0,5.7,5.5,8.4,3.1,2.8,4.2,4.0,2.6,1,2,1,1,0,6.5,7.2,3.3,7.7,7.8,5.3,1,1,Full-Stack Developer,1,SYNTHETIC,98.4,64.2
ST02671,Student ST02671,ECE,7,8.56,84.5,92.8,0,7.7,6.4,6.9,7.3,4.9,8.3,3.2,4.9,1,3,2,2,0,5.7,6.8,6.5,7.2,6.2,7.3,1,1,Full-Stack Developer,1,SYNTHETIC,88.7,80.9
ST02672,Student ST02672,ECE,7,6.36,68.4,66.8,0,4.8,6.0,5.3,6.8,1.1,5.5,4.9,2.8,0,1,2,0,1,5.2,5.9,5.7,6.8,6.5,5.4,1,0,Cloud/DevOps Engineer,1,SYNTHETIC,80.6,71.0
ST02673,Student ST02673,ISE,7,8.0,83.0,75.9,0,5.2,5.7,4.5,4.3,2.2,6.1,3.0,2.9,0,2,1,1,1,6.0,5.8,4.1,2.3,3.8,3.7,1,0,Data Analyst,0,SYNTHETIC,82.3,91.0
ST02674,Student ST02674,CSE,7,7.6,76.3,79.2,0,7.6,8.1,6.1,6.5,4.7,7.4,4.1,3.7,1,6,2,1,0,4.4,6.9,6.2,6.1,6.0,8.1,0,0,Data Analyst,1,SYNTHETIC,90.9,77.9
ST02675,Student ST02675,Mechanical,7,8.23,72.4,79.4,0,4.7,5.4,6.8,5.8,6.9,6.0,4.3,2.4,3,1,1,3,0,5.9,6.7,5.1,8.7,8.0,6.8,0,0,Data Analyst,1,SYNTHETIC,82.1,94.8
ST02676,Student ST02676,ISE,8,7.46,79.1,73.5,0,5.4,5.3,5.1,4.2,3.4,1.6,1.6,3.2,2,5,1,0,0,3.3,4.7,5.0,4.2,4.2,4.3,0,0,AI/ML Engineer,0,SYNTHETIC,79.6,77.9
ST02677,Student ST02677,ISE,7,8.35,85.3,76.1,0,6.1,3.7,4.0,4.2,7.7,6.3,2.7,1.2,1,2,1,1,1,5.3,7.7,4.7,6.6,6.9,4.3,1,0,Data Analyst,1,SYNTHETIC,82.7,63.6
ST02678,Student ST02678,CSE,7,7.26,66.4,68.5,0,7.8,8.4,5.3,4.5,3.6,3.6,2.0,3.2,2,2,2,0,1,7.2,5.0,6.6,4.0,3.6,5.9,0,0,Data Analyst,0,SYNTHETIC,79.5,74.9
ST02679,Student ST02679,CSE,7,9.09,84.8,89.7,0,7.4,7.6,9.1,6.1,3.2,6.3,5.2,4.7,1,1,2,2,1,6.8,9.2,6.4,5.2,5.1,6.3,1,0,Cloud/DevOps Engineer,1,SYNTHETIC,94.9,76.1
ST02680,Student ST02680,CSE,7,7.91,79.3,77.6,0,6.2,5.4,5.5,7.1,3.7,5.0,4.8,5.1,2,2,2,1,0,7.6,4.0,5.0,4.5,5.8,6.7,1,0,Full-Stack Developer,1,SYNTHETIC,95.0,80.1
ST02681,Student ST02681,ECE,7,7.2,70.7,80.5,0,5.7,6.7,4.7,5.9,2.7,4.5,5.5,3.1,2,3,2,1,0,5.2,7.0,4.4,6.2,5.6,6.9,0,0,Cloud/DevOps Engineer,1,SYNTHETIC,91.8,91.6
ST02682,Student ST02682,ECE,8,6.91,70.3,69.5,0,4.0,1.5,4.0,5.9,3.1,3.7,1.1,2.0,1,1,1,0,2,6.0,6.2,4.9,5.7,5.5,4.8,0,0,Data Analyst,0,SYNTHETIC,89.2,84.1
ST02683,Student ST02683,CSE,8,5.83,64.3,62.7,0,2.5,2.5,3.3,6.3,3.4,2.4,1.4,1.9,1,5,1,0,0,5.0,6.5,6.3,4.2,4.2,4.0,0,0,AI/ML Engineer,1,SYNTHETIC,87.7,64.4
ST02684,Student ST02684,CSE,7,8.29,75.3,77.3,0,6.7,2.5,6.4,4.8,4.3,5.1,5.1,2.4,4,2,2,2,2,4.1,6.4,5.6,3.7,4.6,4.6,0,0,AI/ML Engineer,1,SYNTHETIC,80.7,87.4
ST02685,Student ST02685,CSE,7,7.03,68.6,66.6,0,5.6,3.0,6.6,6.1,4.5,5.4,2.8,3.3,2,3,2,0,0,8.0,7.2,5.5,3.3,4.1,4.2,2,0,AI/ML Engineer,0,SYNTHETIC,75.5,66.7
ST02686,Student ST02686,ECE,8,6.03,61.0,67.2,0,3.2,5.3,3.8,4.0,2.9,3.7,3.6,2.9,1,2,1,0,1,7.3,6.5,2.4,5.9,7.0,5.6,0,0,QA Specialist,0,SYNTHETIC,94.2,86.2
ST02687,Student ST02687,Mechanical,8,7.32,70.8,70.8,0,5.2,1.0,3.2,1.0,1.3,3.6,1.0,2.2,1,3,1,0,0,7.3,5.1,1.7,5.2,6.0,4.6,0,0,Full-Stack Developer,1,SYNTHETIC,85.5,93.0
ST02688,Student ST02688,CSE,8,6.41,64.0,55.6,0,4.6,4.3,4.3,7.0,2.7,4.8,1.0,6.2,1,5,2,0,0,5.5,4.7,6.3,4.4,4.8,5.4,0,0,Cybersecurity Specialist,0,SYNTHETIC,81.7,85.1
ST02689,Student ST02689,ISE,8,6.87,65.2,67.7,0,5.4,4.8,6.4,5.0,4.3,4.4,4.0,2.8,1,2,1,1,0,6.4,4.4,4.8,4.2,3.3,5.1,0,0,Data Analyst,1,SYNTHETIC,86.6,60.9
ST02690,Student ST02690,ISE,7,8.01,79.6,78.6,0,7.0,5.3,3.2,3.5,4.8,3.4,2.9,2.7,1,1,2,0,0,5.6,5.9,4.9,7.1,7.2,6.4,0,1,Cloud/DevOps Engineer,0,SYNTHETIC,79.5,84.6
ST02691,Student ST02691,ECE,8,5.0,56.7,53.3,0,2.2,1.8,2.6,5.1,3.4,1.0,1.0,3.2,2,3,1,0,1,5.5,5.6,4.4,6.0,7.6,4.8,0,0,Data Analyst,0,SYNTHETIC,78.5,69.1
ST02692,Student ST02692,Mechanical,7,8.23,81.7,83.0,0,3.7,4.2,5.6,3.8,4.9,4.2,5.6,1.1,4,3,1,1,0,7.7,5.4,4.9,7.6,7.3,4.4,2,0,QA Specialist,1,SYNTHETIC,96.5,80.2
ST02693,Student ST02693,Mechanical,8,6.78,71.4,68.6,0,6.3,6.3,4.9,3.9,4.4,5.1,1.2,2.2,2,4,1,0,0,6.3,4.6,4.7,6.8,6.5,5.8,0,0,Cloud/DevOps Engineer,0,SYNTHETIC,86.6,78.5
ST02694,Student ST02694,ECE,8,6.38,68.5,62.5,0,3.1,4.2,4.5,3.5,3.5,3.2,3.8,1.1,4,2,1,0,0,6.7,6.7,1.7,6.3,5.6,4.7,0,0,Cloud/DevOps Engineer,1,SYNTHETIC,91.8,79.3
ST02695,Student ST02695,Mechanical,7,6.49,71.0,66.5,0,5.6,3.0,3.8,3.2,4.0,4.6,1.1,2.1,3,5,1,0,0,2.4,8.0,4.1,6.4,5.2,4.7,0,0,QA Specialist,1,SYNTHETIC,87.6,77.7
ST02696,Student ST02696,CSE,8,7.59,69.2,73.0,0,5.0,6.9,8.2,7.2,2.1,5.0,5.7,2.3,0,1,2,2,2,5.5,8.1,5.1,5.7,5.2,5.3,1,0,Cloud/DevOps Engineer,1,SYNTHETIC,91.9,89.4
ST02697,Student ST02697,ECE,8,6.67,66.7,67.4,0,5.4,3.6,3.7,4.6,3.1,4.6,4.8,1.8,3,4,1,0,0,5.3,5.8,5.3,7.8,6.4,6.8,0,0,AI/ML Engineer,1,SYNTHETIC,85.8,68.4
ST02698,Student ST02698,ECE,8,7.57,82.4,75.0,0,5.4,5.9,7.1,4.0,3.2,4.6,2.7,1.8,0,2,1,0,0,6.4,6.0,4.1,6.2,3.8,5.0,1,0,Full-Stack Developer,0,SYNTHETIC,94.7,94.9
ST02699,Student ST02699,CSE,7,8.01,85.2,73.9,0,6.8,5.5,6.8,10.0,4.7,5.7,5.4,3.4,1,2,2,0,2,6.6,7.1,7.8,7.1,6.2,6.6,2,1,Cybersecurity Specialist,1,SYNTHETIC,84.5,72.5
ST02700,Student ST02700,CSE,7,8.79,84.3,84.0,0,5.4,5.0,6.2,7.4,2.9,4.3,3.7,5.6,0,2,2,0,0,7.0,6.8,7.6,6.5,7.2,6.3,1,0,Data Analyst,1,SYNTHETIC,91.5,71.1
ST02701,Student ST02701,ECE,7,6.65,71.5,70.1,0,5.3,6.2,3.2,2.9,2.7,4.5,4.2,1.5,0,2,1,0,0,6.1,7.5,4.4,5.6,4.4,6.2,0,0,AI/ML Engineer,1,SYNTHETIC,81.4,63.8
ST02702,Student ST02702,ECE,8,6.33,62.2,64.4,0,1.8,3.3,4.4,1.0,1.7,4.6,2.6,1.9,0,1,1,1,0,5.2,5.2,1.7,5.8,5.9,3.8,2,0,QA Specialist,0,SYNTHETIC,95.0,77.8
ST02703,Student ST02703,CSE,8,8.68,85.8,77.1,0,7.8,7.0,7.0,5.9,2.8,6.3,3.8,4.1,1,1,2,0,0,7.6,6.4,6.4,5.4,4.3,6.1,0,0,Cloud/DevOps Engineer,1,SYNTHETIC,87.5,93.4
ST02704,Student ST02704,ECE,7,6.89,72.5,75.8,0,4.8,5.5,3.6,5.0,3.6,3.6,5.7,2.1,1,2,1,1,0,5.5,6.4,3.7,4.4,3.8,4.6,0,0,Cybersecurity Specialist,1,SYNTHETIC,89.4,67.2
ST02705,Student ST02705,ISE,8,6.73,68.3,69.4,0,5.1,5.6,4.3,5.1,2.4,4.5,3.6,2.7,0,1,1,1,2,6.6,5.0,6.7,4.7,3.9,2.5,0,0,Full-Stack Developer,1,SYNTHETIC,81.4,93.5
ST02706,Student ST02706,Mechanical,7,6.92,74.5,69.5,0,3.7,4.6,4.2,6.8,3.6,3.7,1.2,3.4,2,4,1,1,0,6.2,6.6,5.8,7.0,5.6,7.6,2,0,Cloud/DevOps Engineer,1,SYNTHETIC,79.9,91.4
ST02707,Student ST02707,ECE,7,5.93,63.2,64.1,0,4.8,3.5,3.2,3.6,4.1,2.8,3.4,2.5,2,2,1,0,0,7.2,7.2,3.9,5.3,5.7,5.1,1,0,Cybersecurity Specialist,0,SYNTHETIC,91.0,67.2
ST02708,Student ST02708,ISE,7,8.25,83.6,82.5,0,3.7,5.2,5.6,2.9,4.2,5.6,3.8,4.1,0,3,1,0,0,6.0,7.6,2.5,4.3,3.6,4.4,0,0,Cloud/DevOps Engineer,0,SYNTHETIC,82.4,93.8
ST02709,Student ST02709,Mechanical,7,9.18,82.2,90.6,0,8.6,7.9,6.8,7.2,5.6,6.4,6.2,7.3,2,2,2,0,0,8.1,6.0,8.2,8.5,7.7,7.7,3,1,Cybersecurity Specialist,1,SYNTHETIC,85.5,69.1
ST02710,Student ST02710,ISE,8,8.68,86.2,82.8,0,6.7,6.9,6.6,6.6,2.4,4.6,4.6,3.8,0,3,2,0,0,6.6,5.9,6.3,5.4,5.3,6.4,0,0,Data Analyst,1,SYNTHETIC,87.5,73.4
ST02711,Student ST02711,ISE,7,5.53,58.8,61.6,0,3.7,2.4,3.3,4.5,1.6,5.5,3.1,5.5,1,1,1,0,1,5.5,6.8,4.7,4.9,5.5,4.4,1,0,Full-Stack Developer,1,SYNTHETIC,92.3,60.6
ST02712,Student ST02712,ISE,8,8.32,78.9,87.5,0,6.1,8.9,6.8,7.5,4.2,7.0,3.7,4.2,0,1,2,1,0,4.7,6.3,7.1,7.7,6.9,5.6,1,0,Full-Stack Developer,1,SYNTHETIC,85.3,71.8
ST02713,Student ST02713,Mechanical,8,7.2,66.4,70.0,0,7.0,4.4,7.3,6.4,6.8,5.4,2.5,1.6,0,3,2,1,1,5.4,6.7,7.2,6.7,5.9,6.8,0,0,AI/ML Engineer,1,SYNTHETIC,93.8,91.1
ST02714,Student ST02714,Mechanical,7,6.89,75.4,68.2,0,3.8,5.9,5.0,5.6,1.7,3.1,2.0,3.1,0,4,1,0,1,7.4,6.4,6.7,6.8,7.1,6.4,0,0,QA Specialist,1,SYNTHETIC,98.8,84.1
ST02715,Student ST02715,CSE,8,6.99,68.5,66.0,0,5.1,4.9,7.3,5.5,3.2,4.7,1.0,2.9,2,3,2,0,0,4.6,7.0,5.7,5.6,5.0,6.2,0,0,Data Analyst,1,SYNTHETIC,86.9,75.8
ST02716,Student ST02716,Mechanical,8,7.54,80.4,75.7,0,5.5,8.3,6.1,5.8,2.8,6.3,4.3,5.1,1,4,2,0,2,5.5,6.2,6.7,5.3,4.9,3.3,1,0,AI/ML Engineer,1,SYNTHETIC,91.0,65.4
ST02717,Student ST02717,CSE,8,6.86,64.3,68.9,0,4.5,3.7,6.1,3.5,2.8,4.1,2.6,1.5,2,2,1,0,1,6.2,6.5,3.1,4.0,5.7,5.3,1,0,Cybersecurity Specialist,0,SYNTHETIC,88.6,72.2
ST02718,Student ST02718,CSE,7,6.95,75.1,64.8,0,5.3,2.2,3.3,4.1,1.5,4.0,2.6,3.3,0,2,1,0,1,5.8,6.2,4.4,7.8,8.7,5.9,0,0,Full-Stack Developer,0,SYNTHETIC,77.5,77.7
ST02719,Student ST02719,ISE,7,5.25,55.0,55.2,0,4.0,4.8,4.0,2.5,3.1,3.6,3.6,1.0,2,1,1,0,0,7.3,5.5,2.0,5.9,5.8,4.3,0,0,AI/ML Engineer,1,SYNTHETIC,79.7,77.2
ST02720,Student ST02720,CSE,7,9.09,94.6,95.3,0,3.6,3.6,3.9,3.5,2.2,3.9,3.7,3.6,0,6,1,2,1,7.3,6.2,2.4,3.7,4.6,3.2,0,0,Cloud/DevOps Engineer,0,SYNTHETIC,87.8,76.0
ST02721,Student ST02721,ISE,7,6.77,69.8,62.6,0,6.2,3.6,5.1,5.3,1.7,5.3,1.7,2.9,2,3,2,1,0,5.8,7.6,5.6,6.0,6.0,6.6,1,0,Full-Stack Developer,1,SYNTHETIC,91.5,87.5
ST02722,Student ST02722,CSE,8,8.48,91.6,83.1,0,3.8,5.7,5.6,6.5,3.5,3.4,3.4,1.0,0,1,1,0,0,5.4,7.9,2.3,5.3,4.9,4.5,0,0,Data Analyst,0,SYNTHETIC,76.4,61.9
ST02723,Student ST02723,CSE,8,9.06,87.1,88.4,0,5.4,5.5,6.4,6.6,5.9,4.2,4.2,1.0,2,5,2,0,1,9.0,8.2,5.8,4.0,4.8,5.4,0,0,QA Specialist,1,SYNTHETIC,90.2,67.6
ST02724,Student ST02724,CSE,8,6.49,61.7,75.5,0,6.2,7.8,5.8,5.7,4.0,4.0,1.0,2.9,3,1,2,0,0,6.9,4.6,5.4,9.3,9.4,7.5,0,0,Data Analyst,0,SYNTHETIC,83.3,76.7
ST02725,Student ST02725,ISE,8,8.14,80.6,82.4,0,7.2,6.7,6.9,7.2,3.0,5.1,2.9,3.4,0,3,2,0,2,8.0,7.4,7.2,6.9,5.9,7.5,0,0,Data Analyst,1,SYNTHETIC,92.1,92.3
ST02726,Student ST02726,CSE,8,8.65,95.3,88.9,0,6.9,6.7,6.7,5.5,3.7,5.8,2.6,3.4,1,1,2,2,1,6.1,7.3,6.0,7.3,7.9,9.1,0,0,Cloud/DevOps Engineer,0,SYNTHETIC,94.7,63.5
ST02727,Student ST02727,Mechanical,8,9.8,93.9,95.2,0,4.2,5.9,5.9,5.7,3.2,5.9,4.3,3.8,0,1,1,2,0,8.6,7.8,4.9,7.4,7.5,7.0,1,0,Full-Stack Developer,1,SYNTHETIC,78.1,72.5
ST02728,Student ST02728,ISE,7,8.17,84.6,80.6,0,5.3,5.2,3.5,5.3,5.0,2.5,3.8,4.6,1,1,2,2,0,7.0,7.8,4.7,6.2,6.7,6.5,1,0,Full-Stack Developer,1,SYNTHETIC,90.4,61.8
ST02729,Student ST02729,Mechanical,7,7.61,77.5,81.2,0,3.5,4.2,9.0,4.3,4.5,6.5,6.1,3.3,2,2,1,1,0,5.3,7.3,3.3,4.3,5.4,2.8,0,0,Data Analyst,0,SYNTHETIC,96.0,92.7
ST02730,Student ST02730,ISE,8,7.94,75.1,78.9,0,7.1,5.7,5.5,5.2,4.8,6.6,4.8,1.9,1,2,2,2,0,5.1,6.3,5.6,7.7,8.8,5.8,2,1,Cybersecurity Specialist,1,SYNTHETIC,81.3,63.2
ST02731,Student ST02731,Mechanical,8,6.97,74.6,69.6,0,3.7,5.1,5.1,3.9,2.2,3.0,3.3,2.4,3,2,1,0,1,6.5,7.1,4.3,7.6,7.7,5.9,1,0,AI/ML Engineer,1,SYNTHETIC,76.1,70.1
ST02732,Student ST02732,Mechanical,7,5.72,58.9,60.4,0,4.9,5.4,7.1,3.4,3.1,5.7,7.0,1.0,0,5,1,0,0,6.4,4.3,5.7,7.6,8.0,5.7,0,1,QA Specialist,1,SYNTHETIC,94.3,93.4
ST02733,Student ST02733,Mechanical,7,6.7,70.7,70.5,1,4.6,5.3,7.0,8.0,2.3,5.1,3.8,4.6,3,3,2,0,2,6.5,6.8,6.4,8.8,6.7,6.4,0,0,Data Analyst,1,SYNTHETIC,97.5,88.6
ST02734,Student ST02734,CSE,7,8.51,80.9,87.6,0,6.6,5.4,5.5,5.1,5.3,5.9,1.0,5.6,1,1,2,0,0,5.2,6.0,6.5,6.2,7.0,4.0,0,0,Cybersecurity Specialist,1,SYNTHETIC,85.7,60.6
ST02735,Student ST02735,CSE,8,6.96,73.2,70.2,0,5.0,6.7,5.6,3.6,2.6,3.2,1.7,1.0,1,3,1,0,0,6.2,6.5,4.4,9.3,8.1,7.2,1,0,Cloud/DevOps Engineer,1,SYNTHETIC,97.3,86.6
ST02736,Student ST02736,CSE,8,6.75,66.7,64.3,0,4.4,2.7,6.8,2.8,3.3,3.2,1.0,1.0,1,5,1,0,0,6.7,5.3,3.9,5.6,4.9,2.9,1,0,QA Specialist,0,SYNTHETIC,87.7,63.8
ST02737,Student ST02737,ECE,7,6.35,62.9,63.3,0,5.8,7.0,6.0,5.2,5.8,4.6,3.9,4.1,2,3,2,0,3,5.8,4.4,6.1,4.3,3.6,5.0,1,0,Data Analyst,0,SYNTHETIC,94.2,79.9
ST02738,Student ST02738,ECE,7,7.14,80.6,74.5,1,2.9,6.2,5.9,4.7,2.8,7.1,2.0,3.3,2,1,1,1,0,5.3,4.4,5.2,7.1,8.4,4.1,1,0,AI/ML Engineer,0,SYNTHETIC,91.4,82.2
ST02739,Student ST02739,CSE,7,6.47,66.7,70.1,0,2.1,5.3,5.4,3.9,3.5,1.4,5.4,2.6,1,2,1,0,0,5.9,5.3,3.4,5.2,4.6,3.7,0,0,Data Analyst,0,SYNTHETIC,88.3,75.5
ST02740,Student ST02740,ECE,7,6.19,62.3,69.6,0,6.7,6.8,6.6,6.5,5.8,6.4,4.1,6.2,0,2,2,0,1,5.7,6.2,6.2,4.9,5.2,5.2,0,0,AI/ML Engineer,1,SYNTHETIC,87.4,92.3
ST02741,Student ST02741,CSE,8,5.41,55.0,60.9,0,2.3,3.1,2.4,1.0,1.0,2.3,1.0,2.6,2,5,1,0,0,4.4,3.4,1.9,7.8,7.3,4.3,1,1,Cybersecurity Specialist,0,SYNTHETIC,91.2,88.3
ST02742,Student ST02742,CSE,8,6.54,65.5,70.4,0,6.3,6.9,4.0,7.8,2.8,5.1,2.9,2.3,1,2,2,0,0,5.1,6.6,7.2,7.5,7.0,7.6,2,1,Cybersecurity Specialist,1,SYNTHETIC,78.0,74.8
ST02743,Student ST02743,Mechanical,8,9.19,86.0,90.5,0,5.4,5.3,5.5,6.4,5.4,6.1,1.1,5.0,0,3,2,3,0,8.9,9.0,6.6,7.9,7.7,7.6,0,1,AI/ML Engineer,1,SYNTHETIC,83.9,91.5
ST02744,Student ST02744,CSE,7,7.89,81.4,80.8,0,6.5,7.0,8.7,3.2,5.9,5.3,2.5,1.3,2,2,1,2,0,7.2,7.8,4.7,6.7,6.1,5.5,1,0,Full-Stack Developer,1,SYNTHETIC,79.9,71.2
ST02745,Student ST02745,ECE,8,6.2,61.2,61.1,0,3.1,5.0,5.3,6.0,1.5,3.8,3.5,1.0,0,3,1,0,0,6.1,3.3,5.3,8.8,8.4,6.2,2,0,Cybersecurity Specialist,0,SYNTHETIC,89.2,68.9
ST02746,Student ST02746,ISE,7,6.19,69.3,69.3,0,4.3,1.4,3.1,1.2,2.7,4.8,1.5,1.0,2,5,1,0,0,5.0,5.3,2.2,5.4,4.3,3.7,2,0,AI/ML Engineer,0,SYNTHETIC,96.0,65.3
ST02747,Student ST02747,Mechanical,8,8.67,90.8,87.9,0,7.1,7.1,6.9,7.5,5.3,6.7,4.8,5.8,0,2,2,0,0,5.6,6.7,7.8,6.3,5.8,7.0,0,0,Full-Stack Developer,1,SYNTHETIC,91.6,64.9
ST02748,Student ST02748,CSE,8,9.63,98.0,93.8,0,6.5,6.9,6.6,7.1,4.9,5.7,2.1,3.3,0,5,2,2,1,6.6,8.1,6.3,6.4,6.5,6.4,0,0,Cloud/DevOps Engineer,1,SYNTHETIC,94.3,76.7
ST02749,Student ST02749,CSE,7,8.09,73.4,81.7,0,7.2,3.8,7.1,7.6,6.1,4.8,5.0,3.8,1,3,2,3,0,6.6,7.4,6.5,6.8,5.9,6.1,0,0,Data Analyst,1,SYNTHETIC,91.0,79.4
ST02750,Student ST02750,CSE,7,7.36,74.7,71.7,0,5.3,4.4,6.2,6.0,4.3,2.1,3.8,1.0,0,1,2,0,0,7.8,7.0,5.1,10.0,10.0,6.7,0,0,Cybersecurity Specialist,1,SYNTHETIC,82.8,75.1
ST02751,Student ST02751,Mechanical,7,7.58,76.2,74.4,0,3.1,3.3,4.2,1.4,4.7,5.6,1.0,1.0,1,1,1,0,1,5.6,7.0,1.5,6.5,7.3,4.0,1,0,Data Analyst,0,SYNTHETIC,78.1,83.1
ST02752,Student ST02752,Mechanical,8,6.48,76.2,64.2,0,4.0,4.7,2.7,3.5,1.0,3.3,3.6,1.7,1,4,1,0,1,6.0,5.1,3.8,7.9,8.2,5.3,0,0,Data Analyst,1,SYNTHETIC,78.3,84.0
ST02753,Student ST02753,CSE,7,7.1,73.9,66.7,0,4.7,3.7,5.2,6.7,4.6,4.9,2.6,4.1,2,3,2,0,0,5.3,6.8,6.0,2.6,2.2,2.7,1,0,Full-Stack Developer,1,SYNTHETIC,82.8,78.4
ST02754,Student ST02754,ECE,8,7.08,73.8,76.3,0,5.4,4.1,4.5,4.2,3.5,2.3,1.2,3.4,0,1,1,0,1,6.0,5.1,4.1,5.2,4.0,5.0,0,0,Full-Stack Developer,0,SYNTHETIC,78.9,71.7
ST02755,Student ST02755,ECE,8,7.0,71.8,74.2,0,3.9,3.4,3.9,2.7,2.6,4.1,1.0,4.7,1,2,1,0,1,6.3,4.8,3.9,3.6,3.9,4.7,0,0,Cloud/DevOps Engineer,1,SYNTHETIC,81.3,81.5
ST02756,Student ST02756,Mechanical,7,6.86,73.3,68.7,0,7.0,6.3,5.1,6.3,7.1,6.0,4.9,1.3,1,3,2,1,0,6.0,8.0,7.0,5.9,4.9,6.8,0,0,Cybersecurity Specialist,1,SYNTHETIC,80.2,61.7
ST02757,Student ST02757,CSE,7,8.69,88.7,83.2,0,5.9,4.0,5.6,5.5,2.9,4.6,2.3,7.0,2,4,2,3,0,7.7,8.3,5.3,7.2,7.0,6.0,1,0,QA Specialist,1,SYNTHETIC,83.4,64.1
ST02758,Student ST02758,CSE,7,8.87,87.2,83.5,0,6.4,7.5,6.5,6.2,4.4,5.7,6.3,4.7,3,5,2,0,0,8.3,6.8,6.1,7.4,8.0,6.5,0,0,Cloud/DevOps Engineer,1,SYNTHETIC,87.3,84.9
ST02759,Student ST02759,CSE,8,6.2,64.9,68.3,0,2.9,2.1,3.9,4.2,1.3,1.0,4.2,1.1,1,2,1,0,0,7.4,4.0,3.5,4.3,4.7,4.7,2,0,AI/ML Engineer,0,SYNTHETIC,99.0,73.4
ST02760,Student ST02760,ISE,8,7.89,77.0,70.1,0,6.5,4.7,8.2,7.0,1.9,4.6,2.3,2.6,2,1,2,2,0,6.5,6.2,6.7,5.1,4.2,6.7,2,0,Data Analyst,1,SYNTHETIC,87.5,72.1
ST02761,Student ST02761,CSE,8,6.95,74.2,70.5,0,3.8,2.3,5.9,4.5,4.3,4.7,1.3,2.4,5,6,1,0,1,8.1,5.6,5.0,6.9,5.8,4.6,2,0,Full-Stack Developer,1,SYNTHETIC,85.6,75.8
ST02762,Student ST02762,CSE,7,8.66,85.8,86.7,0,8.3,8.4,8.0,7.3,4.1,7.7,5.4,3.3,1,5,2,1,0,7.5,7.2,7.9,5.0,3.5,5.9,0,0,Cybersecurity Specialist,1,SYNTHETIC,96.3,72.7
ST02763,Student ST02763,ECE,8,5.99,61.8,58.5,0,4.8,3.6,4.3,6.5,3.6,3.1,5.9,2.2,2,1,2,0,2,4.2,7.9,5.3,7.4,6.3,5.4,0,1,Cloud/DevOps Engineer,0,SYNTHETIC,75.5,82.0
ST02764,Student ST02764,ISE,7,8.45,85.2,87.2,0,7.9,5.7,7.0,8.5,7.0,6.3,7.6,3.4,0,1,2,0,1,8.3,4.1,7.3,5.5,3.3,7.3,0,0,Data Analyst,1,SYNTHETIC,92.4,77.8
ST02765,Student ST02765,CSE,7,7.2,74.6,77.5,0,4.6,4.6,6.9,6.6,1.3,1.9,3.8,1.0,2,1,2,0,1,5.9,6.7,6.1,6.3,4.8,6.1,0,0,Data Analyst,0,SYNTHETIC,78.8,60.7
ST02766,Student ST02766,ECE,7,8.42,86.3,83.6,0,4.4,6.2,5.5,6.2,2.4,6.3,2.4,7.6,1,1,2,0,0,7.8,6.8,4.6,5.9,5.3,6.5,1,0,AI/ML Engineer,1,SYNTHETIC,83.1,60.8
ST02767,Student ST02767,Mechanical,8,8.09,75.8,77.3,0,5.5,4.3,3.9,3.8,5.0,7.3,3.8,4.6,4,3,1,2,0,8.3,7.8,5.0,6.9,5.0,5.9,1,0,Full-Stack Developer,1,SYNTHETIC,85.4,77.2
ST02768,Student ST02768,ECE,7,7.93,78.3,78.3,0,7.1,8.2,5.8,4.2,1.0,7.2,6.8,1.1,3,2,2,3,0,6.2,7.2,5.7,7.6,7.5,7.1,0,1,AI/ML Engineer,1,SYNTHETIC,90.2,72.5
ST02769,Student ST02769,ECE,8,7.85,81.3,76.4,0,5.2,3.3,6.1,4.6,1.0,7.0,3.6,3.4,1,1,1,0,0,5.7,6.8,4.5,5.4,4.2,6.2,0,0,Data Analyst,0,SYNTHETIC,75.7,63.3
ST02770,Student ST02770,Mechanical,7,9.5,95.9,91.8,0,6.9,6.5,7.1,10.0,6.9,5.8,4.2,5.1,1,1,2,2,1,6.4,6.0,9.0,4.3,3.1,5.9,0,0,AI/ML Engineer,1,SYNTHETIC,94.9,89.4
ST02771,Student ST02771,ISE,7,8.25,89.4,81.8,0,5.1,5.0,4.8,4.8,2.8,3.5,6.1,5.2,1,3,1,0,0,6.1,6.6,5.3,7.4,6.2,5.2,1,0,Cloud/DevOps Engineer,1,SYNTHETIC,96.0,62.7
ST02772,Student ST02772,ISE,7,7.55,81.1,75.1,0,3.8,2.3,8.4,5.7,2.3,1.9,5.5,1.6,1,1,1,1,0,5.7,4.0,4.0,7.0,8.0,5.6,1,0,QA Specialist,1,SYNTHETIC,96.9,71.8
ST02773,Student ST02773,ISE,8,9.15,87.0,97.0,0,3.3,5.1,3.6,4.7,1.9,4.5,3.7,2.6,0,2,1,1,1,5.7,7.2,3.5,6.4,5.9,5.6,0,0,AI/ML Engineer,1,SYNTHETIC,86.9,67.9
ST02774,Student ST02774,ISE,8,5.79,62.5,62.9,0,7.5,1.7,2.5,6.0,3.7,5.3,1.0,1.0,2,4,2,0,1,4.4,4.7,6.5,7.4,7.0,7.8,0,1,Cybersecurity Specialist,1,SYNTHETIC,79.5,68.5
ST02775,Student ST02775,Mechanical,7,6.91,65.1,63.6,0,3.7,3.5,2.4,2.9,4.0,1.9,1.4,4.4,4,6,1,0,0,5.3,5.9,2.8,8.4,9.3,6.0,0,0,Full-Stack Developer,1,SYNTHETIC,76.1,71.7
ST02776,Student ST02776,ISE,7,7.1,80.9,69.3,0,5.6,1.6,4.7,2.0,1.0,3.5,1.0,1.0,1,2,1,1,0,4.3,4.7,4.2,7.3,7.1,6.4,1,0,QA Specialist,0,SYNTHETIC,91.4,66.8
ST02777,Student ST02777,CSE,7,8.33,88.1,83.4,0,5.0,6.3,5.8,3.8,4.0,2.5,3.5,6.0,1,1,1,1,0,4.5,7.3,4.9,5.0,4.1,4.3,0,0,Cybersecurity Specialist,0,SYNTHETIC,92.4,70.8
ST02778,Student ST02778,Mechanical,7,7.03,68.3,67.9,0,4.9,3.9,3.6,6.2,1.0,6.4,3.6,3.8,3,3,2,1,0,9.2,6.0,5.0,3.3,4.2,4.9,1,0,Cybersecurity Specialist,1,SYNTHETIC,93.8,85.8
ST02779,Student ST02779,Mechanical,8,7.16,66.4,69.6,0,4.0,2.2,5.3,5.4,6.2,7.0,2.3,4.2,1,1,1,1,0,5.8,6.9,4.0,6.1,4.5,4.8,0,0,AI/ML Engineer,0,SYNTHETIC,80.9,72.9
ST02780,Student ST02780,CSE,7,7.69,79.6,76.5,0,5.2,6.8,5.8,5.8,5.0,4.8,5.6,2.1,2,5,2,0,0,7.6,7.9,5.9,5.9,6.7,5.3,0,0,QA Specialist,0,SYNTHETIC,81.9,81.5
ST02781,Student ST02781,Mechanical,7,9.09,90.7,80.3,0,8.6,7.0,9.3,6.4,5.1,9.5,5.6,6.0,0,6,2,1,0,8.5,6.7,6.3,6.9,6.5,6.4,1,0,QA Specialist,1,SYNTHETIC,86.1,62.1
ST02782,Student ST02782,CSE,7,7.66,74.9,76.7,0,5.6,3.8,4.7,7.1,3.3,5.2,1.5,4.7,0,4,2,0,0,4.9,5.9,6.8,4.5,3.9,4.4,0,0,Cloud/DevOps Engineer,0,SYNTHETIC,81.2,76.9
ST02783,Student ST02783,ISE,8,6.88,75.3,71.0,0,3.1,2.5,3.0,2.4,1.4,2.7,1.0,2.9,0,3,1,0,0,7.2,5.4,3.7,7.3,6.7,4.4,1,0,Cloud/DevOps Engineer,0,SYNTHETIC,84.8,84.8
ST02784,Student ST02784,CSE,7,6.8,77.7,70.1,0,1.9,5.6,4.3,2.0,2.8,2.0,1.0,1.3,0,2,1,0,0,4.5,5.5,1.6,3.8,4.0,3.1,0,0,Cybersecurity Specialist,0,SYNTHETIC,88.7,65.4
ST02785,Student ST02785,CSE,7,7.21,77.1,73.7,0,4.9,5.7,5.2,5.8,4.4,7.1,1.0,1.8,1,6,2,0,0,5.7,7.1,5.0,6.4,5.5,5.7,0,0,Cybersecurity Specialist,1,SYNTHETIC,93.9,74.2
ST02786,Student ST02786,CSE,8,6.86,74.5,67.4,0,4.9,3.0,3.6,4.5,2.9,5.2,1.0,1.5,2,3,1,0,0,5.0,7.2,4.5,6.5,5.9,4.2,1,0,Data Analyst,0,SYNTHETIC,95.3,63.6
ST02787,Student ST02787,CSE,8,7.06,70.7,65.9,0,6.1,7.4,5.8,6.9,4.6,6.1,7.6,3.7,2,2,2,1,0,6.6,6.3,7.1,7.9,7.9,6.2,1,0,Cloud/DevOps Engineer,1,SYNTHETIC,98.4,70.4
ST02788,Student ST02788,CSE,7,5.89,65.0,62.8,0,5.6,3.1,4.2,4.4,6.3,6.3,2.7,2.8,0,3,1,0,1,6.1,5.8,5.0,4.7,5.5,5.6,0,0,AI/ML Engineer,1,SYNTHETIC,88.8,72.6
ST02789,Student ST02789,CSE,7,8.96,90.4,86.0,0,7.6,4.0,7.4,8.1,4.8,6.1,1.0,4.8,3,3,2,3,0,6.3,5.9,8.8,6.7,7.1,7.3,0,0,AI/ML Engineer,1,SYNTHETIC,93.9,62.1
ST02790,Student ST02790,CSE,8,7.92,76.3,81.8,0,7.8,6.8,3.7,4.4,2.5,3.5,4.2,3.4,0,1,2,1,1,5.2,7.4,7.2,6.2,6.4,6.3,1,0,Cloud/DevOps Engineer,0,SYNTHETIC,92.4,78.5
ST02791,Student ST02791,ECE,8,7.65,82.0,78.4,0,3.5,5.1,6.1,4.7,2.5,6.1,2.4,1.0,1,1,1,0,0,6.5,5.7,3.7,4.2,4.6,3.6,0,0,Full-Stack Developer,0,SYNTHETIC,77.8,72.7
ST02792,Student ST02792,ISE,8,9.49,98.0,95.2,0,6.1,8.3,7.7,6.1,5.2,5.5,2.3,6.2,1,2,2,1,0,6.6,8.4,5.2,6.5,4.7,6.4,1,0,QA Specialist,1,SYNTHETIC,91.8,78.1
ST02793,Student ST02793,Mechanical,8,6.79,69.0,68.7,0,5.4,6.2,5.9,5.8,4.3,6.7,6.0,1.4,3,1,2,0,1,4.7,6.6,6.5,5.3,4.0,6.4,2,0,Data Analyst,0,SYNTHETIC,80.8,75.7
ST02794,Student ST02794,ISE,8,6.27,60.7,71.0,0,2.6,2.9,5.6,4.2,1.4,5.3,3.1,1.0,3,1,1,0,0,5.3,3.9,2.3,3.2,3.0,4.0,1,0,Cloud/DevOps Engineer,0,SYNTHETIC,82.4,84.8
ST02795,Student ST02795,Mechanical,8,5.38,61.7,63.0,0,3.8,3.6,4.3,4.7,1.8,1.8,1.5,2.0,4,4,1,0,0,3.8,4.9,3.5,8.4,7.4,6.0,1,0,Full-Stack Developer,0,SYNTHETIC,92.8,68.8
ST02796,Student ST02796,CSE,8,6.52,66.8,76.3,0,5.7,4.7,5.1,5.5,1.9,4.5,1.0,1.0,1,2,2,0,0,5.7,7.2,5.8,7.1,7.7,6.5,1,0,Data Analyst,0,SYNTHETIC,96.7,90.6
ST02797,Student ST02797,ISE,7,6.33,66.0,66.4,0,5.1,4.9,3.9,6.3,1.8,4.1,2.4,4.4,2,3,2,0,1,6.9,6.0,5.9,6.2,7.9,5.4,0,0,Cybersecurity Specialist,1,SYNTHETIC,91.8,71.2
ST02798,Student ST02798,ECE,7,10.0,98.0,94.1,0,8.1,7.7,8.9,7.8,7.8,5.1,5.9,7.3,1,5,2,2,0,8.3,8.1,9.1,7.1,5.7,8.2,1,1,Cloud/DevOps Engineer,1,SYNTHETIC,80.9,91.0
ST02799,Student ST02799,ISE,7,8.52,84.8,91.2,0,4.4,6.2,4.8,6.3,4.4,3.4,3.7,2.6,1,3,2,0,0,9.0,7.1,5.1,4.1,2.7,4.0,0,0,Cloud/DevOps Engineer,0,SYNTHETIC,86.7,66.9
ST02800,Student ST02800,Mechanical,7,5.72,59.6,60.9,0,5.7,2.6,3.2,2.6,4.3,4.5,2.3,1.0,2,3,1,0,0,5.3,5.3,4.2,6.4,5.8,4.8,0,0,AI/ML Engineer,1,SYNTHETIC,79.3,79.0
ST02801,Student ST02801,Mechanical,8,7.0,71.5,70.4,0,2.9,5.6,4.8,6.3,3.9,6.3,3.2,5.0,0,2,1,1,1,5.3,7.0,5.0,7.3,5.7,6.0,0,0,Cybersecurity Specialist,1,SYNTHETIC,83.8,69.2
ST02802,Student ST02802,Mechanical,7,7.14,73.9,72.1,0,7.8,7.1,7.5,3.7,1.4,5.7,5.6,3.0,2,1,2,0,0,6.5,5.3,5.5,5.5,4.9,5.5,0,0,QA Specialist,1,SYNTHETIC,84.6,72.8
ST02803,Student ST02803,Mechanical,7,8.44,98.0,86.3,0,4.9,4.0,4.0,6.1,4.1,3.9,3.5,3.5,1,1,2,1,0,7.1,8.3,5.4,9.1,9.1,8.1,2,0,AI/ML Engineer,1,SYNTHETIC,87.6,90.6
ST02804,Student ST02804,ISE,7,7.33,78.9,70.0,0,4.1,4.0,3.4,3.1,4.2,3.5,1.0,2.6,2,2,1,1,2,6.7,6.4,4.9,7.8,7.5,5.9,0,0,Data Analyst,0,SYNTHETIC,86.0,72.2
ST02805,Student ST02805,ECE,7,6.93,68.7,74.3,0,5.9,2.7,5.6,7.1,1.1,3.1,2.5,2.9,1,1,2,1,1,5.3,7.4,7.6,5.5,5.4,5.0,0,0,Cybersecurity Specialist,1,SYNTHETIC,79.3,60.4
ST02806,Student ST02806,ECE,8,6.88,72.0,63.4,0,3.8,4.1,7.7,4.3,5.4,5.0,4.1,2.5,1,1,1,0,0,4.8,6.7,4.4,6.3,6.7,5.0,1,0,Full-Stack Developer,1,SYNTHETIC,84.7,69.2
ST02807,Student ST02807,CSE,7,8.33,85.9,84.2,0,7.6,7.1,9.3,8.0,5.2,7.1,5.7,3.7,1,2,2,0,0,6.8,8.1,7.5,6.8,6.4,5.2,2,0,Data Analyst,1,SYNTHETIC,95.7,62.5
ST02808,Student ST02808,CSE,7,7.79,81.2,78.2,0,5.0,5.9,6.4,1.6,3.7,5.1,5.0,4.4,2,4,1,1,1,6.3,5.9,2.5,7.5,7.2,5.3,1,0,QA Specialist,0,SYNTHETIC,89.6,78.5
ST02809,Student ST02809,ECE,8,6.04,64.0,60.4,0,4.8,5.7,4.2,5.4,4.8,2.4,1.0,1.0,1,2,1,0,0,6.6,5.6,5.3,7.7,7.6,6.7,0,0,Cybersecurity Specialist,1,SYNTHETIC,93.6,70.6
ST02810,Student ST02810,Mechanical,8,6.98,74.8,68.5,1,4.8,7.5,6.1,3.5,3.6,4.7,1.3,4.7,0,2,1,0,0,5.8,5.5,4.8,7.3,7.3,4.9,0,0,QA Specialist,0,SYNTHETIC,80.2,77.5
ST02811,Student ST02811,CSE,8,8.8,86.4,92.5,0,8.0,7.6,8.1,6.0,7.0,5.0,4.6,5.0,1,1,2,1,0,7.0,7.9,8.2,3.3,2.3,5.9,1,0,Cybersecurity Specialist,1,SYNTHETIC,92.2,87.0
ST02812,Student ST02812,ECE,7,6.05,59.4,68.1,0,3.1,1.6,1.5,2.3,5.6,2.9,2.6,1.0,2,3,1,0,0,5.8,6.6,3.0,8.0,8.5,3.8,0,0,AI/ML Engineer,0,SYNTHETIC,95.0,93.8
ST02813,Student ST02813,CSE,7,7.7,76.5,77.0,0,3.3,3.4,5.4,5.1,1.2,3.5,2.9,3.6,1,4,1,2,2,8.1,5.5,4.5,6.1,5.1,5.1,4,0,Cybersecurity Specialist,1,SYNTHETIC,96.0,70.7
ST02814,Student ST02814,ECE,7,6.19,62.2,59.1,0,5.5,2.3,5.9,3.3,1.0,3.3,2.1,2.2,3,2,1,0,1,5.0,4.9,4.7,8.1,8.0,5.1,1,0,Cloud/DevOps Engineer,0,SYNTHETIC,89.7,78.6
ST02815,Student ST02815,CSE,7,6.04,59.5,66.8,0,3.2,3.3,4.8,4.7,3.7,6.2,5.5,1.0,0,4,1,0,0,7.2,4.9,4.8,4.8,4.1,2.8,0,0,Data Analyst,1,SYNTHETIC,95.0,82.6
ST02816,Student ST02816,CSE,8,7.03,73.7,72.5,0,5.3,3.1,5.7,4.7,1.1,6.6,1.4,1.1,0,1,1,1,0,6.9,6.3,4.3,7.0,7.8,5.6,0,1,Data Analyst,0,SYNTHETIC,83.1,73.6
ST02817,Student ST02817,CSE,8,9.54,86.2,87.2,0,4.5,5.0,7.0,6.8,5.3,6.7,4.2,2.8,4,3,2,3,0,7.9,8.5,5.4,4.2,4.6,4.9,2,0,QA Specialist,1,SYNTHETIC,90.9,69.4
ST02818,Student ST02818,Mechanical,8,7.87,80.1,79.5,0,7.6,3.7,7.4,5.4,6.4,5.6,5.0,3.7,1,6,2,2,1,6.8,5.8,6.5,6.7,6.4,6.5,0,0,AI/ML Engineer,1,SYNTHETIC,81.2,92.8
ST02819,Student ST02819,CSE,8,7.73,80.9,76.2,0,6.6,6.9,5.7,6.1,3.6,5.0,3.1,2.3,2,1,2,1,0,6.6,5.5,6.5,5.7,5.4,5.4,0,0,AI/ML Engineer,0,SYNTHETIC,97.1,75.0
ST02820,Student ST02820,ECE,7,7.48,72.5,71.7,0,5.1,6.4,5.0,5.8,5.5,3.6,2.7,5.2,1,3,2,2,0,5.5,6.8,4.7,4.7,5.7,4.4,1,0,Cloud/DevOps Engineer,1,SYNTHETIC,87.3,93.4
ST02821,Student ST02821,CSE,7,9.85,97.6,93.5,0,7.2,7.0,7.4,7.3,5.5,3.8,5.0,5.6,4,1,2,1,0,7.2,7.1,8.4,6.9,6.5,7.3,1,0,AI/ML Engineer,1,SYNTHETIC,96.5,80.8
ST02822,Student ST02822,ECE,7,6.93,73.6,67.7,0,3.5,2.7,7.3,5.1,3.3,3.3,4.4,3.0,0,3,1,0,0,7.1,7.9,3.4,6.1,5.4,5.0,1,0,QA Specialist,0,SYNTHETIC,97.9,71.2
ST02823,Student ST02823,CSE,8,7.57,71.3,76.9,0,6.3,5.1,3.6,3.8,4.2,4.0,1.0,2.4,1,1,1,0,0,7.8,6.0,4.4,7.4,6.2,6.0,2,0,AI/ML Engineer,0,SYNTHETIC,96.6,72.2
ST02824,Student ST02824,ECE,8,6.45,62.6,64.8,0,5.2,5.1,3.4,3.7,1.8,3.2,2.4,4.1,1,3,1,0,0,6.1,4.3,4.4,7.0,7.7,5.8,1,0,Full-Stack Developer,0,SYNTHETIC,77.9,77.4
ST02825,Student ST02825,CSE,7,7.37,69.2,69.5,0,5.5,6.3,6.1,4.3,3.0,4.0,1.3,5.8,2,3,1,0,0,5.4,6.4,3.4,9.1,8.6,6.6,0,0,Cloud/DevOps Engineer,1,SYNTHETIC,94.7,67.4
ST02826,Student ST02826,CSE,8,8.37,76.8,84.6,0,3.8,5.8,5.0,3.7,4.7,5.1,3.2,1.9,0,3,1,0,0,5.2,6.5,3.0,3.7,3.8,3.7,0,0,QA Specialist,0,SYNTHETIC,84.3,89.1
ST02827,Student ST02827,CSE,8,7.27,79.7,75.6,0,5.5,5.6,4.4,5.2,2.9,3.7,1.0,3.2,1,3,2,0,0,7.4,6.0,4.9,7.8,7.1,6.6,1,0,Data Analyst,1,SYNTHETIC,75.7,86.8
ST02828,Student ST02828,Mechanical,7,7.18,76.5,73.1,0,2.4,5.2,3.3,5.7,3.9,3.3,1.0,3.2,1,2,1,0,2,6.1,6.5,3.7,6.1,6.1,6.8,1,0,Data Analyst,1,SYNTHETIC,98.6,87.0
ST02829,Student ST02829,CSE,8,7.43,77.3,76.0,0,1.0,2.1,5.5,3.1,3.6,5.0,1.0,4.2,1,1,1,1,0,7.8,6.9,1.9,4.9,3.7,5.0,1,0,Cloud/DevOps Engineer,0,SYNTHETIC,87.8,90.2
ST02830,Student ST02830,ISE,8,8.31,81.0,86.7,0,5.6,6.4,7.6,7.2,4.8,6.9,6.6,1.3,0,4,2,0,0,5.3,7.2,7.6,7.2,6.3,5.9,0,0,Cloud/DevOps Engineer,0,SYNTHETIC,91.3,84.0
ST02831,Student ST02831,ECE,7,6.3,63.1,63.5,0,4.3,5.9,6.5,6.9,6.1,1.8,2.4,1.4,1,2,2,0,1,5.4,5.9,5.1,7.0,6.1,6.8,0,0,QA Specialist,0,SYNTHETIC,87.4,81.3
ST02832,Student ST02832,ECE,7,6.57,65.9,64.4,0,3.8,9.0,5.3,6.2,6.7,5.2,4.4,2.1,0,3,1,0,1,3.8,6.0,5.4,8.2,6.6,5.4,0,0,QA Specialist,0,SYNTHETIC,97.8,82.5
ST02833,Student ST02833,ISE,7,6.41,72.8,66.3,0,3.3,4.6,4.4,7.6,2.5,3.9,1.0,4.8,1,2,2,0,0,5.3,5.7,5.1,5.6,5.4,4.5,1,0,Full-Stack Developer,0,SYNTHETIC,85.8,72.0
ST02834,Student ST02834,ISE,8,9.95,95.8,97.0,0,6.5,8.0,8.6,5.6,3.4,4.2,3.1,5.7,2,2,2,3,1,4.8,7.6,6.6,9.7,9.1,5.8,0,1,AI/ML Engineer,1,SYNTHETIC,90.8,89.2
ST02835,Student ST02835,ISE,8,6.77,74.1,68.3,1,3.3,4.3,5.5,7.4,4.1,1.3,3.7,1.7,0,2,2,0,0,5.8,6.8,6.2,4.7,5.8,5.2,2,0,Cybersecurity Specialist,0,SYNTHETIC,76.9,91.8
ST02836,Student ST02836,ISE,7,7.29,76.1,65.2,0,3.7,5.2,3.2,3.7,2.1,3.8,3.5,3.6,3,1,1,1,0,6.1,4.9,3.8,6.3,6.1,4.5,1,0,Cybersecurity Specialist,1,SYNTHETIC,78.0,63.0
ST02837,Student ST02837,Mechanical,8,5.22,56.8,59.0,0,5.4,8.3,5.2,5.2,3.2,3.7,4.0,4.6,2,1,2,1,0,7.8,6.5,5.7,6.3,6.0,5.7,1,0,Cybersecurity Specialist,1,SYNTHETIC,93.0,67.1
ST02838,Student ST02838,CSE,7,8.44,82.8,85.1,0,5.2,4.0,5.3,5.4,4.5,3.8,4.0,1.5,2,5,2,0,1,7.1,6.8,5.6,7.2,5.6,5.3,1,1,Full-Stack Developer,1,SYNTHETIC,94.2,92.9
ST02839,Student ST02839,ECE,7,9.57,92.9,93.5,0,7.0,4.5,6.4,4.7,1.4,8.8,5.1,4.7,3,1,2,1,0,7.5,6.9,5.4,7.2,6.6,6.6,1,1,Full-Stack Developer,1,SYNTHETIC,81.2,72.6
ST02840,Student ST02840,CSE,8,7.04,70.3,69.4,0,6.7,3.1,6.2,7.3,4.6,4.8,3.7,3.9,1,2,2,2,0,6.1,4.6,6.6,7.3,6.1,6.9,0,0,Cybersecurity Specialist,1,SYNTHETIC,96.6,83.8
ST02841,Student ST02841,ISE,8,6.24,68.3,55.1,0,6.5,3.2,4.7,3.8,2.0,4.0,3.9,5.3,1,1,1,1,0,7.1,7.0,4.5,6.2,6.3,4.9,0,0,Full-Stack Developer,0,SYNTHETIC,76.1,78.1
ST02842,Student ST02842,Mechanical,8,8.44,88.8,81.3,0,6.1,4.2,4.8,5.8,6.0,6.5,2.6,1.8,0,2,2,1,0,6.9,4.7,5.3,6.2,4.7,6.7,0,0,Data Analyst,1,SYNTHETIC,90.5,61.7
ST02843,Student ST02843,CSE,7,9.47,88.5,91.6,0,6.6,3.9,6.6,4.7,7.9,6.5,6.0,2.5,2,5,2,3,0,10.0,7.2,5.6,6.9,5.7,6.2,1,0,Cloud/DevOps Engineer,1,SYNTHETIC,97.6,72.0
ST02844,Student ST02844,CSE,8,6.74,72.9,68.7,0,7.4,4.3,4.0,4.6,4.1,3.8,3.5,3.4,2,1,2,0,0,7.0,6.9,6.0,5.8,6.2,4.9,0,0,Cloud/DevOps Engineer,0,SYNTHETIC,79.0,64.5
ST02845,Student ST02845,Mechanical,8,6.39,69.3,60.7,0,6.9,4.3,6.4,4.9,1.4,4.4,2.8,4.0,1,2,2,1,0,5.9,5.6,5.8,5.9,4.9,4.9,0,0,QA Specialist,1,SYNTHETIC,77.7,77.5
ST02846,Student ST02846,CSE,8,9.12,80.4,85.8,0,8.6,4.3,5.5,5.7,6.8,6.6,3.0,5.5,0,4,2,0,1,7.9,7.2,7.5,4.1,3.7,5.1,0,0,Cybersecurity Specialist,0,SYNTHETIC,79.8,83.1
ST02847,Student ST02847,Mechanical,7,6.41,63.1,66.1,0,5.5,7.2,5.1,6.9,3.2,5.6,4.7,4.0,1,2,2,0,0,6.5,4.5,6.5,5.3,5.8,5.6,0,0,Full-Stack Developer,1,SYNTHETIC,87.7,73.2
ST02848,Student ST02848,CSE,7,6.83,73.1,77.1,0,4.0,2.8,4.9,1.0,2.2,3.4,1.0,2.9,2,1,1,0,1,6.9,5.8,2.5,6.2,6.3,4.2,2,0,Data Analyst,0,SYNTHETIC,90.4,64.7
ST02849,Student ST02849,CSE,7,7.21,75.3,68.4,0,6.7,6.1,2.0,8.8,2.4,3.9,3.4,2.3,1,2,2,0,0,7.1,6.7,8.8,3.3,3.9,6.2,1,0,Full-Stack Developer,1,SYNTHETIC,87.2,71.8
ST02850,Student ST02850,CSE,7,8.42,77.1,85.4,0,3.6,7.4,5.3,8.3,5.1,5.7,5.4,4.8,3,1,2,1,0,8.6,5.9,6.5,7.0,8.9,7.3,1,0,Cybersecurity Specialist,1,SYNTHETIC,93.2,66.0
ST02851,Student ST02851,CSE,8,8.1,83.3,76.5,0,5.8,8.0,6.4,7.7,4.9,4.6,1.0,5.6,1,1,2,1,0,4.0,5.5,7.6,3.8,5.9,5.4,3,0,Cybersecurity Specialist,0,SYNTHETIC,84.4,67.2
ST02852,Student ST02852,ISE,8,7.41,72.9,67.4,0,5.1,4.6,8.4,6.3,2.7,4.4,2.1,1.8,1,2,2,0,0,5.8,7.4,5.3,10.0,10.0,7.0,1,1,QA Specialist,1,SYNTHETIC,94.4,86.5
ST02853,Student ST02853,Mechanical,8,7.09,76.9,68.2,0,5.3,5.6,5.9,5.4,6.5,4.0,2.2,2.9,2,4,2,1,0,6.0,6.3,5.2,5.6,4.8,6.6,1,0,Data Analyst,1,SYNTHETIC,84.0,75.1
ST02854,Student ST02854,CSE,7,7.37,81.9,77.0,0,5.5,7.2,5.5,4.8,3.2,6.4,3.9,2.0,1,2,1,0,0,4.8,5.3,5.6,6.7,6.4,5.0,0,0,Cloud/DevOps Engineer,0,SYNTHETIC,98.7,87.3
ST02855,Student ST02855,Mechanical,8,7.1,68.9,73.1,0,7.4,4.3,3.4,5.1,3.8,3.7,1.0,4.9,1,2,2,0,1,5.0,7.7,6.2,3.2,3.4,4.5,2,0,Data Analyst,0,SYNTHETIC,92.9,94.4
ST02856,Student ST02856,ECE,7,6.77,67.1,71.6,0,4.6,4.0,4.9,5.9,1.7,2.2,1.0,1.0,1,2,1,1,1,6.1,6.4,5.2,6.2,7.9,5.5,0,0,Cloud/DevOps Engineer,1,SYNTHETIC,78.1,69.4
ST02857,Student ST02857,CSE,8,7.19,80.4,70.7,0,2.0,6.1,4.9,6.2,4.3,4.6,2.4,2.9,0,3,1,1,0,6.1,5.2,4.1,9.1,8.7,6.5,1,1,AI/ML Engineer,1,SYNTHETIC,75.5,65.4
ST02858,Student ST02858,CSE,8,7.53,75.1,78.2,0,2.9,4.8,6.2,3.7,4.3,5.0,5.2,5.4,3,4,1,1,0,5.7,5.1,3.6,5.6,6.6,4.4,0,0,Cloud/DevOps Engineer,0,SYNTHETIC,98.6,81.2
ST02859,Student ST02859,ECE,8,8.11,81.7,77.5,0,3.6,4.9,5.3,6.3,3.1,4.5,4.1,1.0,1,1,1,1,0,6.0,8.9,4.9,5.3,5.6,5.0,0,0,Data Analyst,1,SYNTHETIC,77.8,94.0
ST02860,Student ST02860,ECE,8,6.3,64.8,70.6,0,3.6,6.0,5.5,4.2,4.1,3.2,2.8,2.1,2,3,1,0,1,4.0,6.4,3.0,6.7,4.2,3.1,1,0,Cloud/DevOps Engineer,0,SYNTHETIC,85.9,87.8
ST02861,Student ST02861,CSE,8,8.27,82.1,83.1,0,6.5,6.3,6.2,3.5,4.8,5.2,4.0,1.0,0,2,1,1,0,5.7,8.6,3.4,6.2,6.1,5.2,0,0,Cybersecurity Specialist,1,SYNTHETIC,96.3,93.1
ST02862,Student ST02862,ECE,7,7.66,74.8,78.8,0,4.8,4.8,4.4,5.8,4.7,4.2,5.8,4.8,0,2,2,0,1,6.5,6.9,4.7,5.4,5.8,5.3,1,0,Full-Stack Developer,1,SYNTHETIC,94.2,92.6
ST02863,Student ST02863,ECE,7,7.54,84.3,78.5,0,4.5,2.6,7.0,2.9,4.5,5.1,1.6,2.8,2,4,1,1,1,7.4,7.7,4.1,6.4,5.1,6.0,3,0,Cloud/DevOps Engineer,1,SYNTHETIC,92.5,61.0
ST02864,Student ST02864,ISE,8,7.19,70.7,75.5,0,4.3,2.0,3.0,3.4,4.6,2.7,4.4,1.0,0,1,1,0,0,5.0,6.1,3.6,4.4,6.1,4.4,0,0,Cybersecurity Specialist,1,SYNTHETIC,95.8,65.6
ST02865,Student ST02865,CSE,8,6.55,68.2,65.4,0,4.5,4.5,7.7,5.7,3.2,4.4,4.9,1.1,1,3,1,0,0,5.7,4.0,5.6,5.0,6.6,5.1,0,0,Full-Stack Developer,1,SYNTHETIC,84.0,91.4
ST02866,Student ST02866,ECE,8,7.81,77.4,78.1,0,9.1,7.1,6.6,8.0,2.3,4.7,3.9,1.9,0,1,2,0,0,5.9,5.9,8.7,5.1,5.5,7.6,0,0,AI/ML Engineer,1,SYNTHETIC,76.4,62.7
ST02867,Student ST02867,Mechanical,7,7.9,80.1,79.7,0,6.9,6.6,5.1,5.5,3.2,7.9,3.0,4.8,1,2,2,0,0,5.6,8.8,6.3,8.1,7.7,5.3,0,0,QA Specialist,1,SYNTHETIC,75.7,69.8
ST02868,Student ST02868,CSE,8,5.77,59.7,64.1,0,4.6,5.5,4.6,4.0,3.4,3.0,4.0,2.4,3,2,1,0,0,6.3,6.4,3.0,7.7,7.6,7.2,1,0,Full-Stack Developer,1,SYNTHETIC,77.5,60.1
ST02869,Student ST02869,ECE,8,8.01,86.0,69.0,0,5.6,6.0,5.4,2.5,2.5,5.1,2.2,2.1,3,2,1,1,1,7.9,6.0,3.5,6.9,4.9,6.5,2,0,Cloud/DevOps Engineer,1,SYNTHETIC,88.2,78.6
ST02870,Student ST02870,CSE,8,7.74,79.6,78.2,0,2.1,2.1,4.9,6.0,3.3,1.9,1.0,1.4,0,5,1,0,0,6.0,4.6,4.2,7.8,6.8,6.1,1,1,Full-Stack Developer,1,SYNTHETIC,98.4,60.0
ST02871,Student ST02871,CSE,7,8.53,82.5,78.7,0,5.9,6.8,3.2,7.2,4.2,3.3,1.0,3.3,0,3,2,0,0,5.9,7.6,6.2,7.6,7.7,7.1,1,0,QA Specialist,1,SYNTHETIC,84.0,80.2
ST02872,Student ST02872,CSE,7,6.23,70.2,57.3,0,4.1,3.6,2.8,4.6,1.0,6.6,3.1,1.7,2,4,1,0,1,6.0,6.0,3.6,5.7,3.8,4.6,0,0,AI/ML Engineer,1,SYNTHETIC,86.7,89.0
ST02873,Student ST02873,CSE,8,6.99,82.0,70.4,0,6.0,5.1,2.9,1.9,2.9,3.6,3.7,1.6,0,1,1,1,1,6.4,5.7,3.1,6.2,7.3,4.7,0,0,Data Analyst,0,SYNTHETIC,80.6,68.8
ST02874,Student ST02874,CSE,8,7.71,73.9,75.0,0,6.7,7.6,10.0,7.1,5.6,6.4,4.0,4.2,0,1,2,1,0,6.5,6.2,6.2,7.1,5.8,6.7,0,1,AI/ML Engineer,1,SYNTHETIC,88.5,77.1
ST02875,Student ST02875,ISE,8,7.13,74.0,80.4,0,4.7,5.4,4.8,3.5,3.6,2.5,2.2,1.0,3,1,1,0,2,7.3,5.2,4.0,5.1,5.4,5.1,0,0,Cloud/DevOps Engineer,1,SYNTHETIC,80.5,81.0
ST02876,Student ST02876,CSE,7,7.32,72.5,67.0,0,6.3,8.2,7.6,5.1,4.9,5.8,3.7,1.0,1,1,2,0,0,5.2,5.6,5.7,7.3,6.7,7.6,1,1,Data Analyst,1,SYNTHETIC,90.8,75.1
ST02877,Student ST02877,ISE,7,8.86,88.9,90.2,0,6.7,7.0,5.6,5.2,6.6,6.1,6.2,5.1,0,1,2,1,1,8.3,6.4,4.8,4.9,6.0,6.2,0,0,AI/ML Engineer,0,SYNTHETIC,80.1,71.2
ST02878,Student ST02878,CSE,7,7.91,80.5,72.2,0,7.0,7.2,5.5,6.2,4.6,6.2,3.4,5.1,1,2,2,0,0,5.9,5.2,6.9,7.1,7.0,7.6,0,1,Data Analyst,1,SYNTHETIC,87.5,87.0
ST02879,Student ST02879,ISE,8,7.71,75.1,76.6,0,5.6,5.4,2.0,5.7,2.0,5.5,5.1,4.0,1,5,2,0,0,5.9,5.0,6.4,6.0,5.2,6.3,0,0,Data Analyst,1,SYNTHETIC,89.0,79.8
ST02880,Student ST02880,Mechanical,7,8.01,80.4,77.3,0,5.8,6.6,7.5,6.2,4.2,3.1,4.3,4.3,1,1,2,0,0,7.6,8.2,6.2,6.9,7.5,6.2,0,0,AI/ML Engineer,1,SYNTHETIC,75.2,68.8
ST02881,Student ST02881,CSE,7,7.02,69.2,69.8,0,1.5,4.8,3.7,4.0,2.6,3.4,1.9,1.0,4,3,1,0,0,6.5,8.1,2.8,7.1,6.6,5.0,1,1,Full-Stack Developer,1,SYNTHETIC,80.1,90.7
ST02882,Student ST02882,Mechanical,7,7.15,73.9,80.6,0,5.9,6.2,6.6,3.4,4.1,5.7,2.6,6.1,1,5,1,0,0,8.0,6.7,4.3,5.6,5.8,4.1,4,0,AI/ML Engineer,1,SYNTHETIC,80.8,86.1
ST02883,Student ST02883,CSE,8,6.62,70.4,67.7,0,2.1,4.3,5.7,3.9,2.8,6.0,1.8,5.1,1,2,1,0,0,8.4,5.1,2.1,6.9,6.8,6.3,0,0,AI/ML Engineer,0,SYNTHETIC,86.9,65.3
ST02884,Student ST02884,Mechanical,7,6.92,66.3,68.1,0,4.2,3.2,4.4,2.1,3.3,5.6,2.8,3.7,0,1,1,1,1,5.7,8.1,3.6,5.4,4.8,5.8,1,0,Cloud/DevOps Engineer,0,SYNTHETIC,81.7,79.4
ST02885,Student ST02885,CSE,7,5.69,63.8,56.5,0,2.2,3.4,4.4,1.0,2.8,3.6,1.7,1.0,0,2,1,0,1,5.8,5.8,2.0,7.1,6.9,3.2,0,1,Data Analyst,0,SYNTHETIC,75.7,62.7
ST02886,Student ST02886,ECE,8,7.58,74.0,76.6,0,5.2,5.2,3.4,5.5,4.5,4.9,2.2,1.6,2,3,2,3,0,5.7,6.8,4.9,4.9,3.9,6.6,2,0,QA Specialist,1,SYNTHETIC,79.3,67.8
ST02887,Student ST02887,ECE,8,6.54,64.7,68.3,0,6.9,7.0,5.0,4.6,5.5,2.9,3.8,5.2,0,1,2,1,1,5.9,7.4,5.6,7.8,7.9,6.1,0,0,Cloud/DevOps Engineer,0,SYNTHETIC,87.1,66.9
ST02888,Student ST02888,Mechanical,8,6.43,59.7,58.7,0,3.8,5.6,5.9,6.9,4.2,1.7,4.7,2.5,3,4,2,0,0,5.8,4.7,5.6,5.0,6.7,5.3,2,0,Cloud/DevOps Engineer,0,SYNTHETIC,96.2,79.5
ST02889,Student ST02889,Mechanical,7,7.36,72.9,75.4,0,5.6,5.5,6.6,4.0,3.1,3.9,2.0,2.6,1,2,1,0,0,6.7,5.7,4.9,5.8,6.1,5.5,0,0,Cloud/DevOps Engineer,1,SYNTHETIC,82.7,61.0
ST02890,Student ST02890,CSE,8,7.47,75.3,82.2,0,7.1,3.8,4.3,4.3,2.2,5.0,4.5,4.4,0,1,2,0,0,5.2,5.5,5.5,6.4,4.4,6.0,1,0,Full-Stack Developer,0,SYNTHETIC,77.4,64.9
ST02891,Student ST02891,CSE,8,8.32,84.9,77.2,0,7.2,5.1,2.6,6.9,2.4,6.9,3.2,4.9,1,6,2,2,0,6.1,6.8,6.5,4.7,4.3,6.1,0,0,Cloud/DevOps Engineer,1,SYNTHETIC,94.2,65.1
ST02892,Student ST02892,ISE,7,7.31,76.1,76.6,0,1.6,3.3,4.5,3.6,1.5,5.0,1.0,1.0,4,3,1,0,0,7.7,5.8,3.0,6.6,7.3,4.4,0,0,Data Analyst,1,SYNTHETIC,89.4,71.5
ST02893,Student ST02893,ECE,7,6.9,69.5,69.2,0,4.3,1.7,6.4,3.7,2.7,3.9,3.7,1.8,2,2,1,0,0,6.6,5.9,4.0,5.8,6.0,4.9,1,0,Cloud/DevOps Engineer,0,SYNTHETIC,79.7,95.0
ST02894,Student ST02894,ISE,8,7.05,71.3,71.2,0,4.5,4.7,3.4,3.9,3.5,4.2,1.0,3.8,1,4,1,1,0,4.9,6.0,4.1,9.4,9.3,6.3,1,1,Cloud/DevOps Engineer,0,SYNTHETIC,89.6,69.1
ST02895,Student ST02895,ECE,7,7.5,72.9,71.3,0,5.1,6.4,2.6,3.3,3.8,4.3,3.4,2.1,0,3,1,1,0,6.0,6.7,3.5,4.3,5.3,3.5,0,0,Full-Stack Developer,0,SYNTHETIC,93.0,62.0
ST02896,Student ST02896,ECE,7,7.99,78.9,77.1,0,3.3,3.8,6.5,5.0,2.6,3.2,1.0,2.3,3,3,1,0,0,7.2,7.2,4.3,7.3,6.0,5.2,0,0,AI/ML Engineer,1,SYNTHETIC,91.4,63.1
ST02897,Student ST02897,ISE,8,7.18,76.8,79.9,0,6.3,5.4,6.9,4.8,3.3,3.4,1.3,5.2,3,2,2,0,1,5.0,5.8,5.2,3.1,1.1,4.5,0,0,Cloud/DevOps Engineer,1,SYNTHETIC,93.4,76.2
ST02898,Student ST02898,CSE,8,6.45,70.8,68.7,0,3.5,2.8,8.5,5.9,2.6,3.7,1.8,1.0,0,1,1,0,1,5.1,5.6,5.8,4.7,4.0,4.2,0,0,QA Specialist,0,SYNTHETIC,88.2,90.6
ST02899,Student ST02899,CSE,7,6.38,65.4,62.4,0,2.9,3.1,3.0,4.2,3.3,2.2,1.8,1.1,1,2,1,0,0,4.8,5.6,2.9,6.1,6.3,4.7,0,0,Cloud/DevOps Engineer,0,SYNTHETIC,75.5,81.4
ST02900,Student ST02900,ISE,7,7.29,72.2,70.6,0,4.5,4.0,6.0,6.8,2.5,4.2,4.0,3.5,0,3,2,0,0,7.9,6.6,5.6,5.8,6.0,6.5,0,0,QA Specialist,1,SYNTHETIC,92.4,71.8
ST02901,Student ST02901,CSE,8,9.69,98.0,92.1,0,8.2,4.1,6.4,7.0,5.7,6.7,3.3,2.6,1,5,2,0,1,7.9,7.5,7.2,6.0,5.1,6.2,0,0,Cybersecurity Specialist,1,SYNTHETIC,75.2,94.6
ST02902,Student ST02902,CSE,8,5.26,57.4,56.9,1,1.6,2.0,1.0,4.0,3.5,3.1,1.0,3.0,0,4,1,0,0,4.6,5.4,3.6,5.3,4.6,3.0,2,0,QA Specialist,0,SYNTHETIC,84.7,68.5
ST02903,Student ST02903,CSE,8,9.57,94.1,91.3,0,2.4,6.5,4.1,5.3,5.5,4.0,2.6,4.0,4,6,1,0,0,9.0,7.4,3.7,4.0,4.4,3.3,1,0,QA Specialist,1,SYNTHETIC,92.7,82.6
ST02904,Student ST02904,ISE,7,7.54,79.0,81.2,0,4.6,3.5,4.1,4.3,1.8,3.5,3.9,2.4,1,2,1,2,1,5.8,7.1,3.3,4.8,5.6,5.7,4,0,Data Analyst,1,SYNTHETIC,77.9,82.2
ST02905,Student ST02905,ECE,7,8.92,87.6,86.6,0,5.7,7.3,8.7,5.7,4.7,5.1,4.7,4.6,2,4,2,1,0,7.3,7.7,6.4,7.3,8.6,6.4,0,0,Cybersecurity Specialist,1,SYNTHETIC,86.3,84.2
ST02906,Student ST02906,CSE,8,7.93,75.6,86.9,0,5.2,4.3,5.0,4.9,4.3,4.4,1.0,3.7,1,4,1,1,0,5.9,7.8,5.6,5.0,5.2,4.5,0,0,Cybersecurity Specialist,1,SYNTHETIC,80.7,65.2
ST02907,Student ST02907,ISE,7,8.25,78.9,75.6,0,5.0,3.9,6.5,6.1,4.2,5.7,1.0,2.1,3,1,2,0,0,4.8,6.7,5.7,5.3,4.5,5.7,2,0,AI/ML Engineer,0,SYNTHETIC,98.6,87.4
ST02908,Student ST02908,Mechanical,7,9.92,97.3,89.2,0,9.3,4.4,6.5,7.4,4.5,6.9,4.5,6.2,1,3,2,1,1,4.7,7.7,7.6,7.0,8.8,9.1,0,0,Data Analyst,1,SYNTHETIC,76.2,83.7
ST02909,Student ST02909,ISE,7,6.29,66.3,59.3,0,3.0,5.6,6.2,6.7,5.3,4.8,2.0,1.0,0,1,1,1,0,4.5,4.7,5.4,5.2,5.4,4.0,0,0,Cloud/DevOps Engineer,1,SYNTHETIC,95.1,66.5
ST02910,Student ST02910,ECE,8,8.98,79.9,86.5,0,6.2,6.5,7.0,8.6,2.5,3.4,4.7,5.8,2,1,2,2,1,7.4,5.7,7.9,4.2,4.5,5.9,0,0,Cloud/DevOps Engineer,1,SYNTHETIC,90.2,60.1
ST02911,Student ST02911,CSE,8,6.4,57.9,64.9,0,4.2,5.4,4.3,5.1,2.2,6.6,3.1,1.5,1,2,1,0,0,7.3,7.4,4.7,5.4,3.3,4.5,1,0,Data Analyst,1,SYNTHETIC,79.4,75.8
ST02912,Student ST02912,ECE,8,7.95,80.8,74.6,0,5.9,7.3,6.8,9.0,6.1,4.4,7.1,2.0,1,4,2,1,0,4.5,6.2,8.2,6.0,5.4,7.3,1,0,AI/ML Engineer,1,SYNTHETIC,84.8,72.0
ST02913,Student ST02913,CSE,8,6.65,78.1,74.5,1,6.3,4.3,5.4,4.3,1.4,1.9,2.0,2.1,3,1,2,1,2,3.8,5.2,4.7,5.6,7.0,3.2,0,0,Full-Stack Developer,0,SYNTHETIC,83.4,70.2
ST02914,Student ST02914,ECE,8,7.32,81.0,73.2,0,3.8,3.7,2.7,3.7,4.7,3.8,3.5,3.2,2,5,1,0,0,2.6,5.5,3.8,7.4,8.2,7.1,0,1,Cybersecurity Specialist,0,SYNTHETIC,80.9,77.5
ST02915,Student ST02915,ISE,8,8.34,83.1,80.4,0,6.1,4.0,5.6,4.8,2.8,2.8,5.2,1.3,1,5,2,0,0,6.8,6.7,5.8,7.0,7.3,7.3,1,0,Cybersecurity Specialist,1,SYNTHETIC,75.2,75.7
ST02916,Student ST02916,Mechanical,8,7.39,72.5,78.3,0,5.2,5.6,4.1,5.8,4.3,3.8,3.0,1.7,1,3,2,1,1,8.3,7.0,4.9,3.3,4.0,5.0,3,0,Data Analyst,1,SYNTHETIC,88.9,67.2
ST02917,Student ST02917,ECE,8,6.06,68.3,72.1,1,4.9,5.0,5.0,2.8,5.0,4.5,3.6,3.9,2,5,1,0,0,5.9,5.1,3.8,10.0,9.4,5.2,0,0,Cybersecurity Specialist,1,SYNTHETIC,75.5,65.7
ST02918,Student ST02918,CSE,7,7.52,76.5,82.2,0,7.0,5.2,4.7,5.2,3.7,4.7,2.1,1.7,2,4,2,2,0,6.8,7.2,6.1,7.8,7.4,8.0,0,1,Data Analyst,1,SYNTHETIC,89.4,64.9
ST02919,Student ST02919,Mechanical,8,8.36,84.6,81.0,0,4.7,5.5,5.6,6.1,3.3,4.5,1.0,1.6,2,4,2,2,0,6.0,6.8,6.3,5.6,5.6,4.7,0,0,AI/ML Engineer,1,SYNTHETIC,94.6,80.4
ST02920,Student ST02920,CSE,8,6.18,68.8,55.4,0,6.6,4.0,3.5,4.0,4.0,3.3,3.1,2.8,0,1,2,0,0,8.0,5.9,5.3,4.5,5.3,6.1,0,0,QA Specialist,0,SYNTHETIC,89.9,79.6
ST02921,Student ST02921,ECE,8,7.47,74.4,79.8,0,5.8,7.5,5.7,6.0,3.2,2.3,4.7,3.6,0,2,2,0,0,5.2,6.1,5.6,4.6,3.8,5.3,0,0,Full-Stack Developer,1,SYNTHETIC,87.6,84.5
ST02922,Student ST02922,CSE,7,5.62,61.2,67.5,0,3.7,5.4,5.6,4.5,1.7,4.3,1.3,3.7,0,5,1,0,0,3.9,7.2,5.4,4.8,4.0,4.1,1,0,Cybersecurity Specialist,0,SYNTHETIC,89.8,80.9
ST02923,Student ST02923,ISE,8,7.88,80.2,84.1,0,7.7,6.8,7.8,5.9,3.7,5.1,7.5,2.1,2,4,2,0,2,6.0,6.8,6.5,5.1,3.6,4.9,0,0,Cloud/DevOps Engineer,1,SYNTHETIC,82.2,63.3
ST02924,Student ST02924,CSE,7,5.96,65.1,57.6,0,4.2,2.5,4.7,1.0,1.1,4.1,1.0,2.4,1,2,1,0,1,6.9,4.8,3.2,7.2,7.0,4.4,1,0,Full-Stack Developer,0,SYNTHETIC,76.7,81.3
ST02925,Student ST02925,ISE,7,7.35,82.3,73.8,0,6.2,5.9,6.6,6.0,3.8,5.4,5.3,2.3,1,2,2,1,0,3.9,6.4,6.6,8.7,7.8,6.7,0,0,Cloud/DevOps Engineer,1,SYNTHETIC,80.6,82.4
ST02926,Student ST02926,ECE,7,7.9,77.5,77.3,0,3.7,6.9,6.5,5.4,1.9,3.2,4.9,2.1,0,1,1,0,0,6.9,6.9,6.0,6.2,6.2,4.8,0,0,AI/ML Engineer,1,SYNTHETIC,89.9,92.5
ST02927,Student ST02927,ISE,7,8.46,87.0,71.5,0,5.2,3.1,4.5,6.5,3.1,5.3,3.7,4.6,2,4,2,0,0,7.3,6.9,5.3,7.4,7.5,5.2,0,1,Data Analyst,1,SYNTHETIC,91.7,62.8
ST02928,Student ST02928,CSE,8,7.71,77.7,77.8,0,4.5,3.4,5.7,4.3,5.2,3.1,2.9,3.3,3,5,1,2,1,5.6,7.5,3.9,7.1,6.6,6.0,3,0,Cloud/DevOps Engineer,1,SYNTHETIC,91.1,72.8
ST02929,Student ST02929,CSE,7,8.38,78.7,88.5,0,5.1,3.0,4.6,4.9,4.6,3.9,2.1,1.0,0,6,1,1,0,6.3,7.6,4.5,3.4,3.7,4.4,0,0,Cybersecurity Specialist,0,SYNTHETIC,85.7,93.3
ST02930,Student ST02930,CSE,8,8.06,88.8,76.0,0,5.1,7.1,7.1,3.8,3.5,8.4,1.7,1.5,1,4,1,0,2,7.9,8.8,3.6,6.6,5.3,5.8,0,0,AI/ML Engineer,1,SYNTHETIC,88.1,67.5
ST02931,Student ST02931,ISE,7,7.21,76.9,75.4,0,5.5,4.2,6.5,5.7,3.6,4.2,3.1,1.5,1,4,2,0,1,6.1,6.8,4.7,7.6,9.2,5.7,1,0,Cybersecurity Specialist,1,SYNTHETIC,91.8,68.7
ST02932,Student ST02932,CSE,7,6.29,62.8,68.1,0,5.5,6.6,5.5,5.3,1.0,5.4,3.4,4.4,0,1,2,0,0,7.1,4.6,6.5,7.9,6.4,6.6,2,1,QA Specialist,1,SYNTHETIC,83.7,70.2
ST02933,Student ST02933,CSE,7,6.95,68.3,71.2,0,4.8,7.7,6.0,5.0,4.7,3.1,1.6,3.9,2,1,1,0,0,8.3,8.5,5.3,5.7,6.5,4.8,1,0,AI/ML Engineer,0,SYNTHETIC,97.2,77.1
ST02934,Student ST02934,ECE,7,8.6,83.6,83.3,0,6.6,5.3,5.6,8.5,4.0,4.5,5.7,2.7,2,6,2,1,0,7.8,6.2,8.7,7.2,7.5,7.6,1,0,Full-Stack Developer,1,SYNTHETIC,92.1,88.9
ST02935,Student ST02935,Mechanical,8,7.3,67.3,72.4,0,2.6,6.5,4.4,4.1,5.3,1.0,5.3,6.0,1,6,1,0,0,5.1,7.0,3.2,4.7,4.6,3.8,1,0,QA Specialist,1,SYNTHETIC,84.5,83.4
ST02936,Student ST02936,CSE,8,7.82,73.7,83.7,0,2.3,4.8,3.6,7.4,1.4,2.0,3.1,1.0,1,1,1,0,0,7.5,6.4,5.4,6.1,5.8,5.5,1,0,Data Analyst,0,SYNTHETIC,94.7,62.5
ST02937,Student ST02937,Mechanical,7,8.4,93.5,79.6,0,6.3,4.0,5.6,8.4,6.2,3.5,1.4,1.0,0,1,2,0,0,6.9,6.7,5.8,9.7,10.0,7.3,0,1,Full-Stack Developer,1,SYNTHETIC,76.8,94.3
ST02938,Student ST02938,ECE,8,6.97,75.9,75.2,0,4.5,5.5,4.0,4.1,1.9,3.4,3.0,3.1,2,1,1,1,0,7.4,7.6,4.1,6.6,6.4,5.3,0,0,QA Specialist,1,SYNTHETIC,85.0,72.9
ST02939,Student ST02939,ISE,8,7.44,76.0,74.6,0,5.7,7.0,6.4,4.2,4.3,5.0,2.7,1.0,1,3,1,0,0,6.0,6.6,5.2,8.0,5.6,7.8,0,0,AI/ML Engineer,1,SYNTHETIC,78.0,68.6
ST02940,Student ST02940,ISE,7,8.03,84.3,82.8,0,4.8,7.5,5.6,3.8,1.7,4.8,5.3,1.8,0,2,1,0,1,6.7,6.9,3.4,7.4,7.0,4.1,2,0,Data Analyst,0,SYNTHETIC,79.0,84.4
ST02941,Student ST02941,CSE,8,6.32,62.8,64.3,0,7.2,5.0,3.6,4.1,2.0,1.5,2.7,1.0,2,4,2,0,0,6.7,6.0,5.6,5.1,4.0,5.3,0,0,Data Analyst,1,SYNTHETIC,80.2,60.6
ST02942,Student ST02942,CSE,8,5.77,64.3,61.9,1,5.5,3.2,5.9,4.7,2.2,1.6,3.8,1.3,3,6,1,0,1,7.7,4.3,6.4,5.6,4.8,4.9,0,0,Full-Stack Developer,1,SYNTHETIC,75.9,72.5
ST02943,Student ST02943,Mechanical,7,9.09,89.6,92.3,0,8.0,8.7,9.3,7.7,6.6,8.6,6.6,5.1,1,3,2,1,0,6.0,9.7,6.9,4.4,4.3,7.4,1,0,Cloud/DevOps Engineer,1,SYNTHETIC,86.0,94.6
ST02944,Student ST02944,Mechanical,7,7.07,73.8,70.8,0,4.9,4.7,6.6,4.8,6.5,6.2,5.7,2.7,1,5,1,0,1,5.0,6.1,4.5,6.4,6.3,5.9,1,0,Cybersecurity Specialist,1,SYNTHETIC,80.9,66.1
ST02945,Student ST02945,ECE,7,5.68,61.2,66.7,0,5.9,2.2,2.3,5.6,2.3,2.0,2.6,2.5,2,3,2,0,1,4.8,4.7,6.2,3.0,2.6,5.1,2,0,Cloud/DevOps Engineer,0,SYNTHETIC,83.8,76.7
ST02946,Student ST02946,ISE,8,7.05,71.6,74.5,0,6.0,3.4,6.2,7.2,4.3,2.7,4.3,2.0,1,1,2,0,1,6.5,7.4,7.7,4.3,3.8,6.6,1,0,Full-Stack Developer,1,SYNTHETIC,78.8,79.1
ST02947,Student ST02947,CSE,8,7.87,84.7,77.0,0,3.0,4.6,5.9,5.1,3.2,3.4,1.2,6.2,2,1,1,0,0,5.9,7.0,3.3,6.8,5.5,6.0,0,0,Cloud/DevOps Engineer,1,SYNTHETIC,88.2,75.0
ST02948,Student ST02948,ECE,8,9.4,92.9,95.2,0,5.5,5.6,5.5,6.8,4.7,5.9,6.3,1.7,2,2,2,0,0,5.1,7.0,6.7,4.9,5.2,6.7,3,0,Cybersecurity Specialist,1,SYNTHETIC,89.0,73.5
ST02949,Student ST02949,ISE,7,8.95,82.7,92.9,0,6.7,3.5,5.9,5.8,5.8,4.9,2.8,1.9,1,3,2,0,0,8.1,8.1,4.9,4.8,5.0,5.8,1,0,Cybersecurity Specialist,1,SYNTHETIC,98.1,81.3
ST02950,Student ST02950,CSE,8,7.08,69.1,74.6,0,3.9,5.2,5.0,4.1,3.5,3.9,3.0,5.2,2,1,1,0,1,6.5,5.7,4.1,5.4,6.3,5.4,0,0,Full-Stack Developer,1,SYNTHETIC,96.0,71.2
ST02951,Student ST02951,CSE,7,7.05,64.2,67.7,0,4.9,6.6,6.4,4.7,3.8,4.2,3.1,1.0,0,3,1,1,0,7.4,5.7,4.3,4.7,5.0,4.5,0,0,AI/ML Engineer,0,SYNTHETIC,80.8,92.5
ST02952,Student ST02952,CSE,7,7.98,75.9,82.1,0,8.0,9.8,7.1,7.4,3.5,6.2,6.7,1.4,4,1,2,1,0,7.7,6.9,8.2,4.9,6.5,6.6,0,0,Full-Stack Developer,1,SYNTHETIC,90.7,86.3
ST02953,Student ST02953,CSE,8,6.84,65.8,70.5,0,3.5,6.1,5.3,5.6,5.7,3.2,1.0,1.8,3,1,1,0,0,7.5,6.1,4.5,3.2,4.0,4.1,2,0,Cybersecurity Specialist,0,SYNTHETIC,79.6,67.1
ST02954,Student ST02954,ISE,7,8.99,91.5,86.7,0,7.8,5.7,6.0,2.8,5.2,5.1,3.9,3.5,0,4,2,0,0,8.4,7.2,4.8,8.4,7.5,6.1,1,1,Cloud/DevOps Engineer,1,SYNTHETIC,82.6,87.8
ST02955,Student ST02955,CSE,8,7.6,76.3,74.7,0,3.8,3.4,6.0,5.0,3.5,3.5,1.3,2.6,1,4,1,0,0,5.5,5.6,5.0,6.0,5.1,5.3,1,0,Cybersecurity Specialist,0,SYNTHETIC,75.4,92.1
ST02956,Student ST02956,Mechanical,7,7.53,73.9,82.2,0,9.4,7.8,7.5,3.0,6.8,5.6,3.8,4.4,1,1,2,0,0,5.9,6.8,5.6,3.3,3.5,5.4,1,0,QA Specialist,1,SYNTHETIC,87.8,94.4
ST02957,Student ST02957,ECE,8,8.31,91.7,81.6,0,8.9,6.2,5.5,7.2,6.6,5.4,5.9,2.5,1,1,2,0,0,7.5,6.8,8.7,6.1,4.2,7.5,1,0,Data Analyst,1,SYNTHETIC,96.5,63.7
ST02958,Student ST02958,Mechanical,7,7.19,81.2,69.4,0,5.9,4.6,3.8,4.8,1.1,3.6,3.0,4.4,0,4,2,1,0,4.6,7.1,6.3,5.2,6.2,5.6,2,0,Cloud/DevOps Engineer,1,SYNTHETIC,81.2,66.4
ST02959,Student ST02959,ISE,7,7.36,74.7,81.5,0,6.1,10.0,4.6,6.4,3.1,5.3,5.7,6.1,1,2,2,0,0,4.4,6.8,6.7,4.4,2.8,6.3,1,0,Cybersecurity Specialist,1,SYNTHETIC,79.5,91.1
ST02960,Student ST02960,ECE,7,8.43,87.1,84.7,0,5.7,6.8,8.3,7.6,1.8,6.0,4.8,5.3,2,3,2,0,2,6.7,6.3,6.7,8.3,7.7,7.4,0,0,QA Specialist,1,SYNTHETIC,93.2,66.7
ST02961,Student ST02961,ISE,7,7.32,75.3,71.9,0,4.1,3.1,6.1,4.9,3.4,5.0,3.4,5.9,1,1,1,0,1,6.2,6.4,5.4,7.2,7.1,5.3,1,1,Cybersecurity Specialist,1,SYNTHETIC,92.4,65.7
ST02962,Student ST02962,CSE,7,8.01,82.7,80.0,0,7.9,4.5,5.0,5.2,5.9,7.7,7.0,4.1,2,4,2,0,0,6.4,8.2,6.8,9.0,9.0,7.1,0,0,Data Analyst,1,SYNTHETIC,79.4,81.6
ST02963,Student ST02963,CSE,8,9.24,88.1,87.8,0,8.9,5.1,6.6,8.2,4.1,6.2,3.8,4.7,1,1,2,0,1,6.6,8.7,7.0,5.3,7.3,7.2,0,0,AI/ML Engineer,1,SYNTHETIC,96.8,79.6
ST02964,Student ST02964,CSE,8,7.32,78.8,76.0,0,3.5,7.4,4.1,5.6,6.5,2.0,2.7,1.0,0,1,1,0,1,7.0,5.9,4.3,4.2,3.3,4.8,1,0,Full-Stack Developer,0,SYNTHETIC,77.3,75.0
ST02965,Student ST02965,CSE,8,8.0,78.3,83.1,0,3.6,5.3,6.4,4.9,3.6,3.1,2.1,1.6,2,3,1,0,0,6.5,6.6,5.3,5.4,5.6,4.4,0,0,Cybersecurity Specialist,0,SYNTHETIC,80.5,68.5
ST02966,Student ST02966,Mechanical,7,7.41,66.8,79.1,0,6.7,6.5,5.8,6.0,4.6,3.1,3.9,2.7,2,2,2,0,1,5.9,4.9,6.1,5.1,4.1,4.2,2,0,QA Specialist,1,SYNTHETIC,84.9,71.2
ST02967,Student ST02967,Mechanical,8,8.71,83.1,87.9,0,5.8,6.0,4.9,5.2,4.3,4.0,3.1,1.7,2,2,2,1,1,5.2,7.5,5.8,7.5,7.5,5.1,1,1,AI/ML Engineer,1,SYNTHETIC,94.5,87.8
ST02968,Student ST02968,Mechanical,7,6.97,70.8,70.8,0,2.7,3.6,3.1,1.7,1.0,4.3,2.8,2.2,0,2,1,1,2,6.4,5.5,1.1,5.5,5.5,4.5,0,0,Cybersecurity Specialist,1,SYNTHETIC,84.0,78.7
ST02969,Student ST02969,CSE,7,7.27,73.3,75.4,0,4.7,4.5,4.9,2.7,4.1,2.2,1.0,2.4,2,1,1,2,0,5.9,6.2,3.1,7.5,8.5,5.3,2,1,Cloud/DevOps Engineer,0,SYNTHETIC,97.7,60.2
ST02970,Student ST02970,CSE,7,7.71,79.8,81.7,0,6.3,4.1,4.1,4.9,4.5,5.5,1.0,3.4,2,6,2,3,0,8.0,7.9,4.8,5.8,6.3,5.6,1,0,Full-Stack Developer,1,SYNTHETIC,79.7,76.1
ST02971,Student ST02971,ISE,7,8.19,86.0,79.7,0,4.3,6.0,6.0,8.2,6.2,5.1,3.7,6.2,1,2,2,1,2,6.2,7.4,6.8,7.8,6.9,6.3,3,0,AI/ML Engineer,0,SYNTHETIC,96.6,77.3
ST02972,Student ST02972,ISE,7,7.39,75.7,72.6,0,8.5,5.7,5.9,7.1,2.0,8.1,2.7,4.7,0,4,2,1,0,8.5,5.5,6.9,5.4,4.3,7.0,0,0,Full-Stack Developer,0,SYNTHETIC,95.7,87.6
ST02973,Student ST02973,CSE,7,6.8,63.2,81.0,0,5.4,2.4,6.1,6.4,3.9,4.5,3.3,1.4,1,1,2,0,1,6.2,4.6,6.7,5.5,5.8,5.6,1,0,Data Analyst,0,SYNTHETIC,88.1,62.8
ST02974,Student ST02974,CSE,7,6.58,69.1,60.1,0,5.8,1.3,3.6,3.1,3.0,2.4,2.5,1.4,2,3,1,0,0,5.1,6.6,3.8,4.8,4.9,5.2,2,0,Full-Stack Developer,0,SYNTHETIC,91.6,64.4
ST02975,Student ST02975,CSE,8,8.04,76.6,82.2,0,5.0,6.3,4.3,4.7,3.6,5.5,2.1,3.6,2,4,1,1,0,4.6,7.3,4.7,5.3,5.1,6.4,1,0,QA Specialist,1,SYNTHETIC,80.3,82.6
ST02976,Student ST02976,Mechanical,7,7.96,83.4,83.3,0,6.6,5.9,5.7,6.6,6.2,5.9,3.3,2.3,1,4,2,2,1,8.1,6.1,5.6,4.6,4.5,6.8,1,0,Full-Stack Developer,1,SYNTHETIC,84.0,74.3
ST02977,Student ST02977,ISE,8,7.63,74.6,73.6,0,3.9,5.9,5.8,4.8,4.0,7.1,3.0,2.2,0,2,1,0,1,5.8,8.2,4.9,7.7,7.3,5.8,0,1,AI/ML Engineer,1,SYNTHETIC,76.6,81.8
ST02978,Student ST02978,CSE,7,7.53,83.0,73.5,0,5.8,2.8,4.8,3.8,1.0,3.8,1.9,3.3,2,1,1,0,1,7.2,5.9,4.3,6.5,5.6,4.3,0,0,Data Analyst,0,SYNTHETIC,96.2,66.5
ST02979,Student ST02979,CSE,7,8.07,83.8,74.1,0,5.4,5.8,6.3,3.9,6.9,5.5,2.3,2.6,1,4,1,0,1,6.6,6.0,5.1,4.8,5.3,4.6,0,0,Cybersecurity Specialist,1,SYNTHETIC,91.2,89.7
ST02980,Student ST02980,ECE,8,7.56,80.7,73.5,0,5.4,5.8,4.6,4.0,4.0,6.5,3.4,5.9,1,3,1,2,1,7.6,6.0,4.3,8.2,6.9,6.7,1,0,Full-Stack Developer,1,SYNTHETIC,84.6,88.3
ST02981,Student ST02981,ECE,7,8.76,86.7,83.8,0,6.8,5.0,6.0,6.0,1.6,4.7,4.9,1.3,1,5,2,0,3,7.1,8.1,6.6,7.2,7.2,6.5,0,0,AI/ML Engineer,1,SYNTHETIC,80.2,94.2
ST02982,Student ST02982,CSE,7,6.43,68.9,67.4,0,5.0,4.2,5.5,4.9,3.3,5.6,1.0,3.4,4,3,1,0,0,5.2,6.3,4.7,6.3,5.6,5.7,0,0,QA Specialist,1,SYNTHETIC,86.5,60.4
ST02983,Student ST02983,CSE,8,7.1,73.3,73.5,0,3.9,6.0,4.5,4.9,1.2,6.3,3.5,1.0,1,4,1,0,0,6.6,5.0,5.4,9.7,8.2,6.8,2,0,QA Specialist,0,SYNTHETIC,91.4,88.7
ST02984,Student ST02984,ECE,7,6.56,75.5,69.6,0,3.8,5.9,5.1,3.2,3.1,2.8,2.5,1.0,1,1,1,0,1,4.8,8.1,3.7,4.4,3.4,4.5,3,0,Data Analyst,0,SYNTHETIC,79.0,90.4
ST02985,Student ST02985,ECE,8,6.62,69.8,74.8,0,6.3,5.0,4.3,3.6,2.7,6.0,2.0,1.2,1,1,1,1,0,4.1,7.2,4.1,6.7,7.1,6.8,0,0,Data Analyst,0,SYNTHETIC,86.8,81.4
ST02986,Student ST02986,ISE,8,7.8,77.8,76.2,0,5.6,4.5,6.2,4.1,5.4,6.2,5.4,1.7,1,3,1,0,1,4.9,6.4,4.4,4.9,4.4,3.3,0,0,Full-Stack Developer,0,SYNTHETIC,87.1,64.6
ST02987,Student ST02987,CSE,7,6.89,66.8,69.7,0,2.5,3.7,1.5,3.3,2.4,4.1,4.8,2.9,0,2,1,0,0,6.5,6.7,3.8,6.6,6.6,5.3,0,0,QA Specialist,1,SYNTHETIC,96.1,72.2
ST02988,Student ST02988,Mechanical,8,7.63,71.8,75.5,0,9.9,4.9,4.6,6.1,4.7,6.2,5.5,4.2,1,3,2,1,1,4.6,5.8,7.1,5.9,5.8,5.4,0,0,QA Specialist,1,SYNTHETIC,79.3,71.1
ST02989,Student ST02989,CSE,7,7.38,71.0,79.2,0,7.4,5.8,7.3,5.6,5.6,6.6,5.4,3.2,4,3,2,0,1,5.8,5.8,4.9,7.7,6.4,7.0,1,1,Full-Stack Developer,0,SYNTHETIC,79.6,90.7
ST02990,Student ST02990,ISE,7,7.68,77.3,71.5,0,8.2,5.0,4.7,8.0,3.0,7.2,5.8,3.4,0,1,2,0,1,6.9,7.1,8.8,6.1,8.5,7.7,3,0,Data Analyst,1,SYNTHETIC,85.2,78.6
ST02991,Student ST02991,CSE,8,7.16,66.2,78.1,0,2.9,2.8,2.6,3.4,1.0,5.4,3.0,1.0,3,5,1,0,0,7.3,6.0,3.2,6.6,5.4,4.3,0,0,AI/ML Engineer,0,SYNTHETIC,78.4,72.1
ST02992,Student ST02992,ECE,7,7.79,80.8,79.6,0,3.9,3.0,3.2,5.3,3.2,1.2,3.9,1.0,2,1,1,1,0,5.9,5.0,5.1,4.8,2.9,5.8,1,0,Cloud/DevOps Engineer,1,SYNTHETIC,95.6,75.9
ST02993,Student ST02993,Mechanical,7,5.93,65.4,62.4,0,4.0,3.8,5.8,3.4,2.3,3.6,1.0,2.0,2,1,1,0,1,4.4,6.0,3.9,7.1,7.1,5.6,1,0,Cloud/DevOps Engineer,0,SYNTHETIC,88.1,87.4
ST02994,Student ST02994,CSE,7,5.67,67.7,59.5,0,5.0,4.1,4.1,3.9,1.0,2.4,2.0,2.5,0,4,1,1,0,6.2,6.0,4.9,6.0,7.4,5.2,4,0,Cybersecurity Specialist,1,SYNTHETIC,83.0,87.6
ST02995,Student ST02995,CSE,8,8.38,86.0,85.5,0,3.9,3.5,6.4,3.2,1.6,2.4,2.2,3.0,2,3,1,0,0,6.2,6.8,4.3,5.2,6.1,3.6,0,0,Data Analyst,0,SYNTHETIC,80.0,87.2
ST02996,Student ST02996,CSE,8,8.26,87.0,87.6,0,5.0,3.0,4.5,4.2,3.6,4.7,2.0,4.4,2,4,1,0,0,9.4,7.0,5.7,4.5,2.7,3.3,0,0,Full-Stack Developer,1,SYNTHETIC,95.6,85.5
ST02997,Student ST02997,CSE,7,9.52,90.3,91.4,0,7.3,8.0,5.8,9.2,9.7,5.6,9.3,6.3,3,3,2,0,0,6.9,8.7,8.8,8.0,8.1,9.1,2,1,AI/ML Engineer,1,SYNTHETIC,87.7,87.3
ST02998,Student ST02998,ISE,7,8.07,74.5,78.4,0,4.3,5.5,7.8,5.9,5.7,5.7,6.1,3.0,1,4,1,0,1,4.9,7.3,3.7,5.0,5.2,4.0,0,0,QA Specialist,0,SYNTHETIC,84.8,87.0
ST02999,Student ST02999,Mechanical,8,8.58,90.3,78.8,0,4.3,2.5,6.7,4.1,1.3,5.4,3.2,2.9,5,1,1,0,0,5.6,8.0,4.7,6.1,5.9,5.2,0,0,QA Specialist,0,SYNTHETIC,85.5,90.6
ST03000,Student ST03000,Mechanical,7,7.53,81.3,76.9,0,5.5,5.3,3.8,8.4,5.1,2.9,3.6,5.8,2,2,2,0,1,6.7,5.9,5.5,6.8,5.7,7.3,2,0,Cloud/DevOps Engineer,1,SYNTHETIC,95.3,66.7
ST03001,Student ST03001,ISE,8,6.32,71.5,65.1,0,4.1,4.9,3.4,3.8,1.2,1.0,2.4,1.5,0,2,1,0,0,6.4,5.4,3.0,5.3,4.7,4.9,1,0,Cybersecurity Specialist,0,SYNTHETIC,94.6,78.1
ST03002,Student ST03002,ISE,7,6.77,71.2,67.1,0,3.8,3.3,5.1,5.1,1.5,1.9,3.7,3.1,2,4,1,0,0,5.6,5.0,3.8,7.4,6.0,5.6,0,1,QA Specialist,1,SYNTHETIC,83.8,85.4
ST03003,Student ST03003,CSE,8,9.67,96.0,97.0,0,2.4,4.7,5.6,6.2,5.9,4.3,2.7,2.7,0,3,1,0,0,6.8,5.5,5.2,5.9,5.5,5.4,0,0,Full-Stack Developer,1,SYNTHETIC,92.7,71.0
ST03004,Student ST03004,Mechanical,7,10.0,92.1,93.2,0,5.6,7.4,5.4,7.6,5.0,6.9,4.4,5.1,0,1,2,3,0,8.9,8.5,7.8,6.0,7.4,8.7,1,0,QA Specialist,1,SYNTHETIC,89.3,92.3
ST03005,Student ST03005,CSE,7,7.72,79.4,86.4,0,4.5,4.6,5.7,5.0,1.5,4.3,2.8,2.6,3,3,1,0,0,4.5,8.1,4.5,6.3,4.1,6.0,2,0,QA Specialist,1,SYNTHETIC,80.0,89.7
ST03006,Student ST03006,CSE,7,9.53,90.1,94.5,0,5.6,2.7,7.3,3.8,2.0,4.6,1.0,1.4,0,3,1,1,0,6.4,6.3,4.4,6.8,6.9,7.1,1,0,AI/ML Engineer,1,SYNTHETIC,96.9,88.8
ST03007,Student ST03007,Mechanical,8,8.07,75.6,84.2,0,6.6,6.1,8.2,8.7,4.5,6.0,3.0,3.9,0,2,2,3,0,7.2,7.4,7.8,5.4,5.5,7.8,0,0,Cybersecurity Specialist,1,SYNTHETIC,75.4,67.9
ST03008,Student ST03008,Mechanical,8,5.97,65.4,60.3,0,2.7,4.2,2.0,2.9,1.8,1.0,1.6,1.9,0,2,1,0,0,6.5,4.8,3.4,6.5,5.6,3.3,0,0,AI/ML Engineer,0,SYNTHETIC,86.3,94.4
ST03009,Student ST03009,Mechanical,7,5.82,68.3,64.2,0,3.6,2.6,1.1,2.7,1.0,4.5,1.0,2.6,0,1,1,0,0,5.5,6.0,3.0,7.1,6.0,5.6,1,0,Cloud/DevOps Engineer,0,SYNTHETIC,91.2,68.0
ST03010,Student ST03010,Mechanical,8,8.73,80.6,81.3,0,7.1,3.3,4.7,2.6,4.3,5.2,1.0,5.1,0,5,1,3,0,9.4,6.1,3.5,7.1,6.4,6.3,0,1,Cloud/DevOps Engineer,0,SYNTHETIC,95.5,79.6
ST03011,Student ST03011,ISE,8,6.28,63.8,56.1,1,4.7,7.7,7.7,4.3,4.1,3.7,4.4,5.9,2,5,1,0,0,6.1,4.2,4.1,6.7,7.9,4.9,1,0,Data Analyst,0,SYNTHETIC,90.8,93.8
ST03012,Student ST03012,ISE,8,5.91,66.6,54.0,0,5.8,4.2,4.2,2.7,2.1,6.6,1.8,3.0,3,3,1,0,0,5.3,7.0,3.4,5.6,6.3,4.8,2,0,Data Analyst,0,SYNTHETIC,78.8,65.0
ST03013,Student ST03013,Mechanical,7,7.13,69.7,71.8,0,3.6,6.2,5.7,5.2,2.6,4.5,1.0,1.0,0,3,1,0,1,4.4,6.5,4.5,6.4,5.5,5.1,2,0,AI/ML Engineer,1,SYNTHETIC,92.4,68.0
ST03014,Student ST03014,Mechanical,7,7.6,82.2,82.5,0,5.5,7.5,5.5,4.1,1.0,1.4,1.0,6.1,2,2,1,0,0,4.4,4.2,4.3,5.5,5.9,6.2,0,0,AI/ML Engineer,0,SYNTHETIC,79.7,90.7
ST03015,Student ST03015,CSE,7,7.64,72.7,80.8,0,5.4,5.0,5.9,6.2,1.5,3.8,3.0,2.6,1,1,2,1,0,4.5,6.6,6.6,6.0,5.3,5.0,2,0,Cybersecurity Specialist,0,SYNTHETIC,77.6,92.7
ST03016,Student ST03016,ECE,7,7.03,67.8,68.5,0,3.6,2.6,4.9,5.2,2.3,3.4,3.9,2.2,0,4,1,0,0,5.8,7.3,3.9,5.9,5.0,5.0,0,0,Data Analyst,1,SYNTHETIC,98.5,91.7
ST03017,Student ST03017,CSE,8,8.87,90.7,84.5,0,7.0,5.8,6.5,7.4,3.0,6.3,3.1,1.0,1,4,2,0,2,7.5,7.4,6.7,7.9,6.0,7.0,0,0,Data Analyst,1,SYNTHETIC,96.4,83.5
ST03018,Student ST03018,CSE,7,8.53,83.9,91.9,0,6.6,3.7,5.1,5.0,5.2,2.8,6.2,1.0,2,3,2,1,0,8.1,6.5,5.5,5.8,7.2,6.5,0,0,Cybersecurity Specialist,1,SYNTHETIC,97.6,81.8
ST03019,Student ST03019,ISE,8,5.61,63.4,57.5,1,4.8,3.6,3.6,4.2,2.2,6.0,1.0,2.4,1,3,1,0,0,5.7,5.6,4.2,6.4,6.7,5.6,2,0,Cybersecurity Specialist,0,SYNTHETIC,86.0,77.4
ST03020,Student ST03020,ECE,7,9.01,76.8,86.8,0,4.1,6.5,6.9,8.1,5.6,4.2,3.5,2.4,3,3,2,0,0,4.9,7.7,7.2,6.4,6.9,6.0,0,0,AI/ML Engineer,1,SYNTHETIC,87.8,70.3
ST03021,Student ST03021,ECE,7,6.71,71.0,72.2,0,5.8,1.1,4.7,5.4,2.9,2.3,1.9,1.0,1,1,2,0,2,5.6,6.9,5.5,4.4,4.4,3.7,1,0,Cybersecurity Specialist,0,SYNTHETIC,88.1,81.9
ST03022,Student ST03022,ECE,8,8.09,81.5,75.0,0,6.6,5.2,8.7,9.4,1.7,6.8,4.4,4.5,0,1,2,1,0,7.2,6.6,9.1,6.2,5.8,6.4,0,0,Data Analyst,1,SYNTHETIC,75.7,78.2
ST03023,Student ST03023,CSE,8,9.02,82.8,79.9,0,7.8,6.5,9.4,7.3,5.5,6.8,6.8,4.8,2,2,2,1,0,7.0,6.6,7.3,4.8,5.5,6.1,0,0,Data Analyst,1,SYNTHETIC,85.0,74.3
ST03024,Student ST03024,Mechanical,8,8.24,82.9,85.3,0,6.6,5.5,5.1,7.5,4.7,6.3,6.7,3.1,0,5,2,0,0,7.6,5.8,6.8,8.3,7.8,6.9,2,0,AI/ML Engineer,1,SYNTHETIC,91.4,60.8
ST03025,Student ST03025,ISE,7,8.09,77.6,90.1,0,7.0,7.5,7.0,6.2,3.4,3.9,2.3,4.7,1,1,2,1,1,5.9,7.3,6.8,6.6,5.9,7.4,1,0,Cloud/DevOps Engineer,1,SYNTHETIC,84.1,80.4
ST03026,Student ST03026,Mechanical,8,6.49,64.9,65.9,0,4.7,3.7,4.5,6.6,2.7,2.3,3.6,2.6,1,4,2,0,0,3.8,6.5,6.4,2.7,1.3,5.5,2,0,AI/ML Engineer,1,SYNTHETIC,92.6,60.2
ST03027,Student ST03027,CSE,8,8.07,90.5,90.1,0,7.3,3.3,6.7,5.2,4.3,5.2,3.7,5.9,0,1,2,1,1,6.5,6.9,6.7,6.7,7.1,5.9,0,0,Cloud/DevOps Engineer,1,SYNTHETIC,94.6,78.0
ST03028,Student ST03028,ISE,7,6.25,71.0,64.9,0,2.3,1.0,4.3,1.7,3.4,3.7,1.0,1.6,2,2,1,0,0,6.0,6.3,2.3,5.4,5.8,2.1,2,0,AI/ML Engineer,0,SYNTHETIC,88.1,84.8
ST03029,Student ST03029,CSE,7,7.31,73.8,74.4,0,5.6,3.0,6.9,5.0,5.2,1.4,1.0,4.6,0,2,2,0,0,5.0,5.3,6.1,8.1,7.5,7.1,1,1,QA Specialist,0,SYNTHETIC,80.8,91.2
ST03030,Student ST03030,CSE,7,5.0,55.0,53.5,0,4.7,3.7,4.0,3.7,2.7,3.4,1.0,1.0,1,3,1,0,1,4.7,6.0,4.7,6.0,5.7,4.4,0,0,Full-Stack Developer,0,SYNTHETIC,96.6,80.1
ST03031,Student ST03031,ISE,7,7.25,75.1,71.7,0,4.9,5.8,4.9,3.3,4.0,4.2,2.1,3.8,2,2,1,0,1,5.6,5.7,3.6,7.6,6.4,5.8,3,0,Cloud/DevOps Engineer,1,SYNTHETIC,80.7,64.9
ST03032,Student ST03032,CSE,8,8.05,75.0,76.3,0,5.2,3.1,3.5,4.4,1.8,2.1,2.0,3.1,1,1,1,0,0,7.9,5.7,4.4,8.5,8.2,5.1,0,0,Full-Stack Developer,1,SYNTHETIC,95.8,62.1
ST03033,Student ST03033,CSE,7,7.11,78.4,70.9,0,9.1,5.8,7.0,4.6,4.3,6.5,4.7,2.8,3,2,2,0,0,7.3,5.9,6.7,5.9,5.9,5.7,1,0,QA Specialist,1,SYNTHETIC,77.4,89.3
ST03034,Student ST03034,ECE,8,6.14,71.7,69.8,0,4.8,4.3,2.9,4.3,2.6,2.8,3.7,1.0,0,4,1,1,1,3.8,6.7,4.2,6.4,6.5,5.8,0,0,Data Analyst,1,SYNTHETIC,86.3,81.9
ST03035,Student ST03035,Mechanical,7,8.93,93.1,88.9,0,7.6,5.4,6.6,2.7,3.5,4.3,3.9,2.8,1,2,1,0,0,5.7,5.5,3.9,7.5,4.6,6.0,0,1,AI/ML Engineer,1,SYNTHETIC,93.3,60.6
ST03036,Student ST03036,ISE,8,6.21,59.7,67.4,0,5.9,2.7,5.8,3.7,5.7,3.8,5.2,6.8,3,4,1,1,0,7.1,6.0,5.3,5.5,5.0,4.8,0,0,Cybersecurity Specialist,1,SYNTHETIC,81.3,77.0
ST03037,Student ST03037,Mechanical,8,8.71,85.1,87.0,0,4.2,3.7,4.4,3.6,4.3,4.2,3.0,2.5,1,4,1,0,0,8.6,7.1,4.5,4.8,5.2,4.6,2,0,QA Specialist,1,SYNTHETIC,92.4,84.6
ST03038,Student ST03038,CSE,8,8.97,88.7,92.8,0,6.0,8.1,9.0,6.3,5.2,2.8,3.4,4.4,1,3,2,1,0,8.2,7.1,7.9,6.6,5.5,6.8,1,0,AI/ML Engineer,1,SYNTHETIC,82.6,62.2
ST03039,Student ST03039,CSE,8,7.65,75.8,83.2,0,5.7,5.7,5.4,3.9,1.0,5.9,1.6,5.8,3,5,1,0,1,6.6,7.7,4.9,7.8,7.3,7.0,1,1,QA Specialist,1,SYNTHETIC,85.5,64.9
ST03040,Student ST03040,ECE,7,7.64,70.7,82.2,0,6.3,5.2,5.1,2.6,4.8,6.3,3.6,1.2,0,1,1,0,0,6.8,7.1,4.6,6.6,7.1,6.6,1,0,Data Analyst,0,SYNTHETIC,89.4,63.8
ST03041,Student ST03041,CSE,7,7.82,87.8,69.4,0,6.9,7.0,4.8,6.4,7.0,3.9,5.0,2.6,2,1,2,0,0,6.7,5.7,5.9,5.7,6.1,4.9,0,0,Cloud/DevOps Engineer,1,SYNTHETIC,86.3,84.2
ST03042,Student ST03042,CSE,8,8.77,88.9,85.3,0,5.6,7.7,7.5,8.0,3.9,7.7,2.5,5.5,1,1,2,2,0,7.8,6.9,7.1,7.2,7.4,6.6,0,0,Data Analyst,1,SYNTHETIC,96.8,64.2
ST03043,Student ST03043,CSE,7,8.47,78.5,82.6,0,5.6,1.9,3.7,4.5,4.6,3.7,4.8,1.2,0,1,1,0,0,7.7,7.1,4.4,6.6,5.1,5.4,0,0,Full-Stack Developer,1,SYNTHETIC,78.4,87.5
ST03044,Student ST03044,CSE,7,6.4,66.6,58.3,0,5.7,3.4,7.2,5.9,3.4,3.7,2.2,2.0,0,5,2,1,1,6.2,7.0,5.4,5.4,6.2,5.7,0,0,Cloud/DevOps Engineer,0,SYNTHETIC,86.9,74.7
ST03045,Student ST03045,ISE,7,6.95,72.1,74.6,0,6.6,6.8,5.2,1.9,4.7,3.4,3.8,1.0,1,2,1,0,0,5.6,5.4,3.2,5.9,5.9,5.0,0,0,AI/ML Engineer,0,SYNTHETIC,83.1,75.2
ST03046,Student ST03046,ISE,8,8.17,81.8,81.8,0,3.9,5.7,6.5,5.9,4.1,6.7,4.5,4.4,1,1,1,0,0,6.9,7.7,4.5,5.9,7.1,4.0,0,0,Data Analyst,1,SYNTHETIC,86.5,83.8
ST03047,Student ST03047,Mechanical,7,7.43,72.8,78.7,0,3.5,3.8,5.6,5.5,1.3,3.8,1.0,1.0,0,3,1,2,0,6.6,5.9,5.5,6.8,5.8,5.8,0,0,AI/ML Engineer,1,SYNTHETIC,82.5,90.3
ST03048,Student ST03048,ECE,7,7.36,67.5,82.9,0,7.5,7.3,6.1,2.6,4.1,4.1,5.8,4.3,0,2,1,0,0,5.4,6.6,5.1,6.7,8.2,5.5,1,0,Cybersecurity Specialist,0,SYNTHETIC,77.5,88.6
ST03049,Student ST03049,ECE,8,5.98,64.6,69.8,0,2.6,4.2,4.3,7.2,4.2,4.2,1.0,1.0,2,1,1,1,2,5.5,7.2,4.6,5.8,7.6,4.8,0,0,Cloud/DevOps Engineer,1,SYNTHETIC,80.4,77.0
ST03050,Student ST03050,CSE,7,7.58,77.3,76.0,0,5.1,7.1,5.9,5.7,1.0,3.0,1.1,2.0,4,5,2,0,0,6.7,5.2,5.0,7.5,7.6,7.1,0,0,Full-Stack Developer,0,SYNTHETIC,87.2,92.7
ST03051,Student ST03051,ECE,7,7.42,71.2,77.2,0,7.1,5.6,7.6,6.1,2.1,6.5,2.3,2.4,3,1,2,0,0,6.9,4.8,6.6,6.1,4.0,8.2,0,0,Cloud/DevOps Engineer,0,SYNTHETIC,77.0,78.0
ST03052,Student ST03052,CSE,7,6.42,64.3,67.3,0,4.8,2.6,3.8,4.5,1.0,5.0,1.0,3.8,0,1,1,0,0,6.4,7.4,4.3,6.1,6.8,5.8,1,0,QA Specialist,0,SYNTHETIC,87.1,76.1
ST03053,Student ST03053,ISE,7,7.42,81.5,81.4,0,5.9,5.5,6.0,5.0,2.8,3.4,2.5,3.0,1,1,2,0,2,4.5,5.3,5.2,3.2,4.2,5.6,2,0,AI/ML Engineer,0,SYNTHETIC,79.2,72.6
ST03054,Student ST03054,CSE,7,7.7,85.6,70.3,0,5.4,3.4,6.0,5.1,3.1,5.1,3.7,1.0,0,3,2,0,0,7.1,7.0,6.9,7.7,5.9,7.0,3,1,Cloud/DevOps Engineer,1,SYNTHETIC,95.4,66.1
ST03055,Student ST03055,ECE,7,8.71,88.0,88.7,0,4.5,5.4,6.6,5.3,6.2,5.6,3.1,2.9,1,1,1,2,0,8.4,7.4,5.5,5.4,4.1,6.1,0,0,Data Analyst,1,SYNTHETIC,91.8,85.3
ST03056,Student ST03056,ISE,8,6.57,76.0,68.1,0,2.6,4.9,5.0,3.8,2.2,3.0,1.0,3.8,1,2,1,0,0,5.7,5.5,3.2,6.8,5.4,4.0,0,0,Full-Stack Developer,0,SYNTHETIC,86.3,80.0
ST03057,Student ST03057,CSE,8,8.35,89.1,83.5,0,5.4,3.2,3.7,7.9,1.3,2.2,4.3,2.0,1,2,2,0,0,7.6,6.2,7.0,4.3,5.3,4.9,1,0,AI/ML Engineer,0,SYNTHETIC,96.2,87.3
ST03058,Student ST03058,ECE,7,6.39,59.8,67.1,1,4.2,3.4,3.8,2.5,4.5,3.1,1.4,3.5,0,1,1,0,0,5.3,5.8,1.2,4.9,3.9,4.5,1,0,QA Specialist,0,SYNTHETIC,89.9,72.5
ST03059,Student ST03059,ECE,7,6.8,65.7,71.0,1,6.2,3.7,6.8,7.6,2.3,5.1,3.3,3.5,1,6,2,0,1,4.7,6.8,7.4,6.2,7.0,7.6,0,0,AI/ML Engineer,0,SYNTHETIC,95.2,92.3
ST03060,Student ST03060,CSE,7,7.28,70.0,76.8,0,2.5,6.6,5.6,4.5,1.8,5.3,2.6,2.8,3,1,1,0,1,6.8,6.0,4.3,6.4,6.5,3.8,2,0,Cybersecurity Specialist,1,SYNTHETIC,94.3,67.4
ST03061,Student ST03061,ISE,8,6.43,67.2,64.8,0,4.3,4.8,3.9,4.3,5.0,1.8,3.1,4.8,1,4,1,1,0,6.2,6.9,3.6,4.6,5.2,6.4,1,0,Cybersecurity Specialist,0,SYNTHETIC,87.3,75.7
ST03062,Student ST03062,ECE,7,6.91,78.7,73.8,0,6.5,4.0,4.8,5.9,4.6,5.8,4.0,3.2,1,3,2,0,0,6.0,5.4,7.0,5.7,4.4,5.0,0,0,QA Specialist,0,SYNTHETIC,85.3,82.5
ST03063,Student ST03063,ECE,8,7.43,77.2,74.1,0,4.2,4.1,5.8,3.4,5.6,2.2,3.5,1.3,0,5,1,2,0,5.8,6.0,4.3,7.4,8.5,5.2,0,0,Full-Stack Developer,0,SYNTHETIC,75.1,61.1
ST03064,Student ST03064,ISE,7,6.77,69.9,71.7,0,5.9,6.2,5.4,4.7,5.2,2.3,2.8,2.6,2,6,2,0,2,3.9,7.3,6.2,5.2,5.0,5.3,0,0,Data Analyst,0,SYNTHETIC,78.2,77.5
ST03065,Student ST03065,ECE,7,9.1,90.3,81.6,0,8.6,9.6,9.0,8.8,5.1,10.0,4.8,4.2,0,1,2,1,0,7.6,6.3,8.6,6.6,6.7,8.0,0,0,Cloud/DevOps Engineer,1,SYNTHETIC,86.2,78.7
ST03066,Student ST03066,Mechanical,7,7.28,72.1,75.6,0,6.5,3.2,5.5,3.3,3.7,4.8,4.3,2.6,0,2,1,0,0,5.1,5.0,5.6,7.0,8.8,6.1,0,0,AI/ML Engineer,0,SYNTHETIC,92.2,74.1
ST03067,Student ST03067,Mechanical,7,9.23,94.0,89.8,0,6.2,5.9,6.5,7.7,3.6,6.8,8.9,4.1,1,6,2,1,0,6.7,6.7,8.1,8.3,9.9,7.0,1,0,Cybersecurity Specialist,1,SYNTHETIC,79.9,70.4
ST03068,Student ST03068,CSE,7,9.22,93.7,96.9,0,8.5,6.3,7.3,5.8,5.0,5.1,5.6,4.1,2,2,2,1,1,7.3,8.4,7.0,7.6,7.4,7.3,0,0,AI/ML Engineer,1,SYNTHETIC,95.4,89.4
ST03069,Student ST03069,CSE,7,7.44,86.8,77.1,0,2.0,4.2,3.3,5.2,3.0,3.8,1.0,2.8,0,4,1,0,1,4.3,7.1,4.9,6.1,3.0,4.2,0,0,Data Analyst,0,SYNTHETIC,78.5,75.1
ST03070,Student ST03070,Mechanical,7,6.95,65.8,67.1,0,5.5,4.4,6.8,5.9,6.2,4.2,1.5,2.5,1,2,2,0,1,7.7,7.0,5.8,4.1,4.2,5.6,0,0,QA Specialist,1,SYNTHETIC,79.7,88.7
ST03071,Student ST03071,ISE,8,6.63,68.2,73.8,0,5.7,4.4,3.2,1.0,1.0,2.7,4.3,3.9,1,3,1,0,1,6.3,6.7,3.2,7.8,7.0,4.5,0,0,Data Analyst,0,SYNTHETIC,85.3,61.8
ST03072,Student ST03072,ECE,7,6.2,68.2,62.0,0,4.9,6.5,5.2,3.8,1.6,2.1,1.1,2.1,2,1,1,0,1,5.4,6.2,4.1,9.4,9.3,7.3,1,1,AI/ML Engineer,0,SYNTHETIC,79.3,92.1
ST03073,Student ST03073,Mechanical,7,7.39,77.3,78.2,0,5.0,4.8,5.1,3.4,1.0,3.7,2.9,3.8,3,2,1,0,1,7.4,7.6,5.0,7.2,6.3,5.6,0,0,Cybersecurity Specialist,1,SYNTHETIC,77.6,88.3
ST03074,Student ST03074,ISE,7,7.85,79.1,78.2,0,8.7,8.6,6.2,7.1,5.6,6.4,2.4,4.4,3,2,2,3,1,6.5,6.2,6.3,6.5,5.4,8.5,1,0,Full-Stack Developer,1,SYNTHETIC,78.6,79.7
ST03075,Student ST03075,CSE,7,5.74,62.3,57.4,0,4.8,3.4,1.3,1.0,3.2,1.0,1.5,1.7,0,2,1,0,0,4.5,6.3,1.0,5.1,5.2,3.1,2,0,Cybersecurity Specialist,0,SYNTHETIC,88.5,94.6
ST03076,Student ST03076,CSE,7,7.92,85.2,71.4,0,6.1,6.0,6.9,6.8,4.5,4.8,4.3,2.9,3,3,2,1,0,6.8,6.5,6.4,4.6,5.4,6.1,0,0,Cybersecurity Specialist,1,SYNTHETIC,88.3,93.5
ST03077,Student ST03077,CSE,8,7.8,77.3,77.4,0,4.4,4.4,6.6,7.0,4.7,4.6,3.6,1.2,0,3,2,1,1,6.7,5.9,6.9,5.0,4.9,5.0,0,0,Data Analyst,1,SYNTHETIC,75.3,76.5
ST03078,Student ST03078,Mechanical,7,8.15,82.7,79.3,0,4.4,5.6,4.5,8.5,4.1,4.6,3.0,1.3,0,1,2,2,1,7.0,6.8,6.6,5.9,5.2,6.4,1,0,Cybersecurity Specialist,1,SYNTHETIC,91.2,71.8
ST03079,Student ST03079,CSE,7,6.25,70.1,66.4,0,5.9,6.3,4.4,1.9,4.2,2.7,1.6,2.9,2,3,1,1,0,7.1,5.6,2.8,5.8,3.8,4.8,1,0,Cybersecurity Specialist,1,SYNTHETIC,78.9,73.6
ST03080,Student ST03080,Mechanical,7,9.7,90.3,97.0,0,6.8,7.8,7.1,6.6,4.7,7.3,5.1,4.7,1,2,2,0,2,6.4,7.4,6.1,9.3,8.1,7.9,2,0,Data Analyst,1,SYNTHETIC,79.1,79.1
ST03081,Student ST03081,Mechanical,8,7.54,75.8,68.2,0,3.5,4.8,6.1,4.6,5.1,5.0,1.7,1.7,2,3,1,0,0,7.9,6.0,4.0,5.4,4.6,5.6,0,0,Full-Stack Developer,1,SYNTHETIC,84.4,72.3
ST03082,Student ST03082,Mechanical,7,6.17,65.2,70.8,0,3.9,4.1,2.8,4.1,1.8,5.7,1.7,2.6,0,1,1,0,2,5.7,4.8,3.2,7.1,7.3,5.6,0,1,Full-Stack Developer,1,SYNTHETIC,91.9,78.6
ST03083,Student ST03083,ISE,8,6.87,78.0,70.1,0,5.2,4.2,6.0,4.4,2.4,4.0,1.0,1.6,0,1,1,1,0,6.8,6.2,3.7,2.6,2.9,3.6,1,0,Cloud/DevOps Engineer,1,SYNTHETIC,90.3,73.1
ST03084,Student ST03084,CSE,8,9.26,93.5,88.7,0,5.6,6.2,7.4,6.5,6.0,5.9,5.4,3.4,1,3,2,1,0,7.1,6.9,4.8,9.2,9.8,6.7,3,1,AI/ML Engineer,1,SYNTHETIC,90.4,62.9
ST03085,Student ST03085,ISE,7,8.22,81.3,82.9,0,4.3,4.4,4.8,3.1,3.7,6.4,1.7,2.2,0,2,1,0,0,6.0,7.7,3.6,7.4,7.1,4.9,1,1,Full-Stack Developer,0,SYNTHETIC,86.0,84.5
ST03086,Student ST03086,ECE,7,7.46,73.4,73.2,0,6.2,4.6,6.6,7.5,3.3,4.4,2.9,3.1,3,3,2,0,1,4.8,6.7,6.3,9.3,9.3,8.3,0,1,Full-Stack Developer,1,SYNTHETIC,87.3,94.3
ST03087,Student ST03087,ISE,7,5.0,58.5,55.4,0,1.9,4.5,3.7,5.3,3.8,3.0,2.4,1.0,2,3,1,0,1,4.8,5.1,4.9,4.9,3.8,4.2,1,0,Full-Stack Developer,1,SYNTHETIC,96.1,89.5
ST03088,Student ST03088,Mechanical,7,7.25,70.6,70.7,0,5.4,6.0,5.0,4.2,2.8,4.0,4.5,1.1,1,3,1,0,0,5.8,6.5,5.4,5.6,5.9,4.4,1,0,Cybersecurity Specialist,1,SYNTHETIC,82.0,64.8
ST03089,Student ST03089,ECE,8,7.62,74.7,72.3,0,5.6,4.6,6.0,3.3,4.4,5.1,2.2,1.0,0,5,1,1,1,6.4,8.1,4.5,7.8,6.4,5.7,2,1,QA Specialist,1,SYNTHETIC,85.6,74.4
ST03090,Student ST03090,Mechanical,7,7.33,65.8,70.8,0,6.3,6.2,6.1,2.7,1.9,4.2,4.9,3.9,1,1,1,0,1,6.8,7.4,4.3,5.5,4.3,4.9,0,0,QA Specialist,0,SYNTHETIC,95.2,70.0
ST03091,Student ST03091,CSE,8,6.24,65.6,63.6,1,4.6,3.1,2.8,3.6,4.5,4.7,2.2,1.5,0,1,1,0,0,6.2,5.5,4.3,7.8,7.9,7.0,0,1,Data Analyst,1,SYNTHETIC,80.8,91.8
ST03092,Student ST03092,ISE,7,7.55,77.2,78.8,0,6.0,8.2,3.9,3.9,3.3,2.4,2.8,4.1,0,6,1,2,1,6.1,6.9,6.2,8.4,7.8,6.5,0,1,QA Specialist,1,SYNTHETIC,78.5,79.1
ST03093,Student ST03093,ISE,7,6.33,57.3,71.1,0,5.0,4.9,3.1,2.9,2.3,2.0,1.6,1.0,1,4,1,0,0,6.4,5.3,4.2,5.5,4.6,4.0,2,0,Cybersecurity Specialist,1,SYNTHETIC,76.2,69.9
ST03094,Student ST03094,Mechanical,7,6.77,67.9,69.3,0,5.8,3.9,7.5,3.9,3.9,3.9,2.5,1.7,3,2,1,1,0,6.3,4.6,4.5,4.1,3.6,5.9,1,0,AI/ML Engineer,1,SYNTHETIC,96.0,73.8
ST03095,Student ST03095,ECE,7,6.08,60.6,68.9,0,3.1,4.6,4.2,5.1,1.0,3.3,2.5,4.2,0,2,1,0,0,4.5,6.4,4.7,5.1,4.0,5.2,0,0,Cybersecurity Specialist,1,SYNTHETIC,94.2,83.9
ST03096,Student ST03096,ECE,7,6.16,64.2,59.9,0,6.0,5.5,3.8,3.4,6.3,6.2,1.3,3.7,1,4,1,0,0,3.3,4.9,3.2,5.6,5.8,5.1,0,0,Data Analyst,1,SYNTHETIC,94.0,62.1
ST03097,Student ST03097,ECE,8,10.0,88.7,97.0,0,9.3,8.7,7.8,9.0,5.9,5.1,3.4,4.1,2,5,3,1,1,8.5,8.0,7.5,4.3,4.8,6.5,0,0,AI/ML Engineer,1,SYNTHETIC,90.1,68.6
ST03098,Student ST03098,ECE,7,8.28,86.7,81.2,0,5.7,7.3,5.3,4.2,5.3,3.4,4.8,3.5,1,1,1,0,0,5.8,6.2,4.7,6.1,5.7,5.2,1,0,Cloud/DevOps Engineer,1,SYNTHETIC,75.3,61.9
ST03099,Student ST03099,ISE,8,6.32,68.3,58.8,0,4.7,4.5,3.6,6.4,3.2,2.4,4.4,1.1,0,3,2,0,0,6.7,5.4,5.6,7.8,8.8,7.0,1,0,Data Analyst,1,SYNTHETIC,90.9,92.1
ST03100,Student ST03100,ISE,8,7.71,81.8,69.8,0,3.9,5.6,4.5,9.5,4.7,3.1,4.7,2.3,0,4,2,0,0,5.9,6.2,6.2,7.7,7.7,7.2,1,0,Full-Stack Developer,1,SYNTHETIC,94.6,87.9
ST03101,Student ST03101,CSE,7,7.67,83.4,68.5,0,5.3,7.4,6.4,5.5,6.1,4.8,4.3,2.3,2,1,2,1,0,5.1,6.6,5.8,7.1,6.1,6.6,0,0,Data Analyst,1,SYNTHETIC,78.8,82.4
ST03102,Student ST03102,ECE,8,7.2,73.1,70.8,0,4.3,4.6,5.3,4.4,2.5,3.8,1.2,3.2,1,1,1,1,0,7.1,5.7,4.8,6.9,7.6,4.7,0,0,Full-Stack Developer,0,SYNTHETIC,78.6,77.4
ST03103,Student ST03103,Mechanical,7,6.29,62.4,70.8,0,4.5,2.0,3.6,4.7,2.8,2.7,2.0,4.7,2,1,1,0,0,7.0,7.9,3.5,6.3,5.3,6.0,1,0,Cybersecurity Specialist,1,SYNTHETIC,93.5,86.1
ST03104,Student ST03104,CSE,8,7.43,77.2,69.6,0,5.2,3.8,4.1,3.4,2.3,3.5,1.1,2.7,3,2,1,1,0,6.8,7.1,3.7,5.5,4.6,4.9,0,0,Full-Stack Developer,1,SYNTHETIC,83.1,89.8
ST03105,Student ST03105,Mechanical,7,9.11,94.1,84.3,0,6.6,5.7,5.7,5.8,3.9,6.4,3.3,4.0,3,3,2,0,0,7.9,8.7,4.8,7.6,7.2,7.8,1,0,Data Analyst,1,SYNTHETIC,92.0,61.6
ST03106,Student ST03106,CSE,7,8.36,92.9,80.5,0,5.1,5.4,5.5,4.5,4.9,5.4,2.4,1.6,1,1,1,1,0,7.5,6.9,4.5,5.1,5.4,4.8,1,0,QA Specialist,1,SYNTHETIC,90.4,83.3
ST03107,Student ST03107,ISE,7,6.94,66.8,69.7,0,5.1,6.3,5.6,5.7,1.0,5.2,3.0,5.9,2,5,2,0,0,5.4,5.6,6.0,2.2,3.0,2.9,0,0,Cloud/DevOps Engineer,0,SYNTHETIC,87.5,84.0
ST03108,Student ST03108,ISE,8,7.66,68.3,79.3,0,5.9,3.6,5.2,6.9,2.6,4.2,4.7,4.0,1,1,2,0,0,6.4,8.1,7.4,7.0,5.8,5.8,1,0,Data Analyst,1,SYNTHETIC,91.3,92.2
ST03109,Student ST03109,CSE,7,7.31,75.0,71.7,0,3.8,3.6,3.2,3.8,4.4,1.4,2.4,4.4,1,2,1,0,0,7.5,8.4,3.7,4.9,4.8,5.2,1,0,Full-Stack Developer,1,SYNTHETIC,86.8,88.8
ST03110,Student ST03110,Mechanical,7,6.48,68.1,66.8,0,4.7,3.4,4.7,5.8,2.6,4.8,4.8,2.6,2,2,2,0,1,6.5,6.3,5.4,5.6,5.6,6.1,2,0,Cybersecurity Specialist,1,SYNTHETIC,90.2,78.0
ST03111,Student ST03111,ECE,7,7.82,77.0,74.9,0,6.2,6.1,5.7,6.3,7.4,5.5,5.5,5.0,0,4,2,0,0,4.3,8.1,7.0,5.0,4.6,6.0,0,0,Data Analyst,0,SYNTHETIC,98.4,87.5
ST03112,Student ST03112,CSE,7,6.02,58.1,59.0,0,1.4,2.5,4.6,3.6,1.0,1.8,4.6,1.0,1,1,1,0,0,4.3,6.1,3.4,6.8,7.5,4.7,1,0,Cloud/DevOps Engineer,0,SYNTHETIC,90.7,94.9
ST03113,Student ST03113,Mechanical,7,7.92,88.5,71.5,0,8.5,7.9,6.5,8.4,7.0,4.2,5.7,3.4,0,6,2,1,0,7.3,6.5,8.6,5.7,3.9,7.4,0,0,AI/ML Engineer,0,SYNTHETIC,75.5,84.5
ST03114,Student ST03114,CSE,8,5.54,55.0,64.6,0,6.9,4.6,4.1,4.0,2.9,4.9,5.0,5.1,0,2,2,0,1,4.6,4.4,5.0,4.5,4.9,6.2,1,0,Cybersecurity Specialist,1,SYNTHETIC,92.8,72.1
ST03115,Student ST03115,CSE,7,8.41,83.2,86.0,0,5.1,7.0,6.0,6.6,4.1,5.7,5.6,2.0,3,3,2,2,0,6.3,7.5,5.5,8.5,9.0,7.4,1,0,Data Analyst,1,SYNTHETIC,78.0,92.8
ST03116,Student ST03116,Mechanical,7,7.38,72.5,76.9,0,4.7,2.1,4.7,1.5,1.9,3.8,3.5,1.0,1,3,1,0,0,6.4,8.3,3.2,7.3,7.1,5.1,1,0,Cloud/DevOps Engineer,0,SYNTHETIC,84.8,83.6
ST03117,Student ST03117,ECE,7,8.16,81.2,80.7,0,5.3,5.4,4.8,6.7,3.4,1.4,3.8,1.0,1,4,2,1,1,6.3,8.0,5.9,9.3,9.3,6.2,0,0,Cybersecurity Specialist,1,SYNTHETIC,87.9,62.2
ST03118,Student ST03118,CSE,7,7.4,70.7,70.7,0,5.5,2.4,1.4,3.0,4.2,3.9,2.9,4.3,1,5,1,0,0,3.9,3.9,4.7,6.0,4.4,4.8,0,0,Data Analyst,1,SYNTHETIC,78.2,79.4
ST03119,Student ST03119,Mechanical,7,8.19,74.5,77.1,0,5.1,4.9,8.4,5.3,3.2,4.0,4.0,1.0,1,2,1,0,1,7.2,7.3,6.2,5.8,4.5,5.9,0,0,Data Analyst,0,SYNTHETIC,87.0,80.4
ST03120,Student ST03120,Mechanical,8,8.65,79.7,86.4,0,7.6,4.7,5.4,6.4,2.5,5.1,2.7,3.4,2,2,2,1,0,7.0,6.4,8.1,6.3,7.2,6.7,0,0,Cybersecurity Specialist,1,SYNTHETIC,92.9,68.5
ST03121,Student ST03121,ISE,8,7.03,75.4,74.9,0,5.9,4.6,6.5,3.1,7.3,5.5,4.2,3.7,0,1,1,1,0,6.5,6.2,5.0,6.4,7.6,7.1,0,0,Full-Stack Developer,0,SYNTHETIC,86.0,77.0
ST03122,Student ST03122,Mechanical,7,7.0,68.0,77.4,1,5.3,7.0,4.0,2.0,2.9,4.1,3.4,5.2,4,2,1,0,0,6.3,8.5,3.3,7.3,8.5,5.9,2,0,Data Analyst,0,SYNTHETIC,81.2,93.5
ST03123,Student ST03123,ECE,7,7.14,68.3,69.9,0,4.8,4.5,5.6,6.3,3.9,3.7,1.3,2.5,1,6,2,0,0,5.7,7.8,6.1,4.6,5.5,5.7,1,0,AI/ML Engineer,0,SYNTHETIC,80.3,61.5
ST03124,Student ST03124,CSE,8,8.8,84.7,88.2,0,6.9,9.5,9.6,6.3,3.4,6.0,3.5,3.5,0,3,2,1,1,7.0,6.4,7.2,6.3,7.0,6.9,1,0,Data Analyst,1,SYNTHETIC,96.8,85.3
ST03125,Student ST03125,CSE,8,7.11,70.6,73.0,0,4.4,4.3,3.2,6.0,4.9,5.5,2.3,2.5,1,2,1,0,1,10.0,4.4,4.9,5.4,4.1,6.8,0,0,Cloud/DevOps Engineer,1,SYNTHETIC,98.5,61.6
ST03126,Student ST03126,ISE,7,6.05,61.5,61.2,0,5.0,6.4,5.6,6.5,3.0,6.3,1.0,1.0,2,3,2,0,1,5.6,4.6,6.1,8.0,7.8,6.6,1,0,Cloud/DevOps Engineer,0,SYNTHETIC,79.7,90.7
ST03127,Student ST03127,CSE,7,6.93,71.3,64.4,0,2.3,4.0,2.4,3.0,2.5,2.4,1.0,2.3,0,5,1,0,0,8.3,6.9,2.3,6.6,5.3,3.5,0,0,AI/ML Engineer,1,SYNTHETIC,95.9,88.5
ST03128,Student ST03128,CSE,8,6.84,72.2,72.8,0,6.6,6.6,6.2,5.4,8.2,4.7,3.3,3.4,1,1,2,0,0,4.4,5.8,5.8,5.8,5.4,6.7,3,0,Full-Stack Developer,1,SYNTHETIC,94.8,71.8
ST03129,Student ST03129,CSE,8,9.41,89.4,92.7,0,6.8,4.5,8.0,6.2,6.4,5.8,6.1,4.7,3,1,2,1,1,9.7,7.3,6.5,5.0,6.9,4.9,1,0,Cybersecurity Specialist,0,SYNTHETIC,82.0,63.1
ST03130,Student ST03130,CSE,7,7.04,75.3,73.8,0,7.5,6.1,6.2,6.0,5.1,3.4,3.5,5.1,1,3,2,2,1,7.1,5.6,7.2,8.2,7.7,6.6,0,0,Full-Stack Developer,1,SYNTHETIC,75.5,70.0
ST03131,Student ST03131,ISE,8,6.54,71.9,69.4,0,5.3,4.1,5.1,5.0,2.8,2.5,3.3,3.1,1,1,1,0,0,5.8,6.7,4.2,6.0,4.7,5.3,1,0,Cloud/DevOps Engineer,0,SYNTHETIC,85.3,94.5
ST03132,Student ST03132,CSE,7,6.46,64.3,66.6,0,3.1,3.8,4.8,5.3,4.2,3.2,4.2,1.8,2,2,1,0,0,7.0,7.0,5.1,7.6,8.5,5.3,1,1,Cloud/DevOps Engineer,0,SYNTHETIC,93.8,89.5
ST03133,Student ST03133,CSE,7,7.43,72.9,75.9,0,3.7,4.9,4.0,5.9,1.7,5.2,1.0,1.0,2,2,1,0,2,6.7,4.9,5.0,5.0,5.0,4.8,0,0,Data Analyst,0,SYNTHETIC,96.0,92.7
ST03134,Student ST03134,ISE,7,7.97,88.2,81.1,0,5.9,6.1,4.2,3.6,5.6,2.9,5.7,3.5,2,2,1,1,1,6.3,4.6,3.6,4.0,3.6,3.3,1,0,Data Analyst,0,SYNTHETIC,92.4,88.2
ST03135,Student ST03135,ECE,7,8.53,79.4,80.2,0,5.3,5.4,7.0,7.3,5.0,6.7,1.0,6.5,1,2,2,0,0,6.6,8.3,6.9,4.7,4.3,6.6,0,0,Full-Stack Developer,1,SYNTHETIC,75.6,90.4
ST03136,Student ST03136,CSE,8,8.38,82.7,82.5,0,6.1,8.6,7.1,6.8,5.5,6.8,5.7,4.1,2,2,2,3,0,6.1,4.9,7.2,6.0,6.1,6.0,1,0,Full-Stack Developer,1,SYNTHETIC,96.4,92.9
ST03137,Student ST03137,ISE,7,7.03,70.4,69.1,0,4.3,5.2,2.8,1.8,5.0,3.1,4.9,3.4,1,3,1,0,0,4.8,5.3,2.2,5.6,5.3,3.6,1,0,QA Specialist,0,SYNTHETIC,93.7,74.7
ST03138,Student ST03138,ECE,8,6.91,69.1,68.6,0,2.9,4.8,5.5,3.4,3.1,3.9,3.4,2.1,1,6,1,0,0,6.6,6.2,2.2,6.5,5.5,5.1,0,0,Cloud/DevOps Engineer,1,SYNTHETIC,77.9,84.8
ST03139,Student ST03139,Mechanical,8,8.26,76.5,82.7,0,5.6,6.3,5.5,7.5,2.7,6.3,1.8,3.2,0,2,2,0,0,8.3,6.8,7.3,4.6,4.8,6.5,1,0,AI/ML Engineer,1,SYNTHETIC,83.6,61.1
ST03140,Student ST03140,ISE,7,6.88,67.1,76.5,0,7.8,4.7,5.0,5.3,2.7,5.8,3.0,3.2,1,2,2,0,0,5.1,5.5,6.6,9.2,7.8,6.0,1,1,QA Specialist,1,SYNTHETIC,79.5,78.8
ST03141,Student ST03141,Mechanical,8,7.97,82.8,78.5,0,4.4,5.1,3.8,4.5,2.6,4.9,3.8,5.0,1,3,1,1,0,5.4,4.7,5.3,9.3,8.3,5.7,1,0,AI/ML Engineer,1,SYNTHETIC,91.6,86.5
ST03142,Student ST03142,Mechanical,7,8.22,85.4,79.4,0,5.3,4.2,5.3,4.2,3.6,4.6,2.7,5.4,0,1,1,0,0,5.6,6.5,5.2,6.9,7.5,7.1,0,0,Cloud/DevOps Engineer,1,SYNTHETIC,91.1,71.0
ST03143,Student ST03143,CSE,7,5.6,63.0,57.3,0,6.9,4.3,5.3,4.5,4.2,6.2,3.6,2.3,2,2,2,0,0,5.1,4.3,5.5,6.6,7.1,7.0,3,0,Cybersecurity Specialist,1,SYNTHETIC,81.3,64.6
ST03144,Student ST03144,CSE,7,5.83,68.2,59.3,0,5.7,5.0,3.4,5.5,4.4,4.1,4.0,1.0,1,2,2,0,0,5.1,5.8,5.8,5.6,6.9,5.0,1,0,Cybersecurity Specialist,1,SYNTHETIC,79.1,83.1
ST03145,Student ST03145,Mechanical,7,7.06,65.8,69.6,0,4.0,4.0,4.8,7.1,5.3,2.1,1.0,3.3,1,3,2,1,1,6.5,6.9,6.4,7.7,5.4,5.2,1,0,QA Specialist,0,SYNTHETIC,79.9,90.6
ST03146,Student ST03146,ISE,8,8.39,88.6,85.5,0,5.9,6.0,7.6,6.3,4.7,6.3,3.6,3.7,1,1,2,2,0,5.6,7.3,6.2,2.2,1.0,3.7,0,0,Data Analyst,1,SYNTHETIC,88.9,72.5
ST03147,Student ST03147,ISE,8,7.96,89.9,84.1,0,6.1,4.9,5.5,4.0,4.5,3.9,2.4,2.6,0,2,1,0,0,7.5,7.0,5.5,7.5,9.1,4.7,0,1,Cybersecurity Specialist,0,SYNTHETIC,98.3,62.3
ST03148,Student ST03148,Mechanical,8,7.19,74.5,78.6,0,5.0,5.3,4.4,3.3,3.3,4.0,1.0,1.3,0,3,1,1,2,6.4,8.1,4.3,8.3,7.7,3.7,1,1,Full-Stack Developer,0,SYNTHETIC,91.1,94.4
ST03149,Student ST03149,CSE,8,7.54,73.8,76.2,0,6.4,5.1,5.2,7.1,8.7,3.9,4.9,4.6,1,1,2,1,0,6.0,5.1,7.1,6.0,6.4,6.2,0,0,QA Specialist,1,SYNTHETIC,77.3,83.6
ST03150,Student ST03150,Mechanical,7,6.72,71.1,64.6,0,5.1,3.1,4.1,4.4,3.3,4.5,2.8,2.3,2,1,1,1,0,6.2,5.2,5.3,7.0,6.3,6.1,0,0,Full-Stack Developer,1,SYNTHETIC,93.0,66.4
ST03151,Student ST03151,ISE,7,6.25,61.4,70.9,0,3.1,3.9,5.2,5.6,2.8,2.1,3.5,3.3,3,2,1,0,0,7.1,6.2,3.0,8.3,7.5,5.4,2,0,QA Specialist,1,SYNTHETIC,75.4,89.1
ST03152,Student ST03152,CSE,8,7.84,87.7,83.1,0,3.4,5.1,3.2,2.7,2.3,4.8,4.1,1.0,1,3,1,2,0,7.9,4.5,3.7,5.1,3.2,4.2,1,0,AI/ML Engineer,1,SYNTHETIC,93.6,94.1
ST03153,Student ST03153,CSE,8,7.99,78.9,81.7,0,5.6,2.4,5.3,4.1,2.9,1.4,5.3,3.9,1,1,1,2,0,6.6,5.9,5.2,8.4,8.6,5.0,0,0,Data Analyst,1,SYNTHETIC,80.2,74.3
ST03154,Student ST03154,Mechanical,7,7.75,80.0,79.9,0,5.6,5.0,4.6,3.5,3.1,4.4,4.2,2.8,1,2,1,0,1,6.4,8.2,5.2,6.9,6.3,4.0,1,0,Cloud/DevOps Engineer,0,SYNTHETIC,90.8,65.1
ST03155,Student ST03155,ECE,8,6.51,66.6,65.4,0,6.3,2.9,7.0,4.8,5.1,6.2,2.4,5.3,1,1,2,0,0,5.4,6.0,5.9,7.7,8.8,5.7,1,0,Data Analyst,1,SYNTHETIC,87.7,87.0
ST03156,Student ST03156,CSE,7,7.57,75.2,77.3,0,7.3,7.8,5.7,5.8,4.7,6.3,4.7,6.4,1,2,2,0,0,5.1,8.9,5.8,7.7,6.0,6.7,0,1,Cybersecurity Specialist,0,SYNTHETIC,80.4,91.4
ST03157,Student ST03157,Mechanical,8,10.0,91.9,97.0,0,5.7,6.7,10.0,6.5,8.0,6.2,4.8,3.7,2,1,2,1,1,8.1,7.2,7.5,5.0,5.3,4.6,2,0,Cybersecurity Specialist,1,SYNTHETIC,78.2,63.6
ST03158,Student ST03158,CSE,7,7.59,79.5,81.0,0,4.9,5.0,5.1,5.0,2.5,2.4,1.0,3.9,2,5,1,1,0,7.7,5.5,5.4,6.7,6.5,5.8,2,0,Cybersecurity Specialist,1,SYNTHETIC,76.9,84.8
ST03159,Student ST03159,ISE,7,6.7,61.9,71.1,0,5.2,5.4,6.7,4.2,4.0,3.5,1.0,2.4,2,2,1,0,0,7.5,5.1,5.6,3.3,1.6,3.0,0,0,Cloud/DevOps Engineer,0,SYNTHETIC,88.9,69.1
ST03160,Student ST03160,CSE,8,7.82,76.0,72.7,0,5.9,6.1,5.3,7.1,4.0,5.8,2.9,4.2,0,4,2,1,0,8.5,7.1,6.3,5.8,6.3,5.9,1,0,Cloud/DevOps Engineer,1,SYNTHETIC,86.5,89.4
ST03161,Student ST03161,CSE,8,8.15,78.9,81.3,0,5.4,4.4,5.1,4.7,3.4,4.8,3.9,3.5,1,1,1,1,0,5.4,5.5,4.4,6.6,5.6,5.8,0,0,AI/ML Engineer,0,SYNTHETIC,95.6,67.0
ST03162,Student ST03162,Mechanical,8,7.23,76.0,73.3,0,3.4,4.5,4.6,2.3,1.9,3.6,1.5,1.5,3,2,1,0,1,7.2,7.5,1.2,4.8,6.2,3.9,0,0,AI/ML Engineer,0,SYNTHETIC,86.8,82.8
ST03163,Student ST03163,ISE,8,8.18,79.4,82.8,0,3.5,5.0,9.1,4.8,4.0,5.3,3.2,1.9,2,1,1,0,2,8.1,5.6,3.0,9.4,9.0,5.2,0,0,Full-Stack Developer,1,SYNTHETIC,79.0,61.2
ST03164,Student ST03164,CSE,8,7.17,69.6,66.6,0,5.5,6.7,4.6,6.9,3.7,4.7,6.0,3.6,0,3,2,1,0,5.7,7.1,6.3,4.4,4.5,7.3,0,0,QA Specialist,1,SYNTHETIC,89.8,72.5
ST03165,Student ST03165,ECE,8,6.69,65.6,69.1,0,4.0,4.8,4.7,4.2,1.4,3.7,1.3,1.0,1,3,1,0,0,5.5,5.0,3.6,7.9,8.3,5.1,2,0,AI/ML Engineer,0,SYNTHETIC,80.1,94.8
ST03166,Student ST03166,Mechanical,8,6.61,60.7,78.9,0,4.8,4.3,6.1,5.3,1.0,4.2,1.0,3.1,3,3,1,0,0,6.6,6.8,5.2,5.0,3.2,4.4,1,0,Data Analyst,0,SYNTHETIC,82.7,78.8
ST03167,Student ST03167,CSE,7,7.29,74.8,66.7,0,5.8,4.8,3.7,5.5,3.1,5.8,1.0,1.8,1,5,2,1,1,4.7,5.5,5.7,6.4,6.2,5.0,0,0,AI/ML Engineer,1,SYNTHETIC,79.4,79.5
ST03168,Student ST03168,Mechanical,7,8.8,83.3,95.0,0,8.4,6.2,7.6,7.5,4.7,6.2,7.2,3.1,0,5,2,0,0,6.6,9.0,8.2,7.3,8.3,7.9,0,1,Cybersecurity Specialist,1,SYNTHETIC,96.0,64.5
ST03169,Student ST03169,CSE,7,7.25,74.5,79.0,0,3.6,5.5,6.6,2.5,2.7,4.4,2.9,2.7,0,6,1,0,0,5.5,7.2,2.8,6.5,5.3,4.9,0,0,AI/ML Engineer,1,SYNTHETIC,90.2,85.7
ST03170,Student ST03170,CSE,8,8.22,80.0,81.7,0,2.3,4.4,5.4,5.8,3.4,5.7,2.7,4.7,3,5,1,0,0,7.5,6.4,4.4,4.8,3.2,4.8,0,0,QA Specialist,1,SYNTHETIC,96.8,62.1
ST03171,Student ST03171,ECE,7,6.97,69.6,72.2,0,6.5,4.8,3.5,7.4,4.1,4.9,2.8,1.0,0,1,2,0,0,6.3,7.0,7.2,5.9,6.6,6.2,0,0,Cloud/DevOps Engineer,1,SYNTHETIC,98.0,89.9
ST03172,Student ST03172,CSE,8,6.2,64.4,62.0,0,5.2,1.0,4.1,2.8,3.0,5.2,1.0,1.0,2,3,1,0,0,5.2,6.1,4.3,5.9,5.3,4.1,1,0,QA Specialist,1,SYNTHETIC,93.2,93.6
ST03173,Student ST03173,CSE,7,7.15,74.7,70.6,0,3.9,5.7,5.3,6.4,1.8,1.8,1.9,4.2,1,2,1,0,1,6.2,5.8,5.3,6.4,3.7,5.2,1,0,QA Specialist,1,SYNTHETIC,89.3,92.2
ST03174,Student ST03174,Mechanical,7,7.51,67.8,72.0,0,4.8,4.8,2.8,6.2,2.0,1.4,4.3,1.4,1,1,2,0,0,6.8,5.5,6.0,5.6,4.9,6.3,0,0,Cybersecurity Specialist,1,SYNTHETIC,91.4,74.9
ST03175,Student ST03175,ISE,7,7.2,71.6,78.4,0,3.9,2.9,3.9,7.0,1.0,4.9,2.6,3.2,2,3,2,1,1,9.2,7.9,5.8,6.7,7.3,4.8,0,0,AI/ML Engineer,1,SYNTHETIC,83.0,66.1
ST03176,Student ST03176,Mechanical,7,8.11,90.3,76.9,0,8.3,7.3,7.8,5.6,3.3,5.2,4.7,3.4,0,2,2,1,0,6.1,6.2,6.0,6.5,5.1,6.0,0,0,Cybersecurity Specialist,1,SYNTHETIC,98.4,65.2
ST03177,Student ST03177,CSE,8,8.19,81.4,74.8,0,6.5,7.2,7.7,5.5,3.0,4.6,4.0,4.5,2,2,2,0,0,6.5,6.8,5.7,6.3,5.5,6.2,2,0,Full-Stack Developer,1,SYNTHETIC,78.0,91.6
ST03178,Student ST03178,CSE,8,8.0,81.4,70.0,0,3.4,7.5,5.4,4.1,4.1,3.1,3.0,4.0,0,1,1,1,1,8.7,6.1,5.6,5.9,5.8,4.8,4,0,QA Specialist,1,SYNTHETIC,75.0,75.9
ST03179,Student ST03179,ECE,7,8.12,77.2,80.1,0,6.3,3.4,3.8,7.0,2.3,2.7,3.8,2.4,1,6,2,1,1,6.3,7.5,7.0,6.9,7.4,6.5,1,0,Cloud/DevOps Engineer,1,SYNTHETIC,81.6,63.1
ST03180,Student ST03180,ECE,7,7.49,75.2,77.3,0,3.9,4.5,3.6,4.2,1.8,1.9,2.6,1.0,1,1,1,0,1,6.5,7.9,3.3,6.6,6.3,5.9,0,0,AI/ML Engineer,0,SYNTHETIC,94.1,61.1
ST03181,Student ST03181,ISE,8,9.2,90.8,87.6,0,4.9,5.3,5.3,6.2,7.0,6.6,5.1,2.9,0,6,2,0,0,6.5,7.0,6.3,8.8,7.0,6.5,0,0,Cloud/DevOps Engineer,1,SYNTHETIC,95.2,93.0
ST03182,Student ST03182,ECE,7,8.87,81.5,89.8,0,5.5,6.6,7.2,8.4,5.7,4.2,2.6,3.9,0,2,2,1,0,6.7,7.2,6.8,5.9,4.9,7.3,1,0,QA Specialist,0,SYNTHETIC,96.2,67.7
ST03183,Student ST03183,ISE,8,7.87,79.5,74.1,0,2.7,7.2,1.4,6.3,3.8,2.3,3.7,1.2,2,5,1,1,0,6.4,5.4,3.5,6.7,6.7,6.8,0,0,Cybersecurity Specialist,0,SYNTHETIC,95.7,78.1
ST03184,Student ST03184,CSE,7,7.87,81.1,83.5,0,5.4,2.5,2.8,3.8,2.8,1.8,1.6,1.9,1,5,1,0,1,7.9,7.4,5.0,5.1,5.1,3.5,0,0,Cloud/DevOps Engineer,1,SYNTHETIC,96.7,78.3
ST03185,Student ST03185,CSE,7,6.3,68.2,65.0,0,4.6,4.3,4.8,4.6,1.0,4.1,1.7,2.6,2,2,1,0,1,6.1,6.7,5.1,7.6,8.3,5.9,0,0,Cybersecurity Specialist,1,SYNTHETIC,76.2,87.3
ST03186,Student ST03186,CSE,7,8.93,86.3,91.2,0,5.4,2.7,7.5,6.2,3.1,7.3,3.5,5.4,1,1,2,0,0,5.8,5.9,6.0,8.3,7.3,6.7,2,0,QA Specialist,1,SYNTHETIC,76.1,68.8
ST03187,Student ST03187,ECE,7,7.7,76.5,75.9,0,7.0,6.7,7.2,6.3,4.7,6.8,4.1,1.5,1,2,2,1,1,6.4,7.2,6.9,5.2,5.6,6.3,0,0,AI/ML Engineer,1,SYNTHETIC,90.1,93.6
ST03188,Student ST03188,CSE,7,7.56,77.0,75.7,0,6.2,4.0,3.9,4.2,3.3,4.6,3.6,2.0,1,2,1,0,1,8.0,8.0,5.5,5.0,6.2,5.0,1,0,Data Analyst,1,SYNTHETIC,85.8,61.9
ST03189,Student ST03189,ECE,8,6.64,73.0,63.7,0,6.1,6.2,7.2,2.2,2.8,6.5,2.4,3.2,2,1,1,0,0,5.3,8.4,3.3,6.7,5.6,3.7,0,0,Cybersecurity Specialist,0,SYNTHETIC,76.6,62.2
ST03190,Student ST03190,CSE,8,8.62,76.4,84.5,0,6.0,2.9,4.9,6.2,4.2,4.1,3.7,5.8,4,1,2,1,0,8.6,6.8,5.6,7.0,7.1,5.3,0,0,Full-Stack Developer,1,SYNTHETIC,93.0,63.5
ST03191,Student ST03191,CSE,8,6.3,59.8,71.7,0,4.3,2.4,5.1,4.0,2.6,3.2,3.2,2.3,1,4,1,0,0,6.7,4.8,3.4,5.2,4.3,3.9,0,0,Cybersecurity Specialist,0,SYNTHETIC,81.8,64.9
ST03192,Student ST03192,ISE,8,7.77,79.5,70.9,0,5.0,4.3,7.6,8.2,4.8,6.4,5.3,3.9,0,5,2,0,0,4.0,7.2,7.7,6.1,6.4,6.4,0,0,AI/ML Engineer,1,SYNTHETIC,77.6,60.4
ST03193,Student ST03193,CSE,7,8.38,82.3,83.9,0,7.9,5.6,8.8,7.7,4.5,5.5,4.4,2.2,0,4,2,0,0,7.8,4.9,7.6,4.3,3.7,4.7,0,0,QA Specialist,1,SYNTHETIC,89.1,90.3
ST03194,Student ST03194,CSE,7,7.17,71.0,74.0,0,3.5,3.7,2.3,2.3,5.2,3.9,1.0,1.0,2,1,1,0,1,6.0,6.4,3.6,8.5,8.3,4.5,1,1,Cloud/DevOps Engineer,1,SYNTHETIC,90.8,77.4
ST03195,Student ST03195,ISE,7,8.14,84.3,81.8,0,6.0,6.6,5.4,4.4,3.1,7.1,2.2,6.7,2,4,1,2,2,7.7,7.8,5.2,6.1,4.6,5.8,0,0,QA Specialist,1,SYNTHETIC,94.0,72.7
ST03196,Student ST03196,CSE,7,6.78,68.7,76.0,0,4.7,3.5,5.8,5.0,5.2,5.6,3.9,5.0,1,2,1,2,0,6.3,5.7,3.6,6.4,6.3,6.0,1,0,Cloud/DevOps Engineer,0,SYNTHETIC,95.8,89.9
ST03197,Student ST03197,CSE,7,7.81,79.8,77.3,0,7.0,5.5,3.6,5.1,2.7,8.9,2.2,4.9,1,3,2,0,0,7.3,6.3,6.6,8.5,7.5,7.4,1,0,Cloud/DevOps Engineer,1,SYNTHETIC,78.6,62.8
ST03198,Student ST03198,CSE,7,6.42,70.0,68.0,0,1.7,2.9,2.7,1.0,1.0,1.2,2.8,1.4,0,1,1,0,0,6.9,7.3,1.0,5.2,5.5,2.6,0,0,Cloud/DevOps Engineer,0,SYNTHETIC,91.4,82.7
ST03199,Student ST03199,Mechanical,8,8.17,81.1,84.9,0,5.9,5.2,6.0,5.3,4.8,4.9,4.5,4.2,0,1,2,1,0,7.0,5.4,4.3,6.0,5.0,6.6,0,0,Cloud/DevOps Engineer,0,SYNTHETIC,91.8,80.0
ST03200,Student ST03200,CSE,7,7.82,77.7,74.3,0,5.8,7.2,8.6,4.8,6.3,5.7,4.6,5.1,1,2,2,1,0,7.2,8.1,4.1,4.8,4.2,3.5,0,0,AI/ML Engineer,0,SYNTHETIC,80.4,91.9
ST03201,Student ST03201,CSE,8,8.1,85.9,85.8,0,5.3,5.1,5.2,8.2,4.2,5.4,4.4,4.9,1,2,2,0,2,6.7,7.8,6.1,6.2,5.4,5.8,1,0,Cybersecurity Specialist,1,SYNTHETIC,81.6,88.2
ST03202,Student ST03202,ECE,7,6.27,63.1,72.1,0,3.0,3.2,3.7,2.9,3.0,5.7,3.1,3.2,1,1,1,1,0,5.8,6.1,4.6,6.1,6.8,5.7,0,0,Cloud/DevOps Engineer,1,SYNTHETIC,82.0,63.8
ST03203,Student ST03203,ECE,8,6.1,62.8,60.6,0,4.7,4.3,5.4,3.4,1.0,5.7,3.3,3.1,4,1,1,0,0,6.6,6.9,3.3,6.5,5.7,4.6,1,0,Cybersecurity Specialist,0,SYNTHETIC,95.3,83.5
ST03204,Student ST03204,ECE,8,7.49,70.1,80.4,0,3.3,5.4,6.0,6.7,5.4,5.8,3.7,1.5,2,1,1,1,1,7.3,4.5,5.7,5.1,5.5,5.7,1,0,Cloud/DevOps Engineer,0,SYNTHETIC,82.0,85.2
ST03205,Student ST03205,CSE,8,5.67,55.0,68.1,0,2.7,3.0,2.1,2.6,1.0,4.2,2.7,3.7,0,1,1,0,0,3.4,3.9,2.4,6.4,5.5,3.9,0,0,AI/ML Engineer,0,SYNTHETIC,77.0,74.7
ST03206,Student ST03206,Mechanical,8,7.04,79.4,74.7,0,3.3,2.1,2.3,5.2,2.4,5.2,1.0,3.7,0,3,1,2,0,5.3,6.0,3.7,5.5,4.8,3.6,2,0,Data Analyst,1,SYNTHETIC,94.6,87.8
ST03207,Student ST03207,CSE,7,6.99,68.7,71.2,0,3.3,5.3,6.5,4.1,1.0,5.2,3.3,3.8,2,2,1,0,0,5.3,5.9,4.9,6.9,7.0,4.8,2,0,Cybersecurity Specialist,1,SYNTHETIC,86.1,86.7
ST03208,Student ST03208,CSE,7,6.77,67.0,76.9,0,4.3,3.8,4.9,2.8,2.4,5.9,2.4,1.0,1,1,1,0,0,6.0,7.6,5.1,6.5,7.4,4.9,0,0,Cybersecurity Specialist,1,SYNTHETIC,85.5,65.9
ST03209,Student ST03209,CSE,8,6.29,63.4,64.5,0,3.7,4.3,5.1,5.0,1.8,4.6,4.8,4.4,1,3,1,0,1,4.7,5.5,4.9,6.1,6.6,3.8,0,0,Cybersecurity Specialist,0,SYNTHETIC,92.3,82.1
ST03210,Student ST03210,CSE,7,7.3,75.1,78.1,0,5.1,3.4,5.4,5.0,1.9,4.6,2.1,2.2,2,3,1,1,1,6.8,6.2,5.8,5.2,7.3,4.8,1,0,Cloud/DevOps Engineer,1,SYNTHETIC,86.6,66.7
ST03211,Student ST03211,ISE,7,8.38,86.2,81.6,0,4.2,6.4,6.6,6.0,3.6,5.3,2.4,4.4,0,4,1,2,0,10.0,7.0,4.3,6.7,6.5,5.2,2,0,Data Analyst,1,SYNTHETIC,78.8,70.8
ST03212,Student ST03212,CSE,8,9.5,91.6,92.4,0,6.7,8.1,7.1,10.0,2.3,5.2,6.1,1.7,0,3,2,1,1,6.9,8.3,9.4,6.0,5.2,7.4,0,0,QA Specialist,1,SYNTHETIC,97.5,78.7
ST03213,Student ST03213,ECE,8,7.22,68.9,74.0,0,6.1,5.6,4.2,4.9,2.8,5.7,1.0,2.6,3,2,2,0,0,7.0,5.5,5.4,5.6,5.8,5.3,2,0,QA Specialist,0,SYNTHETIC,98.9,65.0
ST03214,Student ST03214,CSE,7,7.08,76.0,76.5,0,5.8,8.0,6.9,4.7,3.1,6.7,4.7,2.2,1,1,1,1,0,6.4,7.1,4.9,6.6,6.1,5.1,1,0,Full-Stack Developer,1,SYNTHETIC,76.6,94.2
ST03215,Student ST03215,CSE,7,8.27,76.4,80.6,0,4.2,6.1,5.8,4.7,5.5,5.1,3.6,4.3,0,2,1,1,0,6.0,5.5,5.7,4.9,4.4,4.2,0,0,Full-Stack Developer,0,SYNTHETIC,87.4,86.5
ST03216,Student ST03216,Mechanical,8,7.88,81.7,75.3,0,5.1,6.1,5.7,6.2,3.9,5.5,4.7,2.5,1,1,2,1,0,6.5,7.1,6.1,6.5,6.3,5.8,1,0,QA Specialist,1,SYNTHETIC,91.2,88.2
ST03217,Student ST03217,Mechanical,7,6.27,60.5,65.3,0,2.6,3.9,1.9,3.7,3.4,4.1,1.0,1.0,0,2,1,0,0,5.6,4.6,2.6,5.7,4.8,4.5,0,0,Full-Stack Developer,0,SYNTHETIC,89.7,62.9
ST03218,Student ST03218,ISE,7,7.86,81.1,79.8,0,6.9,5.5,8.8,8.8,3.0,6.0,3.6,5.0,1,4,2,2,0,8.0,7.2,7.9,7.2,7.6,6.7,0,1,QA Specialist,1,SYNTHETIC,89.5,61.8
ST03219,Student ST03219,CSE,7,7.37,76.8,74.8,0,4.7,7.6,8.4,6.3,5.7,4.6,4.2,5.3,1,6,2,1,0,5.3,7.4,5.6,7.7,7.1,7.4,2,0,Cloud/DevOps Engineer,1,SYNTHETIC,97.4,70.3
ST03220,Student ST03220,ECE,8,6.98,62.1,68.8,0,4.8,6.4,6.6,6.7,3.8,7.2,4.7,5.6,1,1,2,0,1,6.4,7.4,6.8,5.8,5.7,5.5,1,0,AI/ML Engineer,0,SYNTHETIC,83.1,78.1
ST03221,Student ST03221,ECE,7,7.36,76.2,74.9,0,3.9,3.2,4.7,2.5,3.5,3.3,3.5,2.0,1,4,1,0,0,6.3,5.4,3.1,6.0,7.1,3.1,0,0,Cybersecurity Specialist,1,SYNTHETIC,85.4,64.7
ST03222,Student ST03222,CSE,7,6.39,64.0,70.3,0,5.4,4.0,5.5,5.5,4.0,5.1,3.4,1.7,1,4,2,0,0,4.8,5.1,6.4,6.0,6.5,4.9,1,0,Cloud/DevOps Engineer,1,SYNTHETIC,88.7,78.3
ST03223,Student ST03223,Mechanical,8,5.71,56.9,64.7,1,4.5,4.6,3.8,4.8,2.7,2.0,1.0,1.0,1,2,1,0,0,3.8,5.2,3.8,6.1,5.1,4.7,0,0,Cloud/DevOps Engineer,0,SYNTHETIC,94.9,77.3
ST03224,Student ST03224,Mechanical,8,9.12,82.3,86.0,0,6.4,7.9,7.7,7.5,2.6,7.6,6.5,3.6,0,3,2,2,1,7.1,6.2,6.9,6.5,7.2,7.2,0,0,AI/ML Engineer,1,SYNTHETIC,84.2,69.6
ST03225,Student ST03225,Mechanical,8,7.16,73.3,72.4,0,9.2,4.1,6.2,4.6,5.2,7.3,3.5,4.7,1,4,2,1,1,6.1,4.9,7.3,6.4,5.1,8.9,1,0,AI/ML Engineer,1,SYNTHETIC,93.0,76.6
ST03226,Student ST03226,Mechanical,7,6.22,65.9,67.0,0,3.1,3.3,1.9,4.0,1.7,3.1,3.5,2.9,1,3,1,0,2,5.4,5.3,3.1,4.3,4.4,3.3,0,0,Cybersecurity Specialist,0,SYNTHETIC,80.9,94.2
ST03227,Student ST03227,Mechanical,7,10.0,98.0,92.3,0,5.7,6.3,7.2,8.9,6.3,4.7,6.1,3.6,1,2,2,1,0,6.6,7.0,6.9,5.7,5.6,7.7,0,0,Cloud/DevOps Engineer,1,SYNTHETIC,82.1,68.5
ST03228,Student ST03228,CSE,8,10.0,98.0,93.8,0,6.7,10.0,7.6,7.7,2.8,5.9,3.0,5.6,1,2,2,2,0,7.5,7.7,7.6,3.8,2.8,5.4,1,0,Data Analyst,1,SYNTHETIC,80.5,88.1
ST03229,Student ST03229,ECE,8,8.06,81.4,81.1,0,3.1,2.4,3.4,2.6,1.0,2.5,1.3,3.0,0,3,1,1,1,8.1,4.9,2.2,6.5,5.3,4.7,0,0,Cybersecurity Specialist,0,SYNTHETIC,86.6,83.4
ST03230,Student ST03230,Mechanical,8,8.21,85.6,76.2,0,5.5,7.3,6.7,5.6,4.3,4.1,2.2,2.1,0,4,2,0,0,7.1,7.4,6.8,4.3,5.3,6.3,0,0,AI/ML Engineer,1,SYNTHETIC,93.2,83.5
ST03231,Student ST03231,Mechanical,8,7.38,68.8,77.9,0,4.2,3.6,5.2,3.0,2.9,4.6,2.1,2.5,2,2,1,0,0,7.3,7.8,3.4,5.8,7.0,4.1,0,0,Full-Stack Developer,0,SYNTHETIC,75.4,62.6
ST03232,Student ST03232,ISE,7,7.46,75.3,76.6,0,6.5,4.9,7.4,4.1,3.5,7.0,3.5,1.1,0,6,2,0,1,6.5,6.4,4.5,7.8,7.1,5.0,0,0,Cloud/DevOps Engineer,1,SYNTHETIC,75.9,89.8
ST03233,Student ST03233,CSE,7,5.75,62.9,63.6,0,3.5,4.6,3.6,3.6,1.7,4.5,1.7,2.8,3,2,1,0,1,6.3,4.8,3.6,5.6,5.8,3.1,0,0,Full-Stack Developer,0,SYNTHETIC,86.9,60.4
ST03234,Student ST03234,CSE,8,7.61,78.9,80.1,0,4.8,6.3,6.4,5.9,3.9,6.3,2.3,4.3,0,3,2,0,0,6.2,6.4,5.6,5.0,4.8,5.8,0,0,QA Specialist,1,SYNTHETIC,76.0,93.3
ST03235,Student ST03235,ECE,7,7.36,79.2,73.7,0,8.3,5.2,7.1,5.4,3.9,5.9,3.7,6.6,1,2,2,2,1,6.2,5.7,5.6,5.7,5.6,4.6,1,0,AI/ML Engineer,1,SYNTHETIC,89.1,69.0
ST03236,Student ST03236,ISE,7,6.92,67.0,72.3,0,5.2,5.0,4.9,2.8,1.0,1.3,3.7,2.1,1,2,1,3,0,5.2,7.5,4.2,9.0,8.6,4.3,0,1,Full-Stack Developer,0,SYNTHETIC,87.5,89.8
ST03237,Student ST03237,Mechanical,8,6.56,70.0,62.9,0,5.9,4.4,4.3,4.0,4.7,4.2,5.5,1.0,1,2,1,3,1,2.3,6.7,4.8,8.7,7.1,8.2,2,0,AI/ML Engineer,0,SYNTHETIC,86.8,92.3
ST03238,Student ST03238,ECE,7,6.36,76.5,65.0,0,3.7,1.9,4.7,5.7,1.0,5.1,3.3,3.5,1,3,1,0,0,5.1,5.3,5.6,6.6,7.4,5.5,0,0,Cloud/DevOps Engineer,0,SYNTHETIC,88.3,75.4
ST03239,Student ST03239,CSE,7,6.73,68.0,70.2,0,4.9,4.8,4.5,1.8,4.4,3.8,1.1,5.5,2,1,1,0,1,6.8,6.8,2.5,7.9,7.5,4.5,1,0,Data Analyst,0,SYNTHETIC,89.6,93.7
ST03240,Student ST03240,Mechanical,8,8.31,76.6,76.4,0,7.7,5.1,5.4,5.3,5.8,5.0,3.1,2.5,0,1,2,1,0,6.2,6.5,7.7,3.5,4.2,5.4,1,0,Full-Stack Developer,1,SYNTHETIC,77.1,78.4
ST03241,Student ST03241,CSE,8,9.49,96.1,84.4,0,6.8,8.3,10.0,7.1,5.5,7.7,3.6,7.6,1,2,2,0,1,8.0,7.9,6.0,6.4,5.7,6.7,0,0,Full-Stack Developer,1,SYNTHETIC,95.8,79.7
ST03242,Student ST03242,Mechanical,8,6.1,66.8,65.4,1,5.4,2.4,3.8,2.1,5.7,5.6,1.0,3.0,2,4,1,0,1,6.3,6.0,3.4,5.3,6.3,4.1,0,0,Cloud/DevOps Engineer,0,SYNTHETIC,78.6,73.4
ST03243,Student ST03243,ISE,7,6.19,65.3,70.2,0,1.0,3.0,4.0,4.6,5.1,4.0,2.5,1.7,3,1,1,0,0,4.4,5.5,3.1,6.5,6.1,3.9,1,0,Cybersecurity Specialist,1,SYNTHETIC,98.6,67.1
ST03244,Student ST03244,Mechanical,8,7.58,76.6,75.1,0,6.7,5.4,6.1,7.3,5.5,3.9,2.5,1.9,1,3,2,1,1,6.0,7.1,7.2,2.5,2.4,6.3,0,0,Data Analyst,1,SYNTHETIC,95.5,95.0
ST03245,Student ST03245,Mechanical,8,6.74,73.2,70.6,0,4.0,6.6,4.1,4.3,2.8,3.9,4.3,5.9,2,3,1,0,1,7.5,4.7,4.1,5.3,5.8,5.5,0,0,QA Specialist,1,SYNTHETIC,89.1,68.9
ST03246,Student ST03246,Mechanical,7,6.87,66.7,71.6,0,9.3,6.2,8.2,5.6,4.4,5.4,3.2,4.6,0,6,2,0,0,6.1,6.2,6.4,7.1,7.7,7.5,1,0,Full-Stack Developer,1,SYNTHETIC,94.1,90.8
ST03247,Student ST03247,ECE,7,6.5,73.0,66.0,0,5.1,5.1,6.4,6.4,5.2,3.8,1.2,4.0,2,2,2,1,1,6.9,5.4,7.4,4.3,3.7,5.2,0,0,Cloud/DevOps Engineer,1,SYNTHETIC,83.0,61.5
ST03248,Student ST03248,ISE,7,7.57,72.6,76.1,0,6.3,3.2,3.4,4.3,3.6,1.0,1.1,4.0,0,4,2,0,0,8.1,6.1,5.1,6.8,6.3,4.2,1,0,AI/ML Engineer,1,SYNTHETIC,92.9,81.7
ST03249,Student ST03249,ISE,8,7.27,75.6,70.8,0,2.8,4.6,4.7,5.8,1.0,4.2,5.3,2.5,2,4,1,1,0,4.7,5.2,3.9,6.8,5.8,6.2,1,0,Cloud/DevOps Engineer,1,SYNTHETIC,94.1,66.5
ST03250,Student ST03250,Mechanical,8,7.54,81.4,80.2,0,5.5,3.4,4.1,6.4,2.8,3.3,4.6,1.0,0,4,2,0,0,7.1,7.2,5.4,4.2,4.3,4.7,1,0,Cloud/DevOps Engineer,0,SYNTHETIC,97.7,64.8
ST03251,Student ST03251,CSE,7,7.14,74.9,73.4,0,7.0,4.2,7.0,2.0,7.4,4.7,3.3,4.7,0,3,1,2,0,5.8,4.8,4.4,4.2,3.4,4.0,0,0,AI/ML Engineer,0,SYNTHETIC,90.2,80.9
ST03252,Student ST03252,ISE,8,6.99,68.3,75.3,0,4.2,3.9,5.2,6.5,1.9,6.0,2.8,4.5,2,1,2,0,0,6.9,4.3,6.7,4.2,5.1,4.5,0,0,Data Analyst,0,SYNTHETIC,92.8,60.5
ST03253,Student ST03253,CSE,8,8.05,84.3,77.3,0,6.4,3.3,4.4,2.9,5.2,4.4,4.7,4.1,2,2,1,1,0,6.3,6.0,3.6,8.9,7.2,4.8,0,0,Data Analyst,0,SYNTHETIC,91.8,67.0
ST03254,Student ST03254,Mechanical,8,7.85,78.5,79.8,0,5.4,6.8,4.1,5.4,5.4,3.8,2.1,2.5,0,5,2,0,0,7.0,7.5,6.1,4.7,5.4,5.7,0,0,AI/ML Engineer,1,SYNTHETIC,97.8,89.1
ST03255,Student ST03255,CSE,8,6.74,63.4,72.6,0,3.6,5.9,3.9,7.1,4.3,3.4,1.0,1.7,0,2,2,0,0,7.2,7.2,5.7,7.5,7.8,5.7,0,1,QA Specialist,0,SYNTHETIC,91.2,84.5
ST03256,Student ST03256,ECE,8,7.94,77.2,77.0,0,5.3,6.0,6.7,4.2,3.9,5.8,3.3,5.6,1,2,1,1,1,6.0,5.5,4.5,5.6,4.9,4.4,1,0,Full-Stack Developer,1,SYNTHETIC,90.2,72.4
ST03257,Student ST03257,ECE,8,5.92,61.9,63.0,0,3.0,4.2,4.6,5.6,1.0,3.9,1.8,4.9,4,3,1,0,0,4.5,7.0,4.1,5.4,6.4,3.4,1,0,QA Specialist,1,SYNTHETIC,98.5,61.4
ST03258,Student ST03258,ECE,8,9.05,88.5,92.3,0,4.4,7.4,5.7,6.3,7.1,5.1,6.0,2.4,2,3,2,0,0,6.6,8.2,5.4,8.8,7.5,7.4,0,1,AI/ML Engineer,1,SYNTHETIC,87.5,82.2
ST03259,Student ST03259,ISE,8,7.78,80.5,72.5,0,5.3,4.9,6.0,5.9,4.4,5.1,3.2,2.6,1,1,2,1,0,6.5,7.8,5.9,7.2,8.2,6.8,0,0,Full-Stack Developer,0,SYNTHETIC,79.1,89.4
ST03260,Student ST03260,Mechanical,8,6.13,64.6,64.2,0,3.0,6.8,3.3,4.8,2.8,4.4,1.0,4.5,0,3,1,0,0,6.3,5.2,3.4,4.8,2.7,4.7,1,0,Full-Stack Developer,0,SYNTHETIC,95.5,60.3
ST03261,Student ST03261,CSE,7,8.04,80.7,81.4,0,4.7,3.8,3.6,3.6,3.8,3.0,2.2,3.1,1,3,1,0,1,6.9,5.0,4.1,9.4,9.8,7.2,1,1,Data Analyst,0,SYNTHETIC,95.7,61.4
ST03262,Student ST03262,ECE,7,6.95,75.2,74.1,0,3.8,4.5,2.8,3.6,3.5,2.2,2.7,1.0,0,3,1,1,0,5.9,6.0,2.8,6.5,6.3,4.8,0,0,Data Analyst,1,SYNTHETIC,75.6,82.2
ST03263,Student ST03263,CSE,7,8.29,79.6,73.1,0,6.1,5.3,4.9,6.9,3.3,5.7,3.4,4.0,3,4,2,0,0,7.0,7.6,6.1,3.5,3.2,5.7,0,0,Cybersecurity Specialist,1,SYNTHETIC,77.4,63.5
ST03264,Student ST03264,Mechanical,7,9.13,89.2,89.5,0,4.2,6.8,7.0,7.3,6.2,7.4,4.3,3.9,3,2,2,2,0,7.8,6.6,6.4,6.9,7.4,5.9,0,0,AI/ML Engineer,1,SYNTHETIC,83.7,70.5
ST03265,Student ST03265,CSE,7,6.99,71.1,67.9,0,4.7,5.1,3.5,2.2,3.0,4.3,1.0,4.7,1,1,1,0,0,8.1,5.9,3.0,5.3,5.8,5.8,0,0,Data Analyst,0,SYNTHETIC,78.2,70.0
ST03266,Student ST03266,CSE,7,7.14,69.5,77.3,0,6.2,4.4,6.6,3.4,5.5,2.4,2.1,3.8,1,3,1,1,3,5.3,5.2,5.5,6.7,6.2,5.1,0,0,QA Specialist,1,SYNTHETIC,95.8,86.1
ST03267,Student ST03267,ECE,8,6.31,67.8,64.7,0,5.1,3.5,5.4,7.2,2.7,5.4,3.9,1.6,1,2,2,0,0,4.2,7.6,6.7,6.8,5.4,6.3,0,0,Data Analyst,1,SYNTHETIC,92.4,88.8
ST03268,Student ST03268,ISE,8,6.0,57.5,65.1,0,4.3,5.3,4.1,5.0,2.8,1.2,2.0,1.8,0,2,1,0,1,4.3,4.4,4.6,8.6,9.7,7.4,0,0,Cloud/DevOps Engineer,0,SYNTHETIC,97.2,64.9
ST03269,Student ST03269,CSE,8,6.12,64.1,61.4,0,5.0,6.1,5.5,4.8,3.6,2.9,1.9,3.0,0,1,1,0,0,5.1,6.9,2.7,4.0,5.0,5.6,1,0,AI/ML Engineer,0,SYNTHETIC,88.9,90.7
ST03270,Student ST03270,ECE,8,7.18,76.6,72.1,0,6.4,4.2,5.0,7.1,2.1,5.5,3.5,3.7,0,3,2,2,1,6.7,7.3,7.2,6.2,7.0,6.7,0,0,Cybersecurity Specialist,1,SYNTHETIC,75.8,67.4
ST03271,Student ST03271,ECE,7,7.43,76.2,76.8,0,5.9,4.4,8.0,5.8,3.9,4.1,2.3,3.5,3,1,2,1,0,6.5,7.2,5.6,3.9,5.7,4.9,0,0,Full-Stack Developer,1,SYNTHETIC,95.2,78.8
ST03272,Student ST03272,ISE,7,8.97,89.4,85.3,0,5.4,4.1,4.3,4.4,3.4,4.4,3.3,3.7,2,2,1,0,0,7.9,5.6,5.0,6.5,6.9,5.8,0,0,Data Analyst,0,SYNTHETIC,86.6,77.2
ST03273,Student ST03273,CSE,7,7.31,72.0,74.8,0,6.5,7.1,6.3,6.0,5.6,6.4,5.5,3.8,1,2,2,0,0,7.7,8.4,6.1,4.8,4.7,5.1,0,0,Data Analyst,0,SYNTHETIC,97.8,81.9
ST03274,Student ST03274,CSE,7,6.94,76.7,68.0,0,7.3,2.0,5.6,4.5,2.6,6.4,1.4,4.4,3,1,2,0,0,7.7,5.9,5.8,7.7,6.7,6.6,1,1,Cybersecurity Specialist,1,SYNTHETIC,80.7,85.5
ST03275,Student ST03275,ISE,7,8.13,76.6,87.0,0,5.0,3.7,4.8,2.3,1.7,4.6,3.1,3.8,1,1,1,2,1,6.0,8.4,3.9,3.7,4.0,4.3,1,0,Cybersecurity Specialist,1,SYNTHETIC,80.6,82.0
ST03276,Student ST03276,CSE,8,7.23,68.9,76.6,0,3.1,4.2,6.9,5.9,1.5,2.1,1.7,1.0,4,2,1,1,1,6.3,5.7,5.1,8.7,9.5,5.5,1,0,AI/ML Engineer,1,SYNTHETIC,79.1,78.2
ST03277,Student ST03277,ISE,7,6.64,71.0,76.2,0,4.9,2.8,3.6,3.6,1.7,4.5,2.9,1.0,2,6,1,0,1,5.0,6.2,3.7,8.3,7.8,5.7,3,1,QA Specialist,1,SYNTHETIC,86.5,94.2
ST03278,Student ST03278,ECE,8,8.0,84.3,80.4,0,6.6,3.5,6.7,3.6,4.2,5.9,1.0,3.5,0,1,1,1,1,5.1,5.9,3.4,5.8,6.8,4.5,0,0,Full-Stack Developer,1,SYNTHETIC,75.4,72.3
ST03279,Student ST03279,ECE,8,7.6,78.7,65.1,0,6.7,3.4,4.6,7.4,3.3,6.5,3.8,2.6,2,2,2,0,0,5.4,7.0,6.6,7.3,7.7,7.9,1,0,Cybersecurity Specialist,1,SYNTHETIC,88.2,84.4
ST03280,Student ST03280,ECE,8,7.98,77.3,70.2,0,4.2,3.8,4.6,6.7,5.4,5.3,2.0,2.9,2,3,2,0,1,5.2,5.7,5.4,7.2,5.9,7.0,0,1,Data Analyst,1,SYNTHETIC,85.0,93.0
ST03281,Student ST03281,CSE,8,6.86,73.5,75.3,0,4.8,3.1,5.0,3.6,3.5,1.6,1.0,1.5,1,2,1,0,0,9.7,7.6,3.2,8.1,7.4,5.6,0,0,Cybersecurity Specialist,0,SYNTHETIC,76.4,69.9
ST03282,Student ST03282,ECE,7,7.09,71.2,73.6,0,6.0,6.2,4.7,7.7,4.8,7.0,3.3,2.9,1,2,2,1,0,3.5,6.0,6.2,6.9,7.8,5.9,2,0,Cybersecurity Specialist,1,SYNTHETIC,95.5,88.8
ST03283,Student ST03283,ECE,8,8.03,80.2,77.8,0,6.5,6.1,6.7,5.4,2.6,4.7,4.4,3.5,1,1,2,0,0,7.4,5.3,6.4,5.2,5.0,6.2,2,0,Cybersecurity Specialist,0,SYNTHETIC,87.3,68.0
ST03284,Student ST03284,CSE,7,7.27,78.7,65.9,0,5.3,6.4,5.6,5.6,5.8,4.0,3.3,3.5,1,4,2,0,1,4.9,6.9,6.4,6.0,4.8,6.6,0,0,Cloud/DevOps Engineer,1,SYNTHETIC,96.4,66.1
ST03285,Student ST03285,CSE,7,7.44,81.4,68.8,0,6.8,3.7,5.1,6.7,7.2,4.8,3.7,1.1,2,6,2,0,0,7.0,6.8,6.9,5.3,6.2,4.7,1,0,AI/ML Engineer,1,SYNTHETIC,79.5,64.0
ST03286,Student ST03286,CSE,7,6.66,75.7,73.0,0,7.8,2.8,5.5,2.3,6.2,4.3,6.5,1.0,1,2,1,1,0,5.7,5.8,4.2,8.1,7.4,7.4,3,1,QA Specialist,1,SYNTHETIC,90.8,90.5
ST03287,Student ST03287,ECE,8,7.01,73.5,74.9,0,3.5,6.2,6.4,6.4,3.2,3.7,3.3,4.4,1,1,1,0,0,4.0,4.7,6.0,6.6,5.3,6.1,1,0,Cybersecurity Specialist,0,SYNTHETIC,95.6,85.7
ST03288,Student ST03288,ISE,8,8.3,81.8,81.2,0,5.8,7.4,6.3,6.9,7.3,4.4,2.3,6.1,0,1,2,0,1,5.7,6.6,5.7,5.9,5.1,6.4,1,0,Cybersecurity Specialist,1,SYNTHETIC,75.8,89.0
ST03289,Student ST03289,CSE,8,8.74,81.6,86.3,0,4.9,5.4,4.7,5.3,3.8,5.0,1.2,4.3,0,2,1,2,0,6.3,6.1,4.1,3.9,3.9,5.7,0,0,AI/ML Engineer,1,SYNTHETIC,89.4,70.7
ST03290,Student ST03290,ISE,7,6.29,63.0,64.3,0,3.7,4.8,5.7,6.0,2.2,3.0,1.4,1.0,1,2,1,1,0,7.3,5.7,4.4,3.6,4.1,3.0,1,0,QA Specialist,1,SYNTHETIC,76.8,71.5
ST03291,Student ST03291,ISE,7,7.31,78.3,72.0,0,6.1,4.1,4.7,5.6,3.8,6.2,2.3,2.2,0,4,2,0,0,5.8,5.8,5.7,6.1,6.0,7.1,0,0,Cloud/DevOps Engineer,1,SYNTHETIC,83.0,60.0
ST03292,Student ST03292,ECE,7,7.76,80.1,74.6,0,8.5,6.4,6.1,5.9,5.8,3.6,3.5,3.4,0,1,2,2,0,6.7,4.6,6.8,7.3,8.0,7.1,0,0,Cloud/DevOps Engineer,1,SYNTHETIC,91.5,93.5
ST03293,Student ST03293,CSE,8,6.4,69.6,64.3,0,5.4,5.1,4.7,4.6,3.1,4.7,5.7,1.0,2,2,1,0,0,7.5,7.1,5.1,2.1,1.8,4.6,2,0,Data Analyst,1,SYNTHETIC,75.4,92.3
ST03294,Student ST03294,ISE,7,7.49,71.1,72.8,0,6.2,7.1,4.6,6.0,2.5,3.3,3.7,1.3,0,2,2,0,0,5.4,8.6,5.6,5.3,5.5,6.0,0,0,Cloud/DevOps Engineer,1,SYNTHETIC,86.6,89.9
ST03295,Student ST03295,CSE,8,7.52,83.3,74.7,0,3.3,5.6,3.4,3.9,2.0,2.6,5.3,2.9,1,6,1,1,0,7.5,7.6,5.2,6.1,6.3,4.9,2,0,QA Specialist,1,SYNTHETIC,83.5,60.0
ST03296,Student ST03296,CSE,7,6.89,73.3,66.3,0,4.9,4.0,4.9,6.1,3.7,4.3,1.8,3.1,1,2,2,0,0,6.8,6.6,7.1,5.3,5.4,4.6,0,0,Data Analyst,1,SYNTHETIC,82.2,60.7
ST03297,Student ST03297,CSE,8,7.2,74.3,69.0,0,5.0,5.8,3.8,4.8,4.3,4.6,3.2,4.5,0,2,1,1,0,6.6,5.8,4.5,8.1,7.8,5.1,1,0,QA Specialist,1,SYNTHETIC,88.8,91.3
ST03298,Student ST03298,CSE,7,7.54,76.1,76.3,0,6.7,6.5,5.9,5.7,5.0,5.5,3.3,1.0,1,2,2,0,1,5.5,6.9,5.8,6.7,7.7,6.8,0,0,Full-Stack Developer,0,SYNTHETIC,92.3,67.8
ST03299,Student ST03299,Mechanical,7,7.84,73.7,71.9,0,6.9,6.0,6.3,7.4,4.9,5.9,1.2,6.3,2,2,2,0,0,5.3,7.1,7.4,9.0,8.8,9.5,0,0,AI/ML Engineer,1,SYNTHETIC,82.5,65.8
ST03300,Student ST03300,CSE,7,7.69,77.5,78.4,0,7.4,3.8,6.6,5.9,3.7,3.3,4.2,1.8,1,2,2,0,0,5.8,7.8,6.7,2.8,3.0,4.9,0,0,Data Analyst,0,SYNTHETIC,96.3,79.0
ST03301,Student ST03301,ISE,7,7.26,76.2,73.7,0,5.4,3.7,5.3,4.2,2.5,5.1,4.0,2.0,0,5,1,0,0,6.7,5.7,4.7,6.5,6.2,5.1,0,0,Data Analyst,0,SYNTHETIC,92.4,60.3
ST03302,Student ST03302,CSE,8,7.03,68.1,70.5,0,2.5,1.0,3.2,3.9,1.1,2.5,2.3,1.0,3,2,1,0,1,4.5,6.3,3.7,6.6,7.6,3.8,1,0,QA Specialist,1,SYNTHETIC,81.2,86.5
ST03303,Student ST03303,Mechanical,8,7.05,69.0,67.6,0,3.8,2.7,5.5,3.8,2.4,4.2,2.4,2.9,1,1,1,0,0,6.7,4.6,3.4,6.8,5.1,5.2,3,0,Cloud/DevOps Engineer,0,SYNTHETIC,97.8,85.9
ST03304,Student ST03304,ISE,8,7.58,72.9,81.6,0,5.8,6.6,7.3,8.7,2.4,6.7,3.1,3.3,2,4,2,0,0,6.1,6.4,7.8,7.7,6.6,7.1,1,0,Full-Stack Developer,1,SYNTHETIC,98.6,76.4
ST03305,Student ST03305,CSE,7,7.63,75.9,74.4,0,8.7,7.0,6.2,5.4,4.7,5.3,3.5,2.1,3,2,2,0,1,5.5,5.9,7.6,6.8,6.5,6.5,0,0,Data Analyst,1,SYNTHETIC,93.5,82.8
ST03306,Student ST03306,CSE,8,6.86,66.1,68.7,0,3.7,4.3,4.0,1.8,1.5,4.5,3.1,1.0,2,4,1,0,1,5.3,5.1,3.2,6.2,6.4,4.5,0,0,AI/ML Engineer,0,SYNTHETIC,83.0,84.4
ST03307,Student ST03307,CSE,8,8.75,80.6,88.1,0,5.8,8.2,6.2,8.4,4.7,5.0,5.6,2.1,0,4,2,0,0,7.8,8.0,7.6,7.5,7.9,7.1,1,0,Data Analyst,1,SYNTHETIC,96.6,90.6
ST03308,Student ST03308,CSE,7,7.44,75.4,79.5,0,5.8,5.9,3.5,3.1,3.6,3.8,4.9,1.4,1,4,1,0,1,7.4,6.7,4.1,5.1,3.4,5.3,1,0,AI/ML Engineer,0,SYNTHETIC,88.0,77.9
ST03309,Student ST03309,CSE,8,7.33,69.8,74.7,0,3.5,3.5,4.1,5.3,3.5,2.3,4.2,3.8,1,2,1,2,2,5.7,6.5,3.7,7.2,7.0,5.9,2,0,Cybersecurity Specialist,1,SYNTHETIC,85.0,87.6
ST03310,Student ST03310,CSE,7,7.71,71.1,77.8,0,6.7,4.8,5.1,7.4,3.3,5.4,5.4,2.0,0,4,2,0,0,5.3,6.1,7.5,5.8,5.7,6.0,0,0,Full-Stack Developer,1,SYNTHETIC,91.1,93.7
ST03311,Student ST03311,CSE,8,7.81,65.9,76.1,0,6.8,5.3,7.6,7.4,2.2,4.3,4.0,1.7,1,1,2,1,0,8.8,4.1,7.8,10.0,9.2,9.0,0,1,Cloud/DevOps Engineer,1,SYNTHETIC,75.2,74.1
ST03312,Student ST03312,CSE,7,7.72,80.0,84.3,0,5.3,4.6,6.4,5.6,6.2,6.0,2.4,3.0,1,2,2,0,0,8.2,5.0,5.1,4.5,4.7,5.7,0,0,Data Analyst,1,SYNTHETIC,87.4,82.5
ST03313,Student ST03313,CSE,7,8.22,81.2,85.6,0,5.3,4.8,5.8,5.7,5.5,5.1,1.9,5.4,2,1,2,0,0,3.7,6.0,6.2,6.5,6.4,7.2,0,0,Cybersecurity Specialist,1,SYNTHETIC,98.6,93.0
ST03314,Student ST03314,CSE,8,7.81,74.3,74.0,0,4.9,4.2,4.0,5.0,2.2,6.1,1.8,1.7,0,1,1,1,0,6.4,5.7,4.6,6.4,5.8,6.1,0,0,Cybersecurity Specialist,1,SYNTHETIC,79.0,90.9
ST03315,Student ST03315,ECE,7,6.09,59.8,60.1,0,1.5,3.9,7.1,3.8,3.9,5.4,1.0,5.7,1,3,1,0,1,6.5,4.5,2.3,6.6,6.8,5.3,0,0,Data Analyst,0,SYNTHETIC,76.0,76.0
ST03316,Student ST03316,Mechanical,7,7.03,75.8,73.0,0,5.1,3.7,7.2,6.2,3.0,6.9,4.8,1.3,0,2,2,1,0,5.9,6.4,6.8,6.8,8.4,6.8,0,0,Data Analyst,1,SYNTHETIC,93.6,81.0
ST03317,Student ST03317,ECE,7,7.37,78.0,79.7,0,8.7,7.3,7.1,5.4,2.8,2.9,2.8,3.6,0,1,2,0,0,7.4,7.3,7.0,6.9,6.6,7.8,0,0,AI/ML Engineer,1,SYNTHETIC,88.6,89.6
ST03318,Student ST03318,CSE,8,8.37,88.6,84.1,0,6.9,6.1,7.4,7.0,5.3,3.7,2.8,2.0,4,1,2,0,0,7.4,7.0,7.4,6.4,6.6,6.7,0,0,AI/ML Engineer,1,SYNTHETIC,80.6,68.6
ST03319,Student ST03319,Mechanical,7,7.43,70.0,80.9,0,6.1,4.8,6.2,6.2,3.7,3.9,1.7,4.6,1,1,2,1,0,6.3,6.3,6.2,5.1,5.6,4.8,0,0,AI/ML Engineer,0,SYNTHETIC,76.7,78.5
ST03320,Student ST03320,CSE,8,8.28,90.6,89.1,0,3.5,3.2,6.1,4.6,2.5,5.5,1.8,4.3,1,4,1,1,0,6.0,6.2,4.6,3.7,3.9,5.2,1,0,Cloud/DevOps Engineer,1,SYNTHETIC,77.1,79.5
ST03321,Student ST03321,CSE,8,9.33,90.5,85.5,0,5.2,6.4,5.6,3.2,3.9,6.1,3.2,5.2,1,4,1,3,0,5.6,7.3,4.4,6.5,6.4,4.0,0,0,Cloud/DevOps Engineer,1,SYNTHETIC,89.4,68.4
ST03322,Student ST03322,Mechanical,7,8.0,72.2,78.3,0,6.1,2.4,2.8,6.6,3.9,5.5,3.5,4.7,1,3,2,2,2,5.6,4.5,6.4,9.2,9.3,6.3,1,0,Data Analyst,1,SYNTHETIC,79.8,94.8
ST03323,Student ST03323,ISE,7,7.5,84.8,75.2,0,4.7,3.6,4.9,2.9,5.9,5.6,2.3,2.9,5,1,1,0,1,7.9,6.3,4.1,8.9,6.4,6.2,0,0,QA Specialist,1,SYNTHETIC,82.0,83.6
ST03324,Student ST03324,ISE,7,6.24,67.3,66.4,0,2.9,3.7,3.5,3.9,1.2,2.2,1.0,2.6,1,2,1,0,0,6.9,5.4,3.4,6.2,5.2,5.9,1,0,Full-Stack Developer,0,SYNTHETIC,92.7,84.2
ST03325,Student ST03325,CSE,7,8.38,82.8,80.9,0,4.3,6.0,4.0,6.1,3.7,4.4,2.9,1.0,1,4,1,1,0,5.2,7.6,4.8,7.9,7.3,7.1,0,1,QA Specialist,1,SYNTHETIC,76.0,85.6
ST03326,Student ST03326,ISE,7,8.71,90.7,77.6,0,3.2,5.4,4.9,5.9,4.8,6.7,6.0,6.0,2,3,1,0,0,5.3,8.4,5.4,3.8,2.5,5.0,1,0,Cloud/DevOps Engineer,1,SYNTHETIC,77.7,92.9
ST03327,Student ST03327,CSE,8,7.44,72.2,74.0,0,5.4,5.4,8.5,4.9,2.0,5.0,3.4,2.5,0,3,1,1,0,7.0,6.7,5.3,4.5,5.8,4.8,1,0,Cybersecurity Specialist,1,SYNTHETIC,94.6,91.1
ST03328,Student ST03328,CSE,7,9.33,93.6,82.3,0,5.9,3.9,5.0,4.6,1.0,4.9,3.8,6.2,1,2,1,1,0,7.2,7.0,4.9,5.3,5.9,4.9,2,0,Data Analyst,1,SYNTHETIC,75.3,91.6
ST03329,Student ST03329,CSE,8,7.93,79.5,79.3,0,4.3,3.8,3.5,5.0,2.8,4.1,1.0,2.0,0,3,1,0,1,7.2,7.1,4.9,7.9,7.9,5.1,0,1,Cloud/DevOps Engineer,1,SYNTHETIC,93.3,67.2
ST03330,Student ST03330,Mechanical,7,6.72,70.1,66.7,1,4.8,4.8,5.7,5.6,2.1,6.3,4.0,1.0,1,2,1,0,0,7.0,7.7,4.8,4.9,5.4,4.9,0,0,Full-Stack Developer,0,SYNTHETIC,84.4,91.7
ST03331,Student ST03331,CSE,7,7.14,73.2,68.2,0,4.8,3.3,4.8,6.1,1.9,5.3,1.7,2.4,0,1,2,1,0,6.6,6.8,5.9,7.0,6.9,6.1,1,0,Data Analyst,1,SYNTHETIC,99.0,69.4
ST03332,Student ST03332,CSE,8,9.72,94.0,93.2,0,3.5,5.0,7.8,6.9,3.5,5.5,2.0,4.1,2,1,1,1,0,7.3,5.5,7.1,6.4,6.0,5.3,0,0,Data Analyst,1,SYNTHETIC,84.7,77.8
ST03333,Student ST03333,CSE,8,8.87,88.1,87.3,0,5.5,5.6,6.5,5.3,3.8,5.9,1.8,4.4,1,1,2,1,0,8.5,6.9,6.4,5.1,4.5,5.7,1,0,AI/ML Engineer,1,SYNTHETIC,97.9,94.6
ST03334,Student ST03334,ISE,8,7.96,86.8,74.8,0,8.1,2.6,6.7,5.1,2.8,5.5,5.5,2.8,1,4,2,3,0,6.0,5.6,6.0,5.9,4.4,6.2,0,0,Data Analyst,1,SYNTHETIC,88.3,79.9
ST03335,Student ST03335,CSE,8,6.08,63.8,70.6,0,4.6,5.5,4.4,5.2,1.0,2.6,2.1,1.7,2,1,1,0,0,5.7,4.5,5.0,6.9,5.8,6.3,0,0,Data Analyst,0,SYNTHETIC,96.0,75.1
ST03336,Student ST03336,CSE,8,6.54,65.7,64.7,0,4.5,3.4,4.9,4.3,3.2,4.7,2.5,5.0,0,1,1,0,1,6.4,6.3,4.9,7.0,7.7,5.9,1,0,Data Analyst,0,SYNTHETIC,95.0,87.6
ST03337,Student ST03337,ISE,7,6.78,66.1,68.5,1,5.4,4.7,5.1,7.1,1.7,3.2,1.9,2.2,0,4,2,0,0,7.2,5.2,6.6,4.1,4.1,6.3,0,0,Cybersecurity Specialist,0,SYNTHETIC,90.5,71.0
ST03338,Student ST03338,CSE,7,8.57,79.1,85.8,0,6.7,6.0,7.1,4.6,7.2,5.4,6.2,4.0,0,3,2,0,0,5.7,8.0,5.1,6.7,4.7,5.6,0,0,Data Analyst,0,SYNTHETIC,92.4,90.7
ST03339,Student ST03339,CSE,8,7.03,74.1,73.6,0,4.5,5.5,3.3,6.1,4.0,4.7,3.8,1.1,3,2,2,0,1,5.6,7.7,5.6,6.0,6.6,5.2,1,0,Cloud/DevOps Engineer,1,SYNTHETIC,89.5,74.7
ST03340,Student ST03340,Mechanical,8,7.6,72.9,71.5,0,2.2,3.6,2.7,2.0,1.2,2.7,1.3,1.0,2,1,1,0,0,6.4,4.6,1.8,5.8,6.1,3.1,2,0,Full-Stack Developer,0,SYNTHETIC,84.0,64.5
ST03341,Student ST03341,ISE,8,7.09,66.4,68.9,0,3.9,4.6,3.8,2.6,2.9,3.0,1.4,4.5,2,1,1,0,1,6.1,3.7,4.1,6.8,5.7,5.8,2,0,QA Specialist,0,SYNTHETIC,81.0,63.3
ST03342,Student ST03342,ISE,8,7.51,72.0,76.2,0,4.3,4.7,6.5,3.7,5.3,6.0,3.7,4.0,0,2,1,0,1,7.2,6.7,4.3,6.4,6.9,4.6,1,0,AI/ML Engineer,0,SYNTHETIC,83.7,72.3
ST03343,Student ST03343,ECE,8,9.24,87.1,95.9,0,4.9,7.5,7.1,7.1,2.7,5.9,1.0,4.1,0,5,2,0,1,8.3,9.6,6.2,6.7,5.3,5.6,0,0,Full-Stack Developer,1,SYNTHETIC,98.9,94.0
ST03344,Student ST03344,ECE,7,7.48,70.9,78.2,0,5.8,6.8,3.7,3.2,4.8,5.1,3.6,3.3,1,5,1,3,2,5.6,6.3,3.2,5.5,5.8,6.3,2,0,Data Analyst,1,SYNTHETIC,94.5,62.4
ST03345,Student ST03345,Mechanical,8,7.01,73.1,71.5,0,3.6,4.3,5.4,3.2,3.8,2.4,1.4,1.0,3,1,1,0,1,6.1,6.6,3.5,7.0,7.1,4.2,2,0,Cybersecurity Specialist,1,SYNTHETIC,88.3,84.8
ST03346,Student ST03346,Mechanical,8,8.97,94.1,93.6,0,5.2,6.5,4.3,6.8,2.3,5.6,3.4,2.9,1,1,2,0,0,7.1,6.2,6.4,8.7,8.3,8.3,0,0,Data Analyst,1,SYNTHETIC,91.1,71.5
ST03347,Student ST03347,CSE,8,7.6,76.6,79.5,0,5.9,4.8,5.4,5.5,3.7,4.1,2.9,3.4,0,1,2,0,0,6.2,6.5,5.5,7.8,6.9,6.8,1,1,Data Analyst,1,SYNTHETIC,92.8,92.4
ST03348,Student ST03348,ECE,7,8.12,86.9,84.7,0,7.9,6.2,9.1,7.5,5.3,5.4,1.8,3.8,1,2,2,0,1,6.5,5.7,6.6,4.7,6.6,6.0,0,0,Cybersecurity Specialist,1,SYNTHETIC,81.8,85.3
ST03349,Student ST03349,ISE,8,7.4,75.5,75.4,0,5.0,4.3,6.3,7.1,2.8,3.0,4.9,3.0,1,3,2,0,0,7.2,4.7,5.7,8.1,7.6,7.5,0,0,Data Analyst,1,SYNTHETIC,96.3,62.2
ST03350,Student ST03350,ECE,7,8.54,92.9,78.6,0,5.2,6.5,3.7,7.0,3.7,1.0,4.4,2.0,1,1,2,0,0,6.4,6.9,6.7,7.8,6.9,5.9,0,1,Full-Stack Developer,1,SYNTHETIC,97.1,91.0
ST03351,Student ST03351,CSE,8,5.42,61.8,67.9,0,1.8,2.5,3.9,2.5,4.0,1.4,1.5,1.3,1,3,1,0,0,4.6,5.5,2.0,5.3,4.1,3.7,0,0,QA Specialist,0,SYNTHETIC,78.5,71.7
ST03352,Student ST03352,ECE,7,6.62,73.9,72.1,0,2.2,3.5,2.2,3.8,1.0,2.3,1.2,2.5,1,2,1,0,0,6.8,6.7,2.9,7.3,6.6,3.8,1,0,Cybersecurity Specialist,1,SYNTHETIC,96.0,82.9
ST03353,Student ST03353,CSE,8,7.02,71.3,76.9,0,4.5,3.7,4.0,4.6,4.9,5.2,1.7,2.7,0,5,1,0,0,6.6,5.0,5.8,5.4,3.2,5.4,0,0,Full-Stack Developer,1,SYNTHETIC,75.6,68.3
ST03354,Student ST03354,ECE,8,8.07,86.2,84.4,0,2.9,3.7,4.8,3.1,1.9,3.6,1.0,1.0,2,2,1,1,2,6.6,7.5,2.8,6.0,5.7,4.1,0,0,Full-Stack Developer,1,SYNTHETIC,76.9,62.8
ST03355,Student ST03355,CSE,7,7.83,71.2,71.4,0,6.2,4.8,7.7,7.3,4.6,3.3,5.8,1.0,1,4,2,0,0,7.4,8.0,6.2,7.3,7.0,7.2,0,0,Cybersecurity Specialist,1,SYNTHETIC,95.6,80.3
ST03356,Student ST03356,Mechanical,8,7.67,86.7,81.7,0,4.2,5.3,3.4,2.9,5.0,2.1,3.2,1.9,0,4,1,1,1,8.3,5.2,4.1,9.2,9.6,4.8,2,0,Cloud/DevOps Engineer,0,SYNTHETIC,93.1,88.1
ST03357,Student ST03357,ECE,7,6.34,72.0,71.9,0,5.8,3.2,5.0,3.0,7.3,4.9,4.3,2.6,1,2,1,0,0,7.4,4.5,4.2,6.0,4.8,4.5,1,0,AI/ML Engineer,0,SYNTHETIC,86.7,73.4
ST03358,Student ST03358,ISE,8,8.16,86.7,82.2,0,4.6,5.5,4.9,5.8,7.5,7.2,5.1,4.0,2,3,1,0,0,6.3,6.2,6.2,4.1,3.5,5.1,0,0,AI/ML Engineer,1,SYNTHETIC,89.2,86.5
ST03359,Student ST03359,CSE,7,6.98,76.0,78.8,0,4.3,3.2,5.7,3.5,4.4,3.9,1.0,3.5,2,4,1,1,1,7.2,8.8,3.9,7.5,7.8,5.7,0,0,Cloud/DevOps Engineer,1,SYNTHETIC,77.8,64.2
ST03360,Student ST03360,ISE,7,6.4,60.1,72.2,0,2.8,5.6,3.7,5.2,3.2,1.0,3.4,1.0,3,1,1,0,0,3.5,4.8,3.6,7.8,8.1,7.5,0,0,Data Analyst,1,SYNTHETIC,98.1,75.8
ST03361,Student ST03361,CSE,7,5.96,65.4,67.1,0,3.2,3.1,1.0,2.8,1.0,2.9,2.5,1.9,0,1,1,0,0,5.8,6.6,2.6,5.6,5.0,3.5,0,0,Cloud/DevOps Engineer,0,SYNTHETIC,94.2,69.6
ST03362,Student ST03362,ISE,7,6.96,71.5,68.3,1,5.2,4.7,3.1,4.0,2.6,4.4,3.2,1.2,2,2,1,0,0,8.5,5.0,5.8,8.8,7.2,5.8,0,0,AI/ML Engineer,1,SYNTHETIC,82.2,88.2
ST03363,Student ST03363,Mechanical,7,7.62,76.2,74.1,0,6.0,4.6,5.2,4.4,5.4,6.7,3.0,4.2,1,2,1,0,1,7.0,5.9,4.2,7.1,5.2,6.6,1,0,Full-Stack Developer,0,SYNTHETIC,92.2,91.6
ST03364,Student ST03364,ISE,8,7.08,69.9,71.1,0,3.6,4.0,5.4,3.5,2.5,1.8,2.2,2.2,1,5,1,1,0,6.3,7.2,4.2,6.8,6.8,4.9,1,0,Data Analyst,0,SYNTHETIC,81.1,82.0
ST03365,Student ST03365,CSE,8,7.17,69.7,80.9,0,6.0,5.0,2.9,2.7,1.8,1.5,2.1,2.8,0,1,1,0,0,8.2,6.0,3.3,8.6,8.8,6.5,1,0,QA Specialist,0,SYNTHETIC,85.5,62.0
ST03366,Student ST03366,Mechanical,8,6.57,66.2,75.4,0,3.9,5.9,4.8,4.0,3.6,3.4,4.9,4.1,0,1,1,0,0,7.2,5.3,5.8,5.8,4.5,3.9,2,0,Cloud/DevOps Engineer,0,SYNTHETIC,99.0,61.9
ST03367,Student ST03367,CSE,8,7.73,77.5,77.0,0,5.1,7.8,9.0,5.6,6.1,4.6,2.2,2.6,0,4,2,0,0,6.4,5.1,5.5,6.7,4.3,6.9,0,0,QA Specialist,1,SYNTHETIC,77.7,90.6
ST03368,Student ST03368,CSE,7,6.59,64.4,66.9,0,4.7,6.5,4.0,3.0,1.0,2.6,3.0,2.2,1,2,1,2,0,5.0,6.5,3.6,7.3,5.2,6.1,0,1,Full-Stack Developer,1,SYNTHETIC,84.0,76.7
ST03369,Student ST03369,ECE,7,7.48,75.9,72.3,0,4.8,4.8,4.6,4.3,3.7,2.9,2.4,4.3,0,2,1,0,3,7.3,7.4,4.9,6.7,7.3,5.7,0,0,AI/ML Engineer,0,SYNTHETIC,83.7,81.4
ST03370,Student ST03370,ECE,7,7.09,70.9,72.1,0,7.4,6.4,4.6,4.5,3.0,6.0,4.7,4.4,1,3,2,0,0,5.3,4.7,5.3,8.0,8.1,6.3,0,1,Full-Stack Developer,1,SYNTHETIC,88.2,70.7
ST03371,Student ST03371,CSE,7,5.92,62.3,62.9,0,3.4,3.1,5.1,3.5,4.3,3.7,2.6,2.2,3,3,1,0,0,3.5,4.9,3.5,5.4,5.6,4.2,0,0,Cloud/DevOps Engineer,0,SYNTHETIC,82.1,75.5
ST03372,Student ST03372,CSE,8,7.6,71.5,74.8,0,6.4,6.3,7.8,6.9,4.1,2.7,3.2,3.3,0,2,2,2,0,5.7,6.7,8.0,5.6,4.4,6.8,0,0,Cybersecurity Specialist,0,SYNTHETIC,83.5,81.4
ST03373,Student ST03373,Mechanical,8,8.56,84.8,84.8,0,8.2,5.7,4.7,5.9,4.0,4.9,5.6,3.8,0,3,2,1,0,8.4,8.2,7.5,5.9,4.9,6.2,0,0,QA Specialist,1,SYNTHETIC,78.3,93.4
ST03374,Student ST03374,CSE,7,8.47,78.8,80.0,0,5.1,6.3,6.8,6.1,4.1,5.9,5.5,5.3,0,1,2,2,1,6.6,7.1,6.1,8.2,7.1,7.0,1,0,Cloud/DevOps Engineer,1,SYNTHETIC,98.7,75.2
ST03375,Student ST03375,CSE,7,6.56,66.1,75.7,0,4.4,8.9,4.8,6.9,3.8,3.5,3.3,2.1,1,2,2,0,0,7.2,4.6,4.7,5.0,5.3,5.0,0,0,Cloud/DevOps Engineer,1,SYNTHETIC,81.5,72.3
ST03376,Student ST03376,CSE,7,8.4,79.7,85.3,0,6.0,4.3,4.8,5.9,5.3,4.9,3.3,1.7,2,6,2,0,1,6.5,6.6,5.4,5.4,5.6,6.8,0,0,AI/ML Engineer,1,SYNTHETIC,79.9,88.1
ST03377,Student ST03377,ISE,7,6.38,74.0,65.4,1,2.8,1.5,7.1,6.4,4.6,4.5,6.8,1.0,3,3,1,0,1,4.4,7.9,4.1,9.4,8.2,5.8,0,0,Data Analyst,0,SYNTHETIC,89.4,89.1
ST03378,Student ST03378,ISE,8,7.43,72.6,77.2,0,4.7,6.6,7.4,6.7,4.5,4.9,1.1,3.5,1,1,2,0,0,6.0,6.7,6.0,5.1,2.6,5.9,0,0,QA Specialist,0,SYNTHETIC,88.2,85.1
ST03379,Student ST03379,CSE,7,8.53,89.1,86.9,0,1.1,7.8,5.4,4.6,3.2,3.9,3.2,2.7,2,4,1,1,0,6.1,7.2,2.1,5.9,8.3,4.7,0,0,Cloud/DevOps Engineer,1,SYNTHETIC,84.3,65.1
ST03380,Student ST03380,Mechanical,7,6.95,76.0,71.9,0,3.8,5.5,2.7,3.1,1.5,4.0,2.8,2.1,0,2,1,0,0,7.2,6.4,2.9,7.2,6.2,5.0,0,0,Cybersecurity Specialist,1,SYNTHETIC,84.2,62.6
ST03381,Student ST03381,CSE,7,7.7,76.3,79.9,0,5.9,4.0,6.5,6.3,2.8,5.3,4.8,2.8,1,1,2,1,0,5.6,9.2,6.1,8.4,8.2,6.9,1,0,Full-Stack Developer,0,SYNTHETIC,85.6,77.6
ST03382,Student ST03382,CSE,7,6.39,66.1,66.4,0,2.7,4.0,3.3,3.2,3.6,4.4,1.0,3.8,1,3,1,0,0,6.2,5.5,3.9,3.6,5.3,3.5,1,0,Full-Stack Developer,0,SYNTHETIC,84.1,72.7
ST03383,Student ST03383,Mechanical,7,7.12,78.4,68.8,0,8.2,6.2,7.1,4.1,4.5,6.7,4.5,2.6,0,4,2,1,1,6.1,5.6,5.4,7.3,6.6,8.0,0,0,Data Analyst,1,SYNTHETIC,96.3,76.8
ST03384,Student ST03384,CSE,8,7.17,79.4,74.8,0,5.1,3.3,4.8,4.5,3.6,3.8,3.7,1.0,3,6,1,0,0,5.0,7.3,5.2,4.0,3.3,3.6,1,0,Data Analyst,1,SYNTHETIC,97.3,88.0
ST03385,Student ST03385,ECE,7,6.93,62.6,62.9,1,7.4,7.7,6.0,2.9,4.8,4.5,6.4,4.4,0,1,1,0,1,6.3,7.8,4.6,6.0,6.0,5.9,1,0,AI/ML Engineer,0,SYNTHETIC,83.6,63.6
ST03386,Student ST03386,ECE,7,5.0,55.0,55.0,0,3.2,6.4,5.0,6.0,3.2,5.0,1.9,1.0,4,4,1,0,0,4.9,7.2,3.9,6.5,5.8,4.6,0,0,Cloud/DevOps Engineer,1,SYNTHETIC,77.9,72.7
ST03387,Student ST03387,CSE,8,5.78,65.8,59.3,0,2.0,2.7,1.0,3.1,1.9,1.0,1.7,3.5,2,3,1,0,2,6.2,4.8,2.8,8.0,8.1,4.3,0,0,QA Specialist,0,SYNTHETIC,91.2,68.7
ST03388,Student ST03388,CSE,7,5.44,60.8,61.7,0,4.1,2.7,1.0,3.4,1.0,3.9,3.7,1.0,1,1,1,0,2,6.7,5.8,2.5,5.8,5.4,4.6,0,0,QA Specialist,0,SYNTHETIC,85.1,92.8
ST03389,Student ST03389,ECE,8,7.78,70.3,71.9,0,5.1,4.6,5.3,6.3,3.6,4.7,2.9,4.6,0,2,2,0,1,7.3,6.9,5.1,7.9,7.6,6.1,0,1,Cybersecurity Specialist,0,SYNTHETIC,75.9,92.7
ST03390,Student ST03390,CSE,7,7.4,72.4,75.4,1,8.8,8.0,7.9,9.1,3.4,8.4,5.7,5.7,2,3,3,0,0,4.1,6.2,9.5,5.9,5.0,8.7,0,0,AI/ML Engineer,1,SYNTHETIC,97.7,72.9
ST03391,Student ST03391,ISE,8,9.24,85.1,94.4,0,3.6,4.7,7.2,6.2,1.6,5.8,2.3,2.6,1,4,1,2,1,8.2,8.3,4.7,7.6,8.9,6.9,1,1,Data Analyst,1,SYNTHETIC,87.8,82.2
ST03392,Student ST03392,ECE,7,8.79,89.1,80.5,0,6.3,5.1,6.9,7.6,4.3,7.7,3.3,4.8,0,2,2,2,0,4.8,3.4,7.4,4.2,4.4,6.0,1,0,Cybersecurity Specialist,0,SYNTHETIC,80.7,89.1
ST03393,Student ST03393,CSE,7,8.74,80.1,84.5,0,7.9,7.4,6.6,3.2,3.7,6.7,6.3,5.6,3,1,2,0,0,7.0,8.1,5.3,6.2,5.9,5.4,0,0,Cybersecurity Specialist,1,SYNTHETIC,85.3,65.7
ST03394,Student ST03394,ISE,8,6.96,68.5,70.7,0,4.7,4.4,4.3,4.7,4.2,1.7,4.8,4.6,2,2,1,0,0,7.3,5.9,4.0,6.0,5.3,3.8,0,0,Cloud/DevOps Engineer,1,SYNTHETIC,85.9,64.5
ST03395,Student ST03395,CSE,8,9.65,97.1,97.0,0,8.3,6.2,9.7,6.6,4.1,6.6,3.9,6.5,1,2,2,1,1,7.0,6.8,7.9,4.7,5.2,5.3,1,0,QA Specialist,1,SYNTHETIC,89.5,92.2
ST03396,Student ST03396,ISE,7,6.33,69.0,68.3,0,2.3,3.7,4.2,4.7,1.7,3.9,3.7,1.0,1,1,1,0,0,5.9,6.0,3.4,6.0,5.5,5.6,0,0,QA Specialist,0,SYNTHETIC,89.1,83.1
ST03397,Student ST03397,ISE,8,5.88,65.0,60.4,0,3.4,1.8,2.4,1.5,2.3,4.1,1.0,2.2,0,5,1,0,0,6.7,7.4,1.4,5.1,6.4,5.1,1,0,Full-Stack Developer,0,SYNTHETIC,94.1,80.4
ST03398,Student ST03398,Mechanical,7,6.93,64.2,70.5,0,7.3,2.9,6.2,7.7,1.4,7.3,5.3,4.7,0,3,2,0,0,5.3,5.9,6.7,5.4,5.5,5.7,0,0,Data Analyst,1,SYNTHETIC,83.2,72.9
ST03399,Student ST03399,Mechanical,8,8.05,77.3,74.4,0,5.4,6.0,5.9,5.5,4.5,5.8,2.6,2.3,2,2,2,1,0,4.7,4.3,5.8,5.4,4.9,6.6,0,0,AI/ML Engineer,1,SYNTHETIC,75.3,93.6
ST03400,Student ST03400,Mechanical,8,6.79,67.7,70.7,0,2.8,4.3,5.3,3.6,6.3,3.7,1.4,5.1,2,1,1,0,0,6.8,6.0,4.6,5.3,5.4,4.0,0,0,Cloud/DevOps Engineer,0,SYNTHETIC,98.5,91.3
ST03401,Student ST03401,Mechanical,7,6.43,63.0,67.3,0,2.7,3.8,3.4,4.6,1.2,1.0,1.0,1.4,2,1,1,0,0,7.5,5.1,3.7,6.3,5.7,5.6,1,0,QA Specialist,1,SYNTHETIC,86.4,87.7
ST03402,Student ST03402,ISE,7,8.67,87.6,81.5,0,5.9,4.3,4.9,5.0,6.7,2.1,3.7,4.5,0,3,2,0,1,6.1,7.4,5.4,6.7,7.7,4.5,0,0,QA Specialist,1,SYNTHETIC,83.0,80.0
ST03403,Student ST03403,Mechanical,8,7.3,73.3,82.1,0,3.4,5.8,3.0,2.7,4.2,6.4,4.6,2.0,1,3,1,0,3,6.0,6.4,2.3,8.4,8.3,5.7,2,0,Cloud/DevOps Engineer,0,SYNTHETIC,95.5,69.0
ST03404,Student ST03404,CSE,7,5.8,57.1,60.8,0,2.6,5.1,1.9,2.5,1.0,3.7,1.0,1.1,2,1,1,0,0,5.1,5.0,1.8,2.3,2.3,2.3,0,0,Cloud/DevOps Engineer,0,SYNTHETIC,82.0,89.2
ST03405,Student ST03405,ECE,8,7.96,76.3,77.7,0,4.6,5.2,5.0,5.9,1.9,3.5,3.7,4.2,0,4,1,0,1,6.1,5.7,6.1,5.0,3.7,4.7,0,0,Data Analyst,0,SYNTHETIC,86.9,93.2
ST03406,Student ST03406,CSE,7,6.92,70.5,67.1,0,4.6,3.1,4.3,2.6,1.4,3.0,1.4,1.0,2,2,1,0,0,5.1,6.9,2.4,7.4,6.5,5.8,1,0,Cybersecurity Specialist,0,SYNTHETIC,88.2,87.7
ST03407,Student ST03407,ISE,7,7.43,79.0,74.7,0,3.0,4.5,4.1,4.7,3.2,2.7,3.3,4.0,0,3,1,0,1,5.9,7.3,3.5,7.8,6.7,5.0,1,0,AI/ML Engineer,0,SYNTHETIC,83.7,61.9
ST03408,Student ST03408,ECE,8,8.68,90.2,89.7,0,4.7,5.9,6.2,5.6,1.9,4.1,1.2,2.9,0,3,1,0,1,7.4,7.4,4.8,4.5,4.6,5.4,2,0,Cybersecurity Specialist,1,SYNTHETIC,76.5,78.9
ST03409,Student ST03409,CSE,8,7.18,69.0,72.1,0,3.3,2.1,5.5,2.1,4.2,3.0,4.2,3.3,0,1,1,0,1,5.0,6.5,3.5,3.2,3.0,2.3,2,0,Data Analyst,0,SYNTHETIC,81.8,87.1
ST03410,Student ST03410,ISE,7,7.78,82.0,81.7,0,5.0,5.2,4.8,6.1,3.9,1.5,3.9,2.3,4,1,2,0,1,6.1,7.1,6.7,5.2,5.0,5.2,1,0,Full-Stack Developer,1,SYNTHETIC,85.5,90.3
ST03411,Student ST03411,CSE,7,9.2,94.2,85.8,0,5.6,6.0,5.2,4.4,5.2,5.2,3.3,2.0,0,3,1,0,1,8.6,8.0,5.3,7.8,6.5,5.9,1,0,Cloud/DevOps Engineer,1,SYNTHETIC,90.7,92.5
ST03412,Student ST03412,ISE,7,7.95,79.3,76.4,0,7.5,4.0,6.4,1.8,2.7,4.1,2.2,1.5,2,3,1,0,0,6.5,5.3,3.3,6.4,5.6,4.9,1,0,Full-Stack Developer,1,SYNTHETIC,82.3,86.8
ST03413,Student ST03413,CSE,8,7.44,78.8,75.9,0,5.1,4.6,4.3,6.4,4.9,5.9,2.6,4.0,4,3,2,2,1,5.4,5.5,6.3,6.5,5.7,4.6,0,0,QA Specialist,1,SYNTHETIC,84.1,80.2
ST03414,Student ST03414,ECE,8,6.43,73.2,68.2,0,4.6,3.5,5.9,6.1,1.5,4.8,2.2,3.2,2,1,2,0,1,6.6,6.1,6.7,6.5,6.9,4.6,1,0,Cybersecurity Specialist,1,SYNTHETIC,94.4,74.1
ST03415,Student ST03415,CSE,7,6.41,62.7,68.2,0,4.1,3.0,6.4,2.5,3.9,3.1,3.3,2.4,0,3,1,1,0,3.8,5.7,2.9,3.3,3.0,4.2,1,0,Full-Stack Developer,1,SYNTHETIC,97.5,82.8
ST03416,Student ST03416,Mechanical,8,6.3,62.0,65.2,0,5.4,4.5,4.2,3.9,2.3,3.1,1.6,3.4,0,4,1,0,0,6.3,6.0,5.1,8.6,7.4,7.4,0,0,Cloud/DevOps Engineer,1,SYNTHETIC,75.1,74.0
ST03417,Student ST03417,Mechanical,8,7.78,83.3,76.1,0,5.4,4.8,5.4,6.0,3.9,3.7,4.5,2.9,3,1,2,0,1,7.4,7.3,6.4,6.6,5.0,5.9,2,0,Cloud/DevOps Engineer,1,SYNTHETIC,96.1,90.3
ST03418,Student ST03418,ECE,8,8.54,85.2,87.5,0,4.5,3.2,5.2,3.0,2.2,1.4,2.4,1.0,1,1,1,1,0,7.5,7.9,3.6,6.3,4.8,4.4,0,0,AI/ML Engineer,0,SYNTHETIC,91.0,83.0
ST03419,Student ST03419,Mechanical,8,6.22,64.8,66.6,0,5.6,6.3,4.8,5.3,5.9,4.1,2.1,5.2,2,3,2,0,1,5.6,6.0,4.6,6.6,7.0,6.2,0,0,Cloud/DevOps Engineer,1,SYNTHETIC,84.7,61.6
ST03420,Student ST03420,Mechanical,7,9.28,96.4,93.1,0,6.6,5.3,5.6,5.4,5.4,5.5,3.8,3.6,1,4,2,1,0,8.0,8.0,6.2,5.8,7.1,5.8,0,0,QA Specialist,1,SYNTHETIC,76.6,89.0
ST03421,Student ST03421,Mechanical,8,6.66,65.8,72.8,0,3.7,2.9,3.3,5.0,1.0,1.0,3.3,1.1,0,1,1,0,1,6.3,6.6,5.5,6.0,4.8,4.3,0,0,Cloud/DevOps Engineer,0,SYNTHETIC,79.4,90.7
ST03422,Student ST03422,Mechanical,8,8.36,82.0,80.5,0,7.6,2.7,8.8,5.7,4.0,2.3,3.8,1.0,1,3,2,3,1,5.3,8.1,6.9,5.0,4.2,7.0,0,0,Data Analyst,1,SYNTHETIC,82.7,65.9
ST03423,Student ST03423,ISE,7,8.17,84.5,84.2,0,3.4,5.3,7.4,7.0,2.7,6.8,2.0,3.2,1,2,1,2,1,5.6,8.6,4.6,5.4,5.0,4.0,1,0,Cybersecurity Specialist,0,SYNTHETIC,88.7,84.9
ST03424,Student ST03424,CSE,7,6.55,61.7,79.7,0,5.2,7.3,5.2,6.7,4.2,4.7,1.9,2.2,3,3,2,0,1,5.5,7.4,6.2,5.9,5.9,7.0,1,0,QA Specialist,1,SYNTHETIC,84.4,64.8
ST03425,Student ST03425,CSE,8,8.36,87.7,83.9,0,6.5,5.8,7.1,5.3,5.1,5.4,1.9,5.2,2,5,2,0,0,6.6,5.1,4.6,7.0,6.1,5.4,0,0,AI/ML Engineer,0,SYNTHETIC,83.7,60.4
ST03426,Student ST03426,CSE,8,5.95,61.4,63.7,0,5.0,5.1,4.3,1.3,2.9,3.0,3.7,3.6,1,1,1,0,0,6.5,7.0,3.2,5.6,5.1,2.4,0,0,Data Analyst,1,SYNTHETIC,98.3,85.4
ST03427,Student ST03427,CSE,8,6.19,57.0,63.7,1,1.6,4.3,2.1,2.3,1.3,3.2,2.8,2.5,1,3,1,0,0,3.4,6.0,2.3,8.2,8.0,4.6,2,0,QA Specialist,0,SYNTHETIC,83.8,86.3
ST03428,Student ST03428,CSE,7,7.8,75.0,73.4,0,3.8,4.8,4.1,7.1,2.2,4.5,5.2,2.2,2,4,2,0,2,7.0,5.0,5.2,6.4,6.2,5.9,2,0,Cybersecurity Specialist,1,SYNTHETIC,83.7,71.4
ST03429,Student ST03429,CSE,7,8.9,88.9,89.9,0,3.7,3.4,5.8,5.5,4.1,3.9,4.7,1.1,2,2,1,1,1,6.9,5.7,4.1,5.7,5.9,4.4,2,0,Full-Stack Developer,1,SYNTHETIC,85.9,64.9
ST03430,Student ST03430,ECE,8,6.87,67.2,78.3,0,5.1,5.5,2.6,7.2,4.3,5.1,5.4,4.6,1,5,2,0,1,5.9,5.4,5.1,6.1,5.2,5.8,1,0,QA Specialist,1,SYNTHETIC,81.8,67.4
ST03431,Student ST03431,CSE,8,8.85,86.2,89.4,0,5.6,7.0,5.4,7.0,4.9,4.6,2.0,4.5,0,2,2,0,0,7.0,5.0,6.9,7.1,6.7,5.6,1,0,Data Analyst,1,SYNTHETIC,86.6,77.6
ST03432,Student ST03432,ECE,8,7.39,80.0,75.8,0,3.2,7.7,4.4,4.3,2.5,2.8,1.0,1.6,1,1,1,0,0,6.3,7.8,3.8,3.5,4.7,4.7,1,0,Full-Stack Developer,0,SYNTHETIC,89.8,81.0
ST03433,Student ST03433,ECE,8,8.74,87.5,85.4,0,4.9,3.8,6.4,5.3,3.3,4.7,5.2,4.2,1,2,1,1,0,5.8,7.9,3.9,5.3,4.3,6.6,2,0,Cloud/DevOps Engineer,1,SYNTHETIC,95.9,64.7
ST03434,Student ST03434,CSE,8,7.31,73.8,77.6,0,3.8,3.4,7.2,3.7,4.9,3.2,2.1,2.9,4,3,1,1,1,6.1,6.4,4.1,5.1,6.1,5.9,0,0,Full-Stack Developer,0,SYNTHETIC,95.7,82.2
ST03435,Student ST03435,ECE,7,7.92,79.6,84.3,0,4.9,4.1,7.3,7.7,4.2,3.0,2.8,5.2,0,1,2,0,0,6.5,6.7,6.4,8.0,7.6,7.9,0,0,QA Specialist,1,SYNTHETIC,92.6,92.6
ST03436,Student ST03436,Mechanical,7,6.92,64.6,75.3,0,5.0,7.1,7.1,4.3,4.8,9.0,1.9,5.5,0,3,1,1,0,6.6,8.4,4.7,6.0,5.5,5.0,0,0,Full-Stack Developer,0,SYNTHETIC,92.8,67.7
ST03437,Student ST03437,CSE,7,7.62,81.0,77.3,0,3.4,3.2,4.8,2.6,4.0,1.3,1.0,2.3,1,4,1,0,1,5.7,6.9,2.8,7.4,6.2,4.4,0,0,AI/ML Engineer,1,SYNTHETIC,77.3,78.7
ST03438,Student ST03438,ISE,7,6.36,64.6,61.5,0,6.0,6.8,5.5,5.1,4.3,5.3,4.1,1.6,3,5,2,0,0,7.0,4.8,5.4,5.4,6.1,6.2,1,0,Cloud/DevOps Engineer,1,SYNTHETIC,80.0,87.0
ST03439,Student ST03439,CSE,7,8.76,86.6,82.5,0,5.7,7.8,5.1,5.3,4.5,3.2,2.7,4.5,1,3,2,1,1,7.3,7.3,6.7,6.5,5.9,5.9,3,0,Full-Stack Developer,1,SYNTHETIC,97.4,67.0
ST03440,Student ST03440,CSE,8,5.68,57.6,55.6,0,1.9,5.2,5.5,3.0,1.0,2.4,3.6,1.0,0,4,1,0,0,5.2,6.1,2.3,4.5,3.3,3.3,0,0,QA Specialist,0,SYNTHETIC,94.6,92.4
ST03441,Student ST03441,CSE,8,6.12,63.1,68.1,0,4.3,5.3,3.3,2.5,1.2,3.2,1.4,4.6,4,1,1,0,0,5.9,5.9,4.4,5.5,5.6,4.1,2,0,Cybersecurity Specialist,1,SYNTHETIC,76.0,94.8
ST03442,Student ST03442,CSE,8,6.76,71.5,71.4,0,6.1,6.1,5.9,7.2,2.8,3.9,3.4,2.4,0,3,2,0,1,5.6,6.3,5.9,6.0,5.4,6.3,1,0,AI/ML Engineer,1,SYNTHETIC,79.5,76.0
ST03443,Student ST03443,CSE,8,8.25,72.3,82.5,0,6.5,4.6,7.8,4.2,4.2,7.2,4.1,3.8,1,2,2,3,0,7.8,4.9,5.0,5.2,5.3,4.9,0,0,Cloud/DevOps Engineer,1,SYNTHETIC,98.3,63.6
ST03444,Student ST03444,ECE,7,7.84,79.2,73.1,0,5.8,8.3,6.1,6.2,3.0,4.0,5.5,3.4,1,1,2,0,0,7.5,7.6,4.9,3.6,3.1,3.7,0,0,Full-Stack Developer,1,SYNTHETIC,96.2,89.2
ST03445,Student ST03445,ECE,7,6.86,69.5,63.5,0,5.6,5.7,7.3,3.4,4.4,3.1,3.5,2.1,2,2,1,0,0,7.5,7.7,4.7,5.2,6.3,4.5,0,0,Full-Stack Developer,1,SYNTHETIC,78.6,73.1
ST03446,Student ST03446,CSE,8,10.0,91.3,96.6,0,7.9,6.4,7.0,6.8,7.5,7.2,3.3,3.3,0,2,2,0,0,6.5,9.2,7.3,4.1,3.8,6.4,2,0,QA Specialist,0,SYNTHETIC,97.8,60.4
ST03447,Student ST03447,Mechanical,7,7.49,71.5,76.9,0,4.7,5.7,4.4,4.7,3.3,5.6,3.4,2.1,0,2,1,0,0,5.3,7.3,4.6,6.1,4.9,4.8,0,0,Data Analyst,0,SYNTHETIC,98.6,91.6
ST03448,Student ST03448,Mechanical,8,7.15,72.2,74.9,0,3.7,2.2,4.5,6.4,2.1,3.8,2.3,2.1,1,5,1,0,0,5.9,6.3,5.6,3.8,4.3,4.9,1,0,QA Specialist,1,SYNTHETIC,89.1,80.5
ST03449,Student ST03449,ECE,7,9.26,84.8,89.1,0,6.5,7.7,5.2,5.2,4.1,5.9,4.3,4.2,2,4,2,0,0,8.8,6.0,6.1,6.0,8.2,5.0,1,0,AI/ML Engineer,0,SYNTHETIC,90.2,63.1
ST03450,Student ST03450,CSE,7,5.32,57.3,56.1,0,3.1,3.0,4.3,4.3,4.0,4.2,5.3,5.2,3,1,1,0,1,4.7,5.7,4.2,7.1,5.6,3.6,2,0,Cloud/DevOps Engineer,0,SYNTHETIC,95.1,67.2
ST03451,Student ST03451,ISE,8,10.0,98.0,97.0,0,6.7,8.6,7.1,8.8,4.5,6.4,1.7,3.1,3,1,2,2,1,7.7,8.0,7.2,6.1,5.3,8.4,3,0,Cloud/DevOps Engineer,0,SYNTHETIC,86.1,76.0
ST03452,Student ST03452,CSE,7,8.85,87.1,84.1,0,6.0,5.8,5.4,5.9,3.2,5.4,5.3,2.7,0,3,2,0,1,7.5,8.8,6.5,5.9,6.3,6.3,1,0,AI/ML Engineer,1,SYNTHETIC,91.2,80.1
ST03453,Student ST03453,CSE,8,7.04,72.1,78.5,0,3.1,4.5,4.3,4.6,4.3,4.3,4.0,5.2,1,1,1,0,0,5.6,6.9,5.8,4.7,4.9,2.7,1,0,AI/ML Engineer,0,SYNTHETIC,96.4,79.6
ST03454,Student ST03454,ISE,7,7.88,84.5,81.3,0,6.4,2.0,6.5,5.0,3.3,5.8,3.4,3.6,0,1,2,1,0,8.2,6.5,5.1,8.4,8.9,7.7,0,1,Cloud/DevOps Engineer,1,SYNTHETIC,97.9,82.8
ST03455,Student ST03455,ECE,7,8.13,88.7,79.3,0,7.5,5.6,7.0,8.1,4.9,6.9,3.8,1.8,1,4,2,0,1,7.2,6.3,7.3,5.0,4.6,7.3,1,0,Cybersecurity Specialist,0,SYNTHETIC,88.0,87.0
ST03456,Student ST03456,ISE,8,7.63,79.4,70.9,0,4.3,2.3,3.4,4.0,1.0,4.3,2.7,4.2,1,6,1,0,0,5.7,7.5,4.5,6.6,6.5,6.3,0,0,AI/ML Engineer,0,SYNTHETIC,78.3,87.4
ST03457,Student ST03457,CSE,8,8.01,76.9,75.1,0,3.1,4.7,4.5,4.7,2.8,1.8,3.3,1.5,2,2,1,1,0,7.0,6.9,5.4,4.4,6.4,5.6,0,0,AI/ML Engineer,1,SYNTHETIC,93.9,71.8
ST03458,Student ST03458,ISE,7,6.31,74.7,60.8,0,1.0,1.2,4.1,5.6,1.0,2.9,1.0,1.0,2,3,1,0,0,5.1,5.5,3.8,7.4,6.8,4.8,0,0,Data Analyst,0,SYNTHETIC,78.8,82.4
ST03459,Student ST03459,ECE,8,6.54,63.3,72.9,0,5.1,4.3,3.8,6.6,2.4,5.2,5.9,2.9,2,2,2,0,0,5.6,6.2,6.5,4.0,4.2,5.4,0,0,Full-Stack Developer,0,SYNTHETIC,87.5,89.2
ST03460,Student ST03460,ISE,7,6.96,75.0,68.5,0,1.4,6.0,6.2,1.8,2.3,3.0,2.8,1.0,3,2,1,0,0,5.4,7.3,1.7,5.8,5.1,3.4,0,0,Data Analyst,0,SYNTHETIC,86.5,77.6
ST03461,Student ST03461,CSE,8,7.5,74.3,74.5,0,6.7,4.5,6.2,3.9,2.5,5.9,4.1,1.7,0,3,2,1,0,6.3,6.7,4.3,5.7,6.7,6.4,1,0,Cybersecurity Specialist,1,SYNTHETIC,94.8,61.3
ST03462,Student ST03462,ISE,8,5.79,67.0,62.7,0,1.0,3.3,6.5,3.2,2.9,2.9,1.4,2.5,2,1,1,0,1,6.0,5.5,1.0,5.7,7.1,4.3,1,0,Cybersecurity Specialist,0,SYNTHETIC,79.8,61.3
ST03463,Student ST03463,Mechanical,8,8.43,80.5,89.7,0,5.4,4.0,7.3,6.1,5.4,1.2,3.6,1.3,1,1,2,1,0,5.0,6.4,6.6,6.5,5.4,6.0,1,0,Cloud/DevOps Engineer,0,SYNTHETIC,98.0,90.5
ST03464,Student ST03464,ECE,7,8.6,85.4,85.0,0,5.4,6.4,5.6,6.0,7.0,7.5,4.0,3.1,3,5,2,2,0,6.3,7.1,4.3,6.4,6.9,5.2,0,0,Full-Stack Developer,1,SYNTHETIC,82.6,75.7
ST03465,Student ST03465,ECE,8,6.66,61.6,64.4,0,2.4,2.1,2.8,1.0,4.0,3.3,3.2,2.4,2,1,1,0,1,5.6,5.1,2.4,6.3,6.1,4.8,1,0,QA Specialist,0,SYNTHETIC,97.4,61.1
ST03466,Student ST03466,CSE,7,6.13,57.5,63.6,0,5.0,6.3,5.1,4.4,3.1,3.5,4.4,1.0,0,2,1,0,1,3.7,6.7,3.6,5.2,5.4,6.4,0,0,Full-Stack Developer,0,SYNTHETIC,87.6,64.3
ST03467,Student ST03467,Mechanical,8,7.59,85.0,70.3,0,5.7,7.9,6.5,4.9,3.9,7.3,3.8,2.7,1,2,2,0,0,6.0,7.3,5.0,2.6,3.6,4.0,0,0,QA Specialist,0,SYNTHETIC,95.7,89.2
ST03468,Student ST03468,CSE,7,6.68,72.1,72.5,0,2.8,1.4,4.0,2.7,1.3,3.2,3.4,1.0,2,3,1,0,0,6.6,5.4,1.1,8.2,7.9,4.5,0,1,AI/ML Engineer,0,SYNTHETIC,77.9,65.5
ST03469,Student ST03469,ECE,8,7.97,75.8,67.2,0,1.8,3.1,3.3,4.6,2.4,3.6,2.6,2.6,1,1,1,0,0,7.0,6.2,3.9,6.9,6.4,4.7,2,0,AI/ML Engineer,0,SYNTHETIC,96.7,69.3
ST03470,Student ST03470,Mechanical,7,9.36,92.3,95.5,0,5.1,6.6,7.4,7.6,3.7,10.0,5.8,5.6,0,3,2,0,0,7.9,6.0,6.8,2.2,4.4,5.2,1,0,QA Specialist,1,SYNTHETIC,82.5,64.0
ST03471,Student ST03471,ISE,7,6.32,70.3,68.5,0,7.0,6.0,3.9,4.3,2.9,3.6,2.4,1.4,2,4,2,0,0,7.3,4.3,6.2,6.4,5.2,5.9,0,0,Data Analyst,0,SYNTHETIC,77.8,88.3
ST03472,Student ST03472,CSE,8,6.98,67.0,70.2,0,6.6,5.2,3.0,3.3,2.3,3.4,1.3,2.1,2,2,1,0,1,4.2,7.2,5.2,6.2,5.8,5.8,0,0,Cloud/DevOps Engineer,0,SYNTHETIC,84.3,93.3
ST03473,Student ST03473,ECE,8,8.01,80.5,83.4,0,5.0,2.3,3.9,2.8,3.1,3.8,2.1,1.0,1,3,1,2,0,6.1,7.9,4.1,8.0,7.7,4.8,1,0,Cloud/DevOps Engineer,1,SYNTHETIC,85.1,88.4
ST03474,Student ST03474,CSE,8,6.29,61.6,68.3,0,4.6,2.3,5.5,4.6,2.0,1.6,4.7,1.2,1,1,1,0,0,6.1,4.8,4.7,9.0,8.7,5.0,0,1,Full-Stack Developer,0,SYNTHETIC,78.6,63.4
ST03475,Student ST03475,ISE,8,8.32,77.2,83.7,0,4.4,7.0,7.4,6.8,3.5,6.5,3.9,4.4,1,3,2,0,0,5.6,7.2,6.8,5.2,5.9,5.7,2,0,AI/ML Engineer,0,SYNTHETIC,76.0,62.8
ST03476,Student ST03476,CSE,7,8.08,78.8,83.3,0,4.4,2.6,5.4,6.7,3.1,3.4,4.6,4.2,1,1,2,1,0,5.7,6.9,5.7,8.0,7.4,6.7,1,0,QA Specialist,1,SYNTHETIC,86.2,69.8
ST03477,Student ST03477,CSE,8,6.85,72.6,67.9,0,3.7,4.6,3.6,3.2,2.2,2.1,1.7,1.4,0,1,1,0,1,6.7,7.3,3.9,5.6,3.8,4.1,2,0,Cybersecurity Specialist,0,SYNTHETIC,82.9,83.3
ST03478,Student ST03478,CSE,8,8.07,74.9,76.3,0,3.5,3.1,6.5,7.5,5.8,3.9,5.3,4.2,1,2,2,0,1,6.7,6.8,4.7,7.7,7.1,6.4,0,1,QA Specialist,1,SYNTHETIC,92.4,82.9
ST03479,Student ST03479,Mechanical,7,7.42,74.2,74.8,0,4.9,7.4,5.7,5.2,4.7,4.0,2.9,3.7,0,4,1,1,0,5.1,5.5,5.4,8.5,8.3,6.6,0,0,Cloud/DevOps Engineer,1,SYNTHETIC,80.1,93.0
ST03480,Student ST03480,Mechanical,8,8.22,73.3,87.9,0,2.9,5.9,5.5,3.5,4.3,4.1,2.9,1.0,1,4,1,1,0,5.6,7.1,4.0,6.2,6.9,4.4,1,0,Full-Stack Developer,0,SYNTHETIC,79.2,86.0
ST03481,Student ST03481,Mechanical,8,7.67,77.6,75.4,0,7.4,4.2,2.1,3.7,2.2,3.8,1.0,1.8,0,1,2,0,0,6.7,5.1,6.0,6.3,6.2,5.5,2,0,Data Analyst,0,SYNTHETIC,88.8,87.2
ST03482,Student ST03482,ECE,7,5.51,62.1,58.2,0,2.6,4.8,3.1,2.6,4.1,1.8,4.3,4.6,1,3,1,0,0,3.5,5.3,2.6,6.3,7.2,3.4,0,0,AI/ML Engineer,0,SYNTHETIC,96.8,77.1
ST03483,Student ST03483,CSE,8,5.85,62.0,65.1,0,5.8,2.3,4.7,4.5,5.2,7.6,5.0,3.9,0,4,1,0,0,4.9,3.8,3.8,6.3,4.2,4.7,0,0,QA Specialist,0,SYNTHETIC,92.2,71.6
ST03484,Student ST03484,ISE,7,6.89,69.7,71.4,0,4.3,5.7,5.6,6.3,5.4,2.3,3.9,3.0,1,2,2,0,0,7.2,5.7,5.5,6.3,7.7,5.3,0,0,AI/ML Engineer,1,SYNTHETIC,88.3,94.9
ST03485,Student ST03485,Mechanical,7,8.25,79.0,83.4,0,5.6,5.1,6.9,6.6,3.1,5.7,2.0,2.3,3,2,2,1,0,6.8,7.2,6.5,4.9,4.2,5.6,0,0,AI/ML Engineer,1,SYNTHETIC,79.1,81.7
ST03486,Student ST03486,CSE,8,6.92,67.4,68.5,0,5.2,3.2,7.0,2.7,3.2,1.7,3.3,3.8,4,3,1,0,1,6.0,5.3,2.7,7.0,6.8,4.5,0,0,Cybersecurity Specialist,0,SYNTHETIC,75.3,85.9
ST03487,Student ST03487,CSE,7,6.83,69.8,69.3,0,3.7,3.9,4.8,4.7,3.3,5.0,1.3,2.2,0,3,1,0,1,4.6,7.1,4.2,3.9,4.0,3.5,0,0,QA Specialist,0,SYNTHETIC,97.6,84.3
ST03488,Student ST03488,CSE,7,8.51,80.9,88.4,0,5.9,3.8,5.2,2.6,1.7,1.7,3.4,2.5,1,2,1,0,1,8.1,8.1,3.6,6.2,6.9,4.2,0,0,Data Analyst,1,SYNTHETIC,76.7,91.4
ST03489,Student ST03489,CSE,7,6.62,68.9,64.8,0,4.4,4.3,4.4,2.9,4.8,5.7,1.0,3.3,1,3,1,0,0,5.9,8.6,4.0,4.8,5.3,4.7,2,0,Data Analyst,1,SYNTHETIC,91.0,89.6
ST03490,Student ST03490,CSE,7,8.88,89.9,82.4,0,5.1,4.7,8.0,5.0,6.1,5.1,4.5,1.0,1,3,1,0,0,6.6,6.7,5.3,4.7,4.9,6.3,0,0,Data Analyst,0,SYNTHETIC,78.0,67.0
ST03491,Student ST03491,Mechanical,7,7.23,75.1,80.4,0,7.0,4.9,6.0,5.4,3.3,9.0,5.4,2.7,2,1,2,0,0,5.9,6.0,4.9,6.2,6.4,6.1,0,0,Data Analyst,1,SYNTHETIC,82.4,78.0
ST03492,Student ST03492,CSE,8,6.51,66.7,66.6,0,6.9,4.7,4.3,4.4,3.5,5.5,3.1,2.5,3,3,2,1,0,5.4,4.6,5.9,4.8,4.4,4.7,0,0,Cybersecurity Specialist,1,SYNTHETIC,91.9,77.4
ST03493,Student ST03493,ECE,7,6.81,66.3,70.9,0,3.5,4.5,6.1,3.4,3.6,3.6,2.0,1.7,1,2,1,0,0,6.3,5.9,3.5,5.3,5.7,4.4,0,0,Full-Stack Developer,0,SYNTHETIC,91.3,84.8
ST03494,Student ST03494,ISE,7,8.52,85.4,91.0,0,7.4,6.4,5.1,3.2,4.2,2.8,3.9,1.7,0,1,2,0,0,7.6,8.6,5.4,3.8,4.1,3.8,0,0,Data Analyst,1,SYNTHETIC,83.3,77.3
ST03495,Student ST03495,Mechanical,7,7.22,69.4,79.0,0,6.0,4.1,5.8,7.4,2.7,4.5,3.3,2.8,1,2,2,1,0,7.0,6.5,6.6,6.3,6.8,5.8,1,0,AI/ML Engineer,1,SYNTHETIC,85.1,73.4
ST03496,Student ST03496,Mechanical,8,5.82,63.9,59.9,0,4.8,3.2,4.5,1.8,1.8,6.0,1.0,2.2,1,1,1,0,0,6.1,4.7,3.1,6.6,7.1,3.4,0,0,Cloud/DevOps Engineer,1,SYNTHETIC,77.2,64.1
ST03497,Student ST03497,ECE,7,7.9,75.1,79.6,0,5.2,2.4,5.4,1.6,3.9,2.5,3.2,4.0,1,2,1,0,1,8.1,5.1,3.4,6.8,5.6,6.6,1,0,QA Specialist,0,SYNTHETIC,88.5,70.8
ST03498,Student ST03498,CSE,7,5.55,59.8,57.3,1,4.5,4.2,3.4,1.9,1.4,2.0,2.4,2.1,3,2,1,0,1,3.6,6.5,2.2,7.1,8.3,5.0,0,0,Full-Stack Developer,0,SYNTHETIC,75.0,77.9
ST03499,Student ST03499,CSE,8,6.49,67.5,65.7,1,3.8,6.1,4.5,4.8,3.5,3.5,2.8,2.0,0,2,1,0,0,6.0,6.1,4.1,6.2,5.4,5.4,0,0,Data Analyst,0,SYNTHETIC,81.8,60.1
ST03500,Student ST03500,ECE,8,7.88,79.1,79.5,0,5.2,4.7,7.3,4.4,6.2,7.1,2.5,4.0,2,1,1,0,0,8.2,8.3,4.3,5.2,3.2,5.3,0,0,Full-Stack Developer,1,SYNTHETIC,85.3,63.1
ST03501,Student ST03501,Mechanical,7,6.3,66.6,67.1,0,3.4,3.9,6.5,7.2,4.2,6.3,2.6,2.0,0,2,2,0,0,5.8,7.6,6.4,8.3,6.5,8.4,1,0,Cybersecurity Specialist,1,SYNTHETIC,90.3,81.7
ST03502,Student ST03502,ECE,7,7.14,71.5,76.3,0,5.1,5.0,3.2,4.5,1.0,5.0,2.9,2.6,0,6,1,0,0,4.6,4.9,3.7,7.5,6.2,5.7,1,0,Full-Stack Developer,1,SYNTHETIC,93.0,66.2
ST03503,Student ST03503,CSE,7,7.68,71.4,80.1,0,4.6,7.0,5.4,4.1,4.7,6.3,5.0,1.0,2,3,1,1,1,4.6,7.3,4.7,7.0,6.2,5.9,1,0,Full-Stack Developer,0,SYNTHETIC,76.8,74.3
ST03504,Student ST03504,CSE,8,5.75,64.3,59.3,0,4.4,2.0,4.8,4.1,1.0,2.6,3.7,3.8,0,2,1,0,0,7.5,5.5,4.0,5.5,4.8,4.8,1,0,AI/ML Engineer,0,SYNTHETIC,89.5,91.5
ST03505,Student ST03505,CSE,8,8.25,78.7,77.2,0,6.0,6.0,5.1,6.1,2.7,6.7,3.8,5.6,0,1,2,0,0,5.4,7.6,6.2,8.0,7.3,7.1,1,0,QA Specialist,1,SYNTHETIC,89.3,64.4
ST03506,Student ST03506,Mechanical,7,7.68,77.6,73.0,0,4.8,6.7,6.1,4.5,3.8,6.5,3.8,3.8,1,3,1,1,0,5.6,6.0,4.7,7.3,6.8,7.1,0,0,QA Specialist,1,SYNTHETIC,86.3,61.5
ST03507,Student ST03507,ECE,8,7.24,75.3,71.6,0,5.0,3.2,4.7,3.3,2.0,4.6,2.3,4.7,1,2,1,1,0,5.7,6.7,3.5,8.1,7.9,5.2,0,1,Cloud/DevOps Engineer,1,SYNTHETIC,84.2,90.1
ST03508,Student ST03508,CSE,7,7.58,84.3,77.5,0,7.7,5.2,6.7,4.4,3.5,4.5,4.3,6.3,1,4,2,0,0,6.3,5.4,4.8,6.5,5.0,6.2,0,0,Data Analyst,1,SYNTHETIC,84.9,73.8
ST03509,Student ST03509,Mechanical,7,7.86,74.9,77.9,0,5.5,2.5,5.1,4.3,4.5,5.1,1.0,4.5,3,4,1,0,0,5.8,6.3,2.7,5.7,5.9,5.6,2,0,Cybersecurity Specialist,1,SYNTHETIC,89.1,83.4
ST03510,Student ST03510,ECE,7,5.78,60.4,58.6,0,5.0,4.6,3.4,9.2,3.6,4.2,1.0,3.0,1,2,2,0,0,5.8,6.5,7.0,7.3,6.0,6.6,0,0,QA Specialist,1,SYNTHETIC,87.3,71.9
ST03511,Student ST03511,ISE,7,7.13,76.5,75.8,0,4.5,5.8,6.1,7.4,7.9,6.5,2.5,2.8,1,4,2,0,0,5.5,7.7,7.6,5.9,6.3,5.6,0,0,Cloud/DevOps Engineer,1,SYNTHETIC,84.0,85.9
ST03512,Student ST03512,ISE,8,7.31,75.5,77.4,0,6.0,6.7,4.8,6.3,5.3,3.4,1.1,6.4,1,2,2,0,0,6.2,7.6,5.6,5.6,6.3,5.6,0,0,Cloud/DevOps Engineer,1,SYNTHETIC,79.4,91.1
ST03513,Student ST03513,CSE,7,10.0,98.0,91.8,0,4.5,5.9,6.2,6.1,4.0,3.9,2.8,3.1,0,2,2,2,1,8.5,7.2,5.5,7.7,7.0,5.5,0,1,Data Analyst,1,SYNTHETIC,91.9,78.8
ST03514,Student ST03514,ECE,8,8.31,79.4,86.6,0,7.1,7.9,6.0,5.5,5.1,5.9,4.5,3.6,0,4,2,0,0,7.1,6.1,6.2,4.6,5.9,6.2,1,0,Full-Stack Developer,1,SYNTHETIC,82.9,79.0
ST03515,Student ST03515,Mechanical,8,7.28,75.4,72.9,0,7.5,5.4,4.4,7.0,1.6,5.8,3.9,1.7,1,1,2,1,0,6.3,6.3,7.4,4.2,5.1,5.7,1,0,AI/ML Engineer,0,SYNTHETIC,97.4,68.4
ST03516,Student ST03516,CSE,8,7.38,71.8,72.9,0,3.4,2.4,2.6,3.3,3.3,1.4,1.0,4.5,2,2,1,0,1,9.2,5.4,3.0,5.9,6.1,3.7,0,0,Data Analyst,1,SYNTHETIC,84.5,60.6
ST03517,Student ST03517,CSE,8,7.82,76.7,74.4,0,7.1,4.5,4.5,5.2,2.5,4.9,3.1,1.0,0,3,2,0,1,6.2,6.4,7.1,5.6,4.9,6.9,0,0,Full-Stack Developer,0,SYNTHETIC,83.2,67.7
ST03518,Student ST03518,Mechanical,8,7.98,81.1,85.8,0,3.7,4.8,3.2,5.1,2.7,6.9,2.8,5.8,4,3,1,0,0,6.9,4.9,4.7,6.5,7.8,5.6,2,0,Cloud/DevOps Engineer,0,SYNTHETIC,93.6,89.0
ST03519,Student ST03519,ECE,7,7.96,93.9,78.9,0,2.5,5.0,4.5,3.3,3.1,4.5,3.1,4.1,2,3,1,0,0,7.0,5.5,3.3,5.0,6.0,3.9,0,0,Cybersecurity Specialist,1,SYNTHETIC,96.7,82.9
ST03520,Student ST03520,ECE,7,9.26,94.0,86.9,0,3.8,3.1,5.3,5.8,3.9,4.1,1.0,5.1,1,3,1,1,0,6.4,7.0,5.0,6.7,5.9,5.0,0,0,Data Analyst,1,SYNTHETIC,91.3,85.0
ST03521,Student ST03521,Mechanical,7,6.76,67.1,69.1,0,7.0,3.3,6.8,5.5,3.5,3.1,3.2,2.8,0,1,2,0,1,5.0,6.4,6.6,4.6,5.8,6.4,1,0,QA Specialist,0,SYNTHETIC,98.7,69.5
ST03522,Student ST03522,ISE,7,9.4,90.4,90.0,0,6.3,4.6,6.1,6.4,1.9,6.8,1.4,3.5,2,5,2,3,0,7.2,7.0,5.3,6.3,4.8,5.2,0,0,Cloud/DevOps Engineer,1,SYNTHETIC,97.9,80.6
ST03523,Student ST03523,ECE,8,6.26,60.9,67.0,1,5.0,6.0,5.0,5.6,2.0,6.4,5.8,3.1,2,5,2,0,1,6.2,5.5,6.0,4.0,3.9,4.8,1,0,QA Specialist,1,SYNTHETIC,85.6,63.0
ST03524,Student ST03524,ISE,8,9.91,98.0,97.0,0,8.5,4.6,8.4,6.4,3.9,4.9,4.3,5.4,1,1,2,3,0,7.6,6.2,7.1,4.6,3.9,5.6,0,0,Data Analyst,1,SYNTHETIC,80.5,69.2
ST03525,Student ST03525,ISE,8,7.84,76.4,83.5,0,4.7,4.0,5.0,4.8,3.3,5.1,3.1,3.1,2,4,1,0,0,8.3,6.6,4.0,6.4,5.4,3.5,2,0,QA Specialist,1,SYNTHETIC,78.9,62.3
ST03526,Student ST03526,ISE,8,7.02,71.9,69.3,0,7.1,4.5,6.0,4.2,2.9,4.6,5.0,1.0,1,3,2,1,0,5.8,6.4,3.9,6.5,5.5,5.7,1,0,Data Analyst,0,SYNTHETIC,87.1,60.5
ST03527,Student ST03527,ECE,7,9.02,92.5,88.2,0,4.9,6.1,4.8,3.0,2.9,5.5,2.7,4.8,1,1,1,1,0,8.5,8.2,4.6,7.0,7.2,5.3,1,1,AI/ML Engineer,0,SYNTHETIC,98.1,65.7
ST03528,Student ST03528,ISE,7,8.55,89.9,82.6,0,6.0,6.3,5.9,7.8,5.0,6.5,5.8,3.0,1,1,2,0,1,7.1,5.8,7.0,6.9,6.1,7.1,1,0,QA Specialist,1,SYNTHETIC,89.0,71.8
ST03529,Student ST03529,CSE,8,7.9,80.4,75.2,0,5.3,6.2,6.6,7.5,5.2,2.6,3.8,5.3,1,2,2,2,0,6.5,6.4,6.9,5.4,3.8,6.1,0,0,Cybersecurity Specialist,1,SYNTHETIC,98.0,70.3
ST03530,Student ST03530,ECE,7,7.32,74.7,73.6,0,4.5,2.9,6.0,3.4,6.9,2.1,2.6,5.9,0,2,1,0,0,7.4,5.9,4.4,5.9,7.1,5.5,1,0,AI/ML Engineer,1,SYNTHETIC,84.8,86.2
ST03531,Student ST03531,CSE,7,7.21,75.4,68.3,0,5.4,6.5,4.0,5.4,2.2,5.6,4.5,3.1,1,2,2,0,1,4.5,5.1,6.7,7.4,7.3,5.0,2,0,QA Specialist,0,SYNTHETIC,84.2,87.7
ST03532,Student ST03532,Mechanical,7,8.45,80.9,79.8,0,7.4,6.8,6.3,6.8,4.5,5.7,5.3,2.2,2,1,2,1,0,5.4,7.6,7.4,4.5,4.2,4.8,0,0,Full-Stack Developer,0,SYNTHETIC,84.0,71.1
ST03533,Student ST03533,CSE,7,6.85,70.3,62.2,0,6.4,4.3,6.0,4.9,1.8,6.5,5.8,2.7,3,3,2,0,0,6.3,7.4,5.0,6.9,6.4,6.2,2,0,QA Specialist,1,SYNTHETIC,78.3,76.6
ST03534,Student ST03534,CSE,7,5.41,55.0,55.5,0,3.2,4.1,1.8,1.0,1.9,2.6,2.0,1.3,1,2,1,0,1,6.7,5.4,1.9,5.1,4.0,4.1,0,0,AI/ML Engineer,0,SYNTHETIC,87.0,71.9
ST03535,Student ST03535,CSE,8,9.15,87.0,87.9,0,6.4,5.0,6.4,6.7,5.1,5.9,2.8,3.5,0,3,2,0,0,7.2,7.2,7.4,6.6,5.6,7.2,1,0,QA Specialist,1,SYNTHETIC,82.7,81.4
ST03536,Student ST03536,CSE,7,7.67,75.9,72.4,0,5.5,5.2,3.6,6.1,3.3,4.9,1.0,1.0,0,2,2,0,0,5.9,7.2,7.8,4.0,4.0,4.5,0,0,Full-Stack Developer,1,SYNTHETIC,95.9,78.3
ST03537,Student ST03537,CSE,7,7.77,80.2,74.9,0,4.0,1.8,4.3,4.6,2.6,2.3,5.0,1.7,2,3,1,1,1,6.6,5.6,4.2,5.9,4.5,3.9,2,0,Data Analyst,1,SYNTHETIC,90.5,85.1
ST03538,Student ST03538,ECE,7,8.52,86.0,79.0,0,5.9,3.5,5.0,4.8,3.6,5.2,3.8,3.9,1,4,2,2,1,8.1,5.3,5.0,6.4,6.4,5.0,0,0,Cybersecurity Specialist,1,SYNTHETIC,90.4,70.6
ST03539,Student ST03539,ISE,8,8.07,76.7,78.2,0,5.8,4.5,6.2,7.1,2.3,2.2,4.8,2.8,0,2,2,1,1,7.2,7.9,7.2,7.1,5.8,7.6,0,1,Cybersecurity Specialist,0,SYNTHETIC,82.5,84.6
ST03540,Student ST03540,CSE,7,7.43,82.4,74.8,0,6.7,5.2,6.6,5.7,6.1,5.4,5.2,4.3,1,1,2,1,0,6.5,6.9,6.8,6.7,6.5,6.9,0,0,Cloud/DevOps Engineer,0,SYNTHETIC,78.2,83.1
ST03541,Student ST03541,Mechanical,8,7.59,73.6,68.9,0,5.9,4.5,7.8,3.7,4.3,2.1,2.4,4.6,1,2,1,0,0,5.8,7.3,4.4,7.9,7.2,6.8,0,1,Cloud/DevOps Engineer,1,SYNTHETIC,80.7,70.6
ST03542,Student ST03542,CSE,7,8.03,77.2,79.6,0,7.2,3.8,5.3,5.6,5.6,4.3,3.5,3.0,1,6,2,1,2,7.2,5.4,6.3,6.4,4.8,5.8,0,0,Cybersecurity Specialist,1,SYNTHETIC,92.7,67.4
ST03543,Student ST03543,Mechanical,8,8.72,92.0,85.6,0,5.1,5.0,7.0,5.9,1.3,2.1,4.4,1.0,2,1,2,2,0,5.3,6.9,5.1,6.3,5.6,6.0,0,0,Cybersecurity Specialist,1,SYNTHETIC,90.5,63.8
ST03544,Student ST03544,ISE,8,7.48,74.7,76.8,0,6.5,2.7,4.4,9.2,5.1,4.0,3.2,1.1,2,2,2,0,0,5.7,6.8,7.7,8.0,6.6,7.4,1,0,QA Specialist,1,SYNTHETIC,81.4,84.7
ST03545,Student ST03545,ECE,8,7.52,78.2,76.3,0,6.4,4.4,4.6,4.0,3.1,5.9,4.2,1.5,1,1,1,0,1,7.5,4.1,4.9,5.2,3.7,4.0,0,0,Cloud/DevOps Engineer,0,SYNTHETIC,86.2,62.8
ST03546,Student ST03546,CSE,7,7.38,74.7,70.6,0,7.0,7.6,5.3,6.7,2.0,5.0,4.2,4.6,0,1,2,2,0,7.9,5.1,6.0,5.3,6.0,5.7,0,0,Cloud/DevOps Engineer,1,SYNTHETIC,85.3,73.9
ST03547,Student ST03547,ECE,7,6.71,69.4,64.8,0,5.3,1.5,4.0,4.2,2.6,3.3,4.0,3.1,0,4,1,0,1,6.8,6.4,4.1,6.7,4.0,6.3,1,0,QA Specialist,1,SYNTHETIC,94.7,74.4
ST03548,Student ST03548,ECE,7,8.31,85.8,85.4,0,7.0,7.0,6.1,5.2,3.7,5.0,4.3,4.7,4,3,2,0,0,5.8,7.0,6.0,8.0,7.8,7.9,0,1,AI/ML Engineer,1,SYNTHETIC,86.4,90.8
ST03549,Student ST03549,CSE,8,6.97,70.0,76.3,0,5.2,3.7,3.8,5.4,2.2,5.0,1.0,2.0,1,2,2,0,0,5.5,8.1,6.1,5.9,7.1,5.9,2,0,Full-Stack Developer,1,SYNTHETIC,86.7,82.2
ST03550,Student ST03550,CSE,8,5.58,58.2,57.1,0,6.6,4.8,5.6,5.8,4.8,4.6,3.6,3.1,1,3,2,0,1,5.7,6.0,5.8,7.4,6.1,6.7,0,1,AI/ML Engineer,0,SYNTHETIC,94.4,93.0
ST03551,Student ST03551,ECE,8,5.88,73.8,62.4,0,6.7,4.7,5.2,1.4,2.9,5.3,3.2,2.4,2,4,1,1,1,5.5,3.5,2.8,5.9,5.8,5.4,0,0,AI/ML Engineer,0,SYNTHETIC,85.1,74.7
ST03552,Student ST03552,CSE,8,7.84,79.9,79.9,0,4.6,3.9,3.6,4.0,2.8,2.8,4.5,4.0,3,6,1,0,1,5.6,5.7,5.3,5.6,5.5,4.9,1,0,Full-Stack Developer,1,SYNTHETIC,96.6,71.6
ST03553,Student ST03553,CSE,8,6.82,67.3,69.1,0,2.5,4.7,5.5,3.1,2.8,5.4,3.5,1.4,2,1,1,0,1,4.8,5.6,3.6,7.3,6.4,5.0,1,0,AI/ML Engineer,0,SYNTHETIC,80.9,87.2
ST03554,Student ST03554,ISE,8,7.04,72.2,69.8,0,4.9,5.6,3.9,3.3,1.9,3.8,4.7,1.8,2,6,1,0,0,5.8,7.0,4.7,7.7,7.3,6.5,1,0,AI/ML Engineer,1,SYNTHETIC,88.5,76.7
ST03555,Student ST03555,CSE,8,7.37,75.0,69.6,0,5.6,5.3,3.3,5.1,1.0,5.8,4.8,1.1,0,1,2,1,2,5.8,6.6,5.4,6.6,6.5,6.2,0,0,Cybersecurity Specialist,0,SYNTHETIC,76.6,60.6
ST03556,Student ST03556,ECE,8,7.46,85.3,77.1,0,5.0,6.1,4.1,3.8,1.0,4.0,2.3,2.5,1,5,1,1,0,5.7,6.2,4.4,7.9,6.7,4.7,1,0,Data Analyst,1,SYNTHETIC,86.7,78.4
ST03557,Student ST03557,ECE,8,7.55,70.4,82.5,0,2.7,4.0,4.2,3.6,3.2,4.7,2.9,1.4,1,2,1,0,0,4.7,6.2,3.6,7.4,7.1,5.4,0,0,Cloud/DevOps Engineer,1,SYNTHETIC,96.1,83.1
ST03558,Student ST03558,ISE,7,5.52,55.0,57.0,3,1.6,2.6,2.3,1.9,2.5,2.4,1.0,3.0,0,1,1,0,0,3.5,6.1,1.8,5.8,5.4,3.3,1,0,AI/ML Engineer,0,SYNTHETIC,95.2,76.0
ST03559,Student ST03559,Mechanical,7,7.09,72.5,71.2,0,3.7,3.0,5.5,2.6,2.1,1.0,1.0,1.0,2,1,1,0,0,5.1,6.1,1.8,5.7,7.3,3.9,1,0,QA Specialist,0,SYNTHETIC,81.4,74.4
ST03560,Student ST03560,Mechanical,7,7.2,70.9,73.5,0,5.7,5.1,8.0,4.0,1.6,3.2,4.8,1.0,2,3,1,0,1,7.7,6.3,4.5,6.0,7.5,5.5,1,0,Full-Stack Developer,0,SYNTHETIC,77.1,71.7
ST03561,Student ST03561,CSE,7,7.59,73.4,74.2,0,4.9,2.3,5.3,2.2,1.0,1.0,1.0,4.2,2,2,1,0,0,5.8,7.7,5.4,7.7,7.7,5.3,0,0,Cybersecurity Specialist,0,SYNTHETIC,93.0,94.2
ST03562,Student ST03562,CSE,8,8.03,82.3,82.5,0,5.6,3.9,5.7,6.2,5.5,5.7,3.3,3.4,1,1,2,1,0,6.6,7.7,5.2,4.9,6.1,5.1,0,0,Data Analyst,1,SYNTHETIC,95.3,81.6
ST03563,Student ST03563,Mechanical,7,8.19,81.3,82.6,0,5.1,3.6,5.3,7.3,1.8,5.3,1.6,2.1,3,2,2,1,0,7.4,5.4,6.8,7.6,6.8,6.5,0,1,Data Analyst,0,SYNTHETIC,78.4,93.5
ST03564,Student ST03564,ISE,8,7.73,77.3,84.4,0,5.9,6.6,5.1,8.0,4.7,8.1,2.7,1.0,1,3,2,0,0,8.3,7.0,7.6,6.7,6.4,5.7,1,0,Cloud/DevOps Engineer,1,SYNTHETIC,90.4,90.0
ST03565,Student ST03565,CSE,7,7.16,69.9,86.3,0,5.7,5.2,4.8,7.7,4.3,5.7,1.7,4.0,2,1,2,0,0,6.8,5.3,6.2,3.7,3.9,5.9,0,0,Cybersecurity Specialist,1,SYNTHETIC,83.2,93.1
ST03566,Student ST03566,ECE,7,5.37,55.0,54.3,0,3.7,3.4,4.4,1.3,1.3,2.6,2.1,2.8,2,1,1,0,0,4.9,6.5,1.7,8.2,7.7,5.7,0,1,Full-Stack Developer,0,SYNTHETIC,93.9,79.9
ST03567,Student ST03567,CSE,7,9.09,91.2,81.1,0,5.9,6.2,5.3,5.9,4.0,5.9,4.4,2.2,1,2,2,0,2,7.3,5.4,6.4,6.4,6.2,6.6,0,0,Cybersecurity Specialist,0,SYNTHETIC,82.3,88.7
ST03568,Student ST03568,CSE,8,6.8,72.0,67.5,0,3.6,4.2,4.7,1.3,2.0,5.0,6.0,2.1,0,5,1,1,0,6.7,4.2,2.3,5.0,5.3,3.6,1,0,QA Specialist,1,SYNTHETIC,76.2,70.0
ST03569,Student ST03569,CSE,7,7.24,73.4,73.8,0,7.1,4.2,4.2,6.5,2.9,2.8,2.6,1.5,1,4,2,0,1,7.6,6.1,7.1,6.6,6.9,5.9,0,0,Cybersecurity Specialist,0,SYNTHETIC,80.8,62.1
ST03570,Student ST03570,CSE,8,7.43,81.7,64.6,0,6.2,6.3,4.9,6.2,3.4,3.1,2.8,3.4,2,4,2,0,0,7.0,6.4,6.2,7.9,8.6,6.6,0,1,AI/ML Engineer,0,SYNTHETIC,86.4,76.7
ST03571,Student ST03571,Mechanical,8,7.99,77.7,76.3,0,7.1,5.5,7.0,4.7,2.8,5.5,3.6,3.8,1,3,2,0,0,7.5,6.2,5.5,4.7,2.8,5.5,1,0,QA Specialist,1,SYNTHETIC,94.3,82.3
ST03572,Student ST03572,CSE,8,7.77,80.1,76.8,0,4.6,2.5,1.0,2.8,1.0,2.9,2.7,1.3,1,2,1,1,1,6.5,6.9,3.0,7.4,6.1,3.9,0,1,Data Analyst,0,SYNTHETIC,98.1,64.9
ST03573,Student ST03573,CSE,7,6.81,67.6,73.4,0,6.2,5.9,5.8,6.9,4.8,6.1,1.0,6.6,1,1,2,0,0,5.2,5.8,6.4,4.7,4.3,6.6,1,0,QA Specialist,1,SYNTHETIC,85.7,68.6
ST03574,Student ST03574,ISE,7,8.25,84.9,88.8,0,5.0,2.8,4.9,5.3,5.0,1.3,2.3,4.7,1,2,1,1,1,6.8,7.5,5.7,7.0,7.3,6.1,0,0,Data Analyst,1,SYNTHETIC,80.4,69.3
ST03575,Student ST03575,CSE,7,8.73,83.0,88.4,0,6.1,7.2,6.8,6.0,4.7,5.3,4.5,3.1,0,4,2,1,0,7.0,7.2,6.2,5.4,5.6,5.7,3,0,Full-Stack Developer,0,SYNTHETIC,98.4,86.5
ST03576,Student ST03576,ISE,7,6.83,68.4,77.6,0,5.1,5.3,5.2,5.5,4.0,3.9,3.9,3.3,1,1,2,0,1,5.3,6.2,5.3,6.8,7.0,6.3,0,0,Cybersecurity Specialist,1,SYNTHETIC,81.0,78.7
ST03577,Student ST03577,CSE,8,8.06,79.6,80.5,0,6.2,8.3,7.9,3.6,4.7,3.0,5.6,5.0,1,3,1,0,0,5.7,6.1,6.0,8.1,6.9,6.1,2,1,AI/ML Engineer,1,SYNTHETIC,75.2,82.3
ST03578,Student ST03578,CSE,7,7.39,76.5,75.7,0,5.9,5.0,7.1,7.3,4.7,4.9,2.6,1.5,1,5,2,0,0,4.7,5.6,4.3,6.9,7.7,6.3,1,0,Full-Stack Developer,1,SYNTHETIC,79.7,60.2
ST03579,Student ST03579,CSE,7,8.82,89.6,88.8,0,4.0,3.6,5.3,3.4,4.6,4.9,3.6,5.8,2,3,1,1,0,7.6,6.6,3.7,5.7,5.3,4.4,0,0,Data Analyst,1,SYNTHETIC,78.0,67.7
ST03580,Student ST03580,ISE,8,8.3,84.6,74.0,0,2.4,1.2,6.2,5.5,5.3,3.6,4.2,3.3,0,1,1,1,1,6.2,5.3,4.5,8.5,6.9,5.9,0,0,QA Specialist,1,SYNTHETIC,87.7,77.4
ST03581,Student ST03581,ISE,8,7.54,69.5,73.9,0,6.2,2.9,6.4,3.1,2.5,3.1,1.0,1.7,0,2,1,0,0,6.6,4.2,4.2,6.5,6.1,7.2,0,0,Full-Stack Developer,1,SYNTHETIC,82.7,61.0
ST03582,Student ST03582,CSE,7,7.0,77.9,81.1,1,4.8,4.5,6.0,6.1,3.4,6.6,3.8,1.2,0,5,2,0,0,5.0,6.0,5.4,3.6,4.3,5.8,0,0,Data Analyst,1,SYNTHETIC,76.1,80.0
ST03583,Student ST03583,ECE,7,7.43,74.2,73.0,0,5.4,3.8,3.2,4.5,3.2,3.3,6.6,3.8,0,2,1,1,0,7.2,7.6,4.8,7.4,7.0,6.4,0,0,Cybersecurity Specialist,1,SYNTHETIC,93.4,60.8
ST03584,Student ST03584,ECE,7,6.8,71.0,65.5,0,6.7,7.2,6.1,6.4,2.1,3.4,3.6,5.6,0,6,2,2,2,5.7,4.1,6.2,5.2,5.1,6.5,1,0,QA Specialist,0,SYNTHETIC,80.6,76.9
ST03585,Student ST03585,CSE,8,7.6,68.9,79.6,0,2.7,5.0,4.4,4.3,2.4,3.4,4.4,1.1,0,1,1,0,0,5.0,6.5,3.0,4.3,4.1,2.6,0,0,Cloud/DevOps Engineer,0,SYNTHETIC,92.0,70.2
ST03586,Student ST03586,CSE,8,6.38,66.3,66.1,0,3.7,6.7,5.7,6.1,4.0,4.4,2.2,1.4,2,3,1,0,0,6.1,4.2,4.8,4.9,3.6,3.9,0,0,Cloud/DevOps Engineer,0,SYNTHETIC,85.0,89.5
ST03587,Student ST03587,CSE,7,7.13,77.3,72.6,0,6.1,5.0,5.6,5.5,2.7,5.0,4.0,2.8,3,2,2,1,0,7.1,5.2,6.0,6.9,7.7,6.4,1,0,Cybersecurity Specialist,0,SYNTHETIC,95.5,91.2
ST03588,Student ST03588,Mechanical,7,7.27,72.6,67.3,0,5.7,5.6,7.1,5.2,3.0,6.0,3.6,2.0,2,3,2,0,3,6.9,5.7,6.1,7.3,5.9,5.7,1,1,Full-Stack Developer,1,SYNTHETIC,91.5,90.5
ST03589,Student ST03589,CSE,7,8.6,82.3,93.2,0,4.7,6.3,5.0,5.9,1.4,3.9,4.1,1.3,1,3,2,1,0,4.7,7.8,5.8,5.8,4.6,5.3,0,0,Cloud/DevOps Engineer,1,SYNTHETIC,81.9,77.9
ST03590,Student ST03590,ISE,7,7.24,79.4,68.9,0,4.5,5.0,4.8,3.5,2.8,3.2,3.7,4.2,2,4,1,0,0,7.1,5.5,4.5,7.3,5.1,6.0,0,1,Data Analyst,0,SYNTHETIC,86.3,88.2
ST03591,Student ST03591,ECE,7,8.08,79.4,83.4,0,5.5,5.7,5.1,7.1,4.7,4.6,4.5,3.5,0,1,2,1,0,7.3,7.3,4.7,6.1,6.0,5.9,1,0,Full-Stack Developer,1,SYNTHETIC,84.8,62.9
ST03592,Student ST03592,ECE,8,6.02,58.1,64.2,0,2.0,4.8,5.3,3.7,1.2,4.7,2.4,1.3,2,1,1,0,1,3.8,5.5,3.6,4.6,4.7,4.3,1,0,QA Specialist,1,SYNTHETIC,98.4,92.1
ST03593,Student ST03593,CSE,7,7.28,72.1,67.6,0,2.5,1.6,5.0,4.6,1.0,4.2,1.0,2.7,1,2,1,0,0,5.7,5.3,4.0,7.3,5.8,6.3,2,0,QA Specialist,0,SYNTHETIC,91.0,67.1
ST03594,Student ST03594,CSE,7,7.25,73.2,81.1,0,4.1,1.0,3.8,4.4,4.7,6.1,3.2,2.1,1,4,1,0,0,5.8,6.3,5.5,5.2,4.6,2.4,0,0,Data Analyst,1,SYNTHETIC,84.9,77.7
ST03595,Student ST03595,CSE,8,7.46,76.3,78.5,0,2.9,2.1,3.6,3.4,2.3,2.8,1.6,1.6,1,4,1,1,0,7.8,5.4,2.8,6.0,6.1,4.1,2,0,Data Analyst,1,SYNTHETIC,98.7,82.2
ST03596,Student ST03596,CSE,8,8.09,82.4,74.9,0,5.5,3.6,4.6,6.4,4.2,4.7,3.0,4.3,2,3,2,0,2,6.7,5.5,6.3,4.0,2.8,5.4,0,0,QA Specialist,1,SYNTHETIC,96.9,80.4
ST03597,Student ST03597,Mechanical,7,8.07,83.4,85.3,0,4.9,6.6,3.8,6.1,5.0,4.6,3.6,3.0,1,2,2,0,2,6.0,8.1,6.6,6.8,6.1,4.6,0,0,Data Analyst,1,SYNTHETIC,94.5,88.0
ST03598,Student ST03598,ECE,8,8.1,82.8,79.7,0,4.8,4.6,5.4,3.8,3.0,3.6,1.4,3.5,1,2,1,0,0,8.2,7.8,4.1,7.5,6.8,4.8,0,1,Data Analyst,1,SYNTHETIC,87.4,66.8
ST03599,Student ST03599,ISE,8,7.35,80.8,76.8,0,3.9,2.9,3.3,6.4,3.8,6.1,5.5,2.8,3,5,1,1,0,5.0,6.3,6.5,4.7,5.5,5.5,1,0,Cloud/DevOps Engineer,0,SYNTHETIC,75.3,81.2
ST03600,Student ST03600,Mechanical,8,9.4,95.6,87.3,0,6.0,5.8,7.5,8.6,2.9,5.5,6.3,2.7,1,1,2,2,0,7.1,7.4,7.0,5.8,5.6,6.3,2,0,Cloud/DevOps Engineer,0,SYNTHETIC,81.3,81.8
ST03601,Student ST03601,Mechanical,8,7.21,69.0,70.9,0,7.4,6.6,4.6,6.2,3.4,6.5,3.0,2.2,3,4,2,1,1,5.5,6.0,5.7,5.6,5.0,6.4,0,0,QA Specialist,1,SYNTHETIC,88.7,64.8
ST03602,Student ST03602,ISE,8,8.28,81.1,81.0,0,7.4,3.5,8.4,5.9,3.5,5.0,2.1,7.5,1,3,2,1,1,6.4,5.7,6.3,7.7,8.5,7.1,0,1,AI/ML Engineer,0,SYNTHETIC,76.9,69.3
ST03603,Student ST03603,CSE,8,6.62,72.0,61.2,0,4.4,5.3,4.5,3.4,2.5,3.1,2.0,4.1,0,6,1,0,0,6.4,5.0,3.5,3.7,5.5,3.6,2,0,AI/ML Engineer,0,SYNTHETIC,95.5,78.7
ST03604,Student ST03604,ISE,8,6.63,75.3,72.2,0,3.2,4.1,3.0,3.8,4.7,3.9,5.7,1.0,2,3,1,0,0,6.7,5.0,4.2,5.8,6.2,4.2,0,0,Full-Stack Developer,1,SYNTHETIC,75.8,87.4
ST03605,Student ST03605,ECE,7,8.16,85.4,75.6,0,6.3,4.4,7.4,3.6,4.9,4.1,5.0,3.4,1,1,1,1,0,6.2,7.1,2.8,6.5,6.6,4.9,2,0,AI/ML Engineer,0,SYNTHETIC,75.4,73.5
ST03606,Student ST03606,ECE,7,7.89,79.2,70.6,0,4.8,5.7,5.0,5.2,4.3,4.9,2.5,3.7,2,3,1,0,0,5.7,8.0,4.9,5.5,4.8,5.4,1,0,AI/ML Engineer,0,SYNTHETIC,90.6,72.1
ST03607,Student ST03607,Mechanical,7,6.57,65.2,66.0,0,3.3,5.4,2.2,2.5,1.0,3.3,3.9,2.5,3,3,1,0,1,6.3,5.6,3.9,6.1,6.3,5.4,2,0,Cybersecurity Specialist,1,SYNTHETIC,97.9,66.4
ST03608,Student ST03608,CSE,7,5.0,57.5,52.9,0,4.2,4.7,3.2,4.4,3.5,3.7,1.2,2.0,0,1,1,0,0,3.0,4.5,4.6,5.0,4.8,4.7,0,0,Cybersecurity Specialist,0,SYNTHETIC,79.0,62.6
ST03609,Student ST03609,CSE,8,8.95,92.8,81.4,0,7.2,5.8,7.4,8.0,3.0,5.8,2.0,2.7,1,5,2,1,0,7.8,6.7,7.4,5.2,5.8,7.3,0,0,Data Analyst,1,SYNTHETIC,94.5,63.0
ST03610,Student ST03610,CSE,7,7.38,80.1,69.1,0,5.0,3.2,4.3,4.8,3.5,3.7,1.0,1.6,1,1,1,0,0,6.4,3.8,4.6,4.5,4.5,4.7,0,0,Cloud/DevOps Engineer,0,SYNTHETIC,85.4,62.3
ST03611,Student ST03611,CSE,8,7.89,81.9,78.6,0,5.4,5.6,6.3,5.4,6.2,4.3,3.2,4.4,3,1,2,0,0,7.7,6.6,4.8,4.8,5.1,5.9,0,0,Full-Stack Developer,1,SYNTHETIC,81.9,82.0
ST03612,Student ST03612,Mechanical,8,7.55,74.7,80.2,0,6.9,10.0,8.1,10.0,6.8,7.9,5.7,3.8,0,3,2,1,0,5.6,5.9,8.1,8.8,9.6,9.8,0,0,QA Specialist,1,SYNTHETIC,82.2,66.9
ST03613,Student ST03613,ECE,7,7.56,70.9,78.0,0,3.9,5.5,4.8,3.7,2.1,3.3,1.9,2.6,4,1,1,0,1,6.1,6.7,3.2,6.9,5.9,5.8,0,0,Cloud/DevOps Engineer,0,SYNTHETIC,75.8,64.2
ST03614,Student ST03614,CSE,7,7.01,76.4,76.5,0,5.5,4.7,3.2,5.5,1.1,2.1,1.7,1.6,1,2,2,0,0,7.8,6.8,6.2,10.0,8.9,6.2,0,0,Cloud/DevOps Engineer,0,SYNTHETIC,76.8,84.6
ST03615,Student ST03615,CSE,8,7.91,81.2,76.9,0,5.0,3.7,7.2,3.8,2.9,3.9,3.7,3.5,2,2,1,1,0,6.5,7.7,5.6,5.5,5.2,4.9,1,0,AI/ML Engineer,1,SYNTHETIC,94.2,62.7
ST03616,Student ST03616,CSE,7,8.38,86.1,81.4,0,4.4,6.6,8.8,6.1,6.0,6.2,2.9,2.0,1,5,1,1,0,8.2,5.5,5.0,5.7,7.0,5.4,0,0,Full-Stack Developer,1,SYNTHETIC,95.6,92.9
ST03617,Student ST03617,CSE,7,8.28,84.8,90.4,0,7.0,6.1,10.0,8.6,4.2,4.3,1.1,2.1,2,4,2,0,1,6.8,5.4,8.0,7.6,7.3,8.3,0,1,Cloud/DevOps Engineer,1,SYNTHETIC,95.1,73.3
ST03618,Student ST03618,CSE,8,5.82,67.6,56.8,0,2.5,1.9,3.4,2.2,4.8,2.9,2.0,2.5,0,2,1,0,1,6.3,5.4,2.6,5.4,6.5,3.3,0,0,QA Specialist,0,SYNTHETIC,94.9,75.1
ST03619,Student ST03619,Mechanical,7,7.08,67.7,70.1,0,4.9,5.4,3.2,4.7,4.6,1.8,1.0,1.0,1,5,1,0,1,6.3,6.1,5.3,5.9,5.5,4.6,0,0,AI/ML Engineer,0,SYNTHETIC,83.6,61.4
ST03620,Student ST03620,CSE,8,6.56,71.5,76.6,0,5.9,3.3,5.0,4.8,2.7,6.3,4.8,2.9,0,1,2,0,0,5.7,5.9,4.9,2.7,2.0,5.6,2,0,Full-Stack Developer,1,SYNTHETIC,90.4,75.6
ST03621,Student ST03621,ISE,7,8.31,85.3,78.3,0,9.9,5.5,7.1,5.6,4.5,5.8,6.4,1.9,3,1,2,1,0,8.4,7.9,7.2,6.6,5.9,8.1,0,0,Cybersecurity Specialist,1,SYNTHETIC,98.2,77.8
ST03622,Student ST03622,CSE,7,7.8,81.2,75.8,0,2.6,5.0,7.7,5.5,6.5,5.2,4.9,4.1,2,3,1,1,0,6.5,5.9,3.7,4.7,4.7,4.7,0,0,Full-Stack Developer,0,SYNTHETIC,87.1,86.9
ST03623,Student ST03623,CSE,7,6.38,68.6,73.8,0,6.7,1.5,5.6,5.4,5.0,4.0,1.8,4.2,1,1,2,0,2,6.1,5.2,4.9,7.3,6.7,6.5,0,0,AI/ML Engineer,0,SYNTHETIC,81.5,67.6
ST03624,Student ST03624,CSE,7,8.03,78.8,80.6,0,4.9,5.5,6.2,6.3,2.0,5.6,1.0,1.0,4,2,2,0,0,7.7,6.9,4.9,5.3,6.7,5.5,0,0,Cybersecurity Specialist,1,SYNTHETIC,96.0,94.7
ST03625,Student ST03625,CSE,8,8.59,84.3,80.8,0,4.3,5.7,6.7,5.0,3.7,4.3,4.8,2.9,1,1,1,1,0,7.3,6.2,3.5,6.4,6.5,6.4,0,0,Cloud/DevOps Engineer,1,SYNTHETIC,75.4,63.2
ST03626,Student ST03626,ISE,7,6.81,69.0,69.1,0,4.4,3.9,2.3,4.8,4.1,2.9,4.0,3.0,2,1,1,1,0,6.7,5.1,3.4,4.5,5.6,4.5,1,0,Data Analyst,1,SYNTHETIC,82.7,71.4
ST03627,Student ST03627,ISE,7,7.38,75.9,77.6,0,3.6,6.0,5.1,4.8,2.4,5.6,4.3,2.3,1,6,1,2,1,7.9,7.7,3.9,7.5,6.6,6.2,0,1,AI/ML Engineer,1,SYNTHETIC,86.4,90.0
ST03628,Student ST03628,ECE,8,8.52,85.7,79.9,0,7.1,9.1,7.3,5.0,4.7,4.6,2.2,1.8,2,2,2,2,0,7.6,6.2,5.8,4.9,6.1,4.5,0,0,Full-Stack Developer,1,SYNTHETIC,83.3,63.7
ST03629,Student ST03629,CSE,8,7.81,75.1,83.9,0,5.7,5.9,3.6,5.7,2.9,3.6,4.1,4.7,2,3,2,0,1,5.2,8.1,7.0,6.7,5.9,5.9,1,0,Data Analyst,0,SYNTHETIC,80.4,60.3
ST03630,Student ST03630,Mechanical,8,7.96,81.0,74.5,0,5.3,3.9,4.8,4.6,2.4,4.2,3.9,2.3,2,1,1,0,0,5.9,6.6,5.3,6.7,5.2,7.3,0,0,Cloud/DevOps Engineer,0,SYNTHETIC,79.7,73.3
ST03631,Student ST03631,ISE,7,7.41,80.8,75.9,0,6.3,7.0,5.7,4.0,3.6,4.5,2.8,4.7,0,1,1,0,0,5.6,5.2,4.4,6.2,5.8,5.7,1,0,QA Specialist,0,SYNTHETIC,98.4,72.7
ST03632,Student ST03632,CSE,7,6.33,61.5,63.2,0,3.8,5.5,4.2,3.0,4.2,3.9,1.2,5.4,2,3,1,0,0,5.1,6.8,2.9,4.1,2.2,3.9,1,0,Cybersecurity Specialist,0,SYNTHETIC,98.1,79.9
ST03633,Student ST03633,Mechanical,7,7.53,77.3,77.6,0,4.6,5.1,3.7,2.0,3.6,3.8,4.8,3.5,0,5,1,0,0,6.0,4.9,2.9,5.3,6.3,3.8,1,0,Cybersecurity Specialist,0,SYNTHETIC,80.0,91.9
ST03634,Student ST03634,ECE,7,7.57,81.2,69.2,0,6.7,6.2,6.3,6.0,6.7,5.6,4.2,3.1,2,3,2,1,0,7.1,4.4,6.3,5.9,5.8,7.0,1,0,Data Analyst,0,SYNTHETIC,76.4,71.2
ST03635,Student ST03635,Mechanical,8,7.84,80.7,79.4,0,3.0,4.7,5.2,4.3,2.7,2.3,2.5,2.8,1,3,1,0,0,7.0,5.9,3.6,7.8,6.9,5.8,0,0,Data Analyst,1,SYNTHETIC,84.7,81.4
ST03636,Student ST03636,CSE,7,7.23,79.0,74.8,0,5.8,3.1,6.2,6.3,3.0,5.8,2.8,5.1,3,3,2,0,1,7.1,5.6,5.3,5.8,5.6,6.1,0,0,Full-Stack Developer,0,SYNTHETIC,83.5,62.3
ST03637,Student ST03637,Mechanical,7,6.59,64.2,70.8,0,7.7,3.5,5.4,5.4,2.8,2.7,2.8,3.4,1,1,2,0,0,7.2,5.6,6.6,6.3,6.2,6.7,0,0,QA Specialist,1,SYNTHETIC,97.2,64.1
ST03638,Student ST03638,CSE,7,7.38,80.1,78.3,0,5.8,5.1,7.0,4.5,3.7,5.5,2.3,1.5,0,3,1,2,0,6.6,4.1,6.1,6.4,6.7,5.6,0,0,Data Analyst,1,SYNTHETIC,82.7,86.1
ST03639,Student ST03639,ISE,8,6.43,67.6,68.9,0,6.5,5.4,4.9,6.5,5.3,4.8,3.0,2.2,1,3,2,1,0,5.8,5.5,5.5,5.0,5.1,6.3,1,0,Cloud/DevOps Engineer,0,SYNTHETIC,87.4,93.2
ST03640,Student ST03640,ECE,8,6.91,70.6,66.1,0,4.5,4.5,4.6,4.7,1.6,3.3,4.3,5.1,2,2,1,1,2,9.0,6.2,5.4,6.0,6.7,5.2,2,0,Data Analyst,0,SYNTHETIC,84.2,78.4
ST03641,Student ST03641,CSE,8,8.73,83.4,89.6,0,5.6,6.4,3.0,6.5,1.0,4.8,2.1,1.0,1,2,2,1,1,6.2,5.6,5.9,9.2,10.0,8.6,2,0,QA Specialist,1,SYNTHETIC,79.0,76.0
ST03642,Student ST03642,ISE,8,7.07,71.0,69.3,0,5.5,7.1,6.8,4.9,3.5,4.9,4.0,4.9,1,4,1,0,0,4.8,5.0,4.9,6.9,4.8,5.6,1,0,Full-Stack Developer,1,SYNTHETIC,75.9,86.3
ST03643,Student ST03643,ISE,8,5.93,62.0,57.7,0,1.7,6.1,7.6,5.9,3.2,3.4,1.2,1.0,1,1,1,1,1,7.7,4.0,5.6,8.1,8.4,5.3,3,0,AI/ML Engineer,1,SYNTHETIC,82.6,76.3
ST03644,Student ST03644,Mechanical,8,7.25,71.2,77.7,0,6.9,3.7,2.1,3.9,3.3,5.1,2.5,2.3,0,1,2,1,0,5.8,6.9,6.1,5.9,5.6,5.4,0,0,QA Specialist,0,SYNTHETIC,92.9,65.1
ST03645,Student ST03645,ISE,7,7.28,75.7,67.6,0,5.1,2.9,5.4,5.9,5.2,4.6,3.7,3.8,0,4,2,0,0,5.4,6.9,4.8,7.4,7.1,5.3,1,0,Cloud/DevOps Engineer,1,SYNTHETIC,90.4,86.2
ST03646,Student ST03646,CSE,7,8.36,83.1,80.8,0,7.4,4.4,5.9,6.1,3.6,6.6,4.1,3.5,4,3,2,2,0,5.7,7.3,6.9,6.8,7.1,7.2,0,0,Cloud/DevOps Engineer,1,SYNTHETIC,95.1,89.9
ST03647,Student ST03647,CSE,7,7.98,82.6,68.5,0,7.8,6.2,4.3,5.2,2.8,5.5,4.2,5.3,3,1,2,0,0,6.9,7.4,7.8,7.1,5.8,5.7,1,1,Cloud/DevOps Engineer,1,SYNTHETIC,79.1,78.2
ST03648,Student ST03648,ISE,8,6.53,71.9,72.7,0,3.1,3.7,2.6,4.2,4.3,3.8,2.2,1.0,0,3,1,0,1,7.5,4.9,4.1,6.0,4.7,3.9,1,0,Full-Stack Developer,0,SYNTHETIC,88.5,81.8
ST03649,Student ST03649,CSE,8,7.66,76.7,70.3,0,6.2,5.9,3.5,4.4,1.5,5.1,3.6,1.0,4,5,2,0,1,6.3,7.2,4.8,7.1,7.3,6.2,1,0,Data Analyst,1,SYNTHETIC,81.0,63.1
ST03650,Student ST03650,Mechanical,8,7.35,71.5,74.0,0,5.4,3.8,5.3,5.4,3.1,4.9,2.6,3.3,0,2,2,1,1,5.7,6.6,5.2,3.6,4.9,4.4,0,0,Cybersecurity Specialist,0,SYNTHETIC,76.4,62.9
ST03651,Student ST03651,CSE,7,7.64,79.0,72.3,0,6.0,6.1,6.2,5.1,1.1,5.9,1.7,3.8,1,1,2,1,0,5.5,5.3,4.3,5.6,4.2,5.0,1,0,Cybersecurity Specialist,0,SYNTHETIC,82.3,73.0
ST03652,Student ST03652,Mechanical,7,7.71,77.8,78.2,0,6.2,4.9,7.5,3.4,1.7,2.0,1.0,2.3,0,2,1,1,1,7.4,6.1,5.7,6.8,8.0,6.4,0,0,AI/ML Engineer,1,SYNTHETIC,96.1,94.0
ST03653,Student ST03653,Mechanical,8,5.99,56.0,57.5,0,4.6,5.6,4.2,2.2,2.7,3.7,2.1,1.0,2,1,1,0,0,4.3,4.1,3.0,7.8,7.3,4.9,0,1,Full-Stack Developer,1,SYNTHETIC,81.2,88.6
ST03654,Student ST03654,CSE,7,6.23,58.1,64.2,0,3.7,3.3,2.8,6.1,2.3,4.8,1.1,6.2,1,4,1,0,0,4.6,6.4,4.5,6.6,5.5,6.5,1,0,Full-Stack Developer,0,SYNTHETIC,80.4,78.6
ST03655,Student ST03655,CSE,7,7.68,87.5,76.0,0,6.5,3.9,6.3,6.7,5.0,4.5,2.2,2.1,1,2,2,1,0,6.8,6.3,5.5,4.1,3.1,4.6,1,0,Data Analyst,0,SYNTHETIC,78.7,69.8
ST03656,Student ST03656,CSE,8,8.51,86.4,86.3,0,4.7,2.3,5.6,3.5,1.3,3.5,1.9,3.6,1,1,1,0,1,8.0,6.0,3.8,7.3,6.6,5.5,0,0,QA Specialist,0,SYNTHETIC,96.5,88.0
ST03657,Student ST03657,ECE,8,6.49,68.3,66.6,0,6.0,3.3,5.7,7.4,4.1,3.7,3.8,1.0,0,1,2,0,0,6.5,5.8,6.9,8.0,6.6,7.1,0,0,Cloud/DevOps Engineer,1,SYNTHETIC,88.0,72.4
ST03658,Student ST03658,Mechanical,8,7.82,77.7,77.9,0,3.9,6.2,4.5,5.2,2.8,3.9,6.1,4.7,2,1,1,0,1,7.8,6.5,4.6,7.1,7.9,4.4,1,0,Cloud/DevOps Engineer,0,SYNTHETIC,83.8,77.2
ST03659,Student ST03659,ISE,8,8.38,80.4,84.4,0,4.7,3.9,4.1,6.0,2.0,5.7,5.3,1.8,2,6,2,0,0,6.0,6.5,5.3,6.2,6.6,5.8,0,0,AI/ML Engineer,1,SYNTHETIC,90.8,69.1
ST03660,Student ST03660,ISE,8,7.6,75.8,73.3,0,5.8,5.1,5.8,7.1,1.7,1.3,2.3,1.0,0,2,2,0,0,7.5,7.3,6.6,5.9,6.4,7.5,0,0,Full-Stack Developer,0,SYNTHETIC,75.8,76.0
ST03661,Student ST03661,ECE,8,5.9,58.9,60.8,0,2.1,5.6,4.4,3.2,3.3,2.8,5.7,6.2,3,3,1,0,2,5.7,6.1,3.2,6.7,5.7,4.2,0,0,QA Specialist,0,SYNTHETIC,97.1,60.1
ST03662,Student ST03662,CSE,8,8.26,80.4,76.7,0,3.8,6.7,3.0,5.3,3.3,4.4,4.7,3.5,1,2,1,1,0,6.4,6.2,5.4,7.3,6.0,6.7,0,0,AI/ML Engineer,1,SYNTHETIC,79.4,93.8
ST03663,Student ST03663,ISE,8,6.19,74.4,63.8,0,5.2,2.7,6.0,4.2,6.3,3.5,5.8,5.4,1,2,1,0,1,6.2,6.0,4.3,7.0,5.4,6.4,0,0,QA Specialist,0,SYNTHETIC,96.8,84.7
ST03664,Student ST03664,Mechanical,8,6.88,73.6,66.9,0,3.6,3.7,3.8,2.5,3.8,2.4,3.9,3.5,1,1,1,1,0,5.1,7.4,3.1,6.6,6.4,3.9,0,0,Data Analyst,1,SYNTHETIC,86.1,82.9
ST03665,Student ST03665,CSE,8,7.67,83.6,73.6,0,7.5,7.9,6.3,3.0,6.7,4.6,1.5,1.9,1,3,1,0,1,6.0,6.6,3.0,6.5,6.3,7.2,0,0,Full-Stack Developer,1,SYNTHETIC,90.0,84.5
ST03666,Student ST03666,Mechanical,7,8.23,83.2,77.3,0,4.2,5.0,4.7,3.3,3.6,3.8,5.5,4.1,0,2,1,0,0,5.0,7.2,3.8,6.9,5.3,4.6,1,0,Cloud/DevOps Engineer,1,SYNTHETIC,84.2,64.8
ST03667,Student ST03667,CSE,8,7.93,81.8,73.8,0,6.7,6.9,5.7,7.2,4.1,6.0,2.3,1.7,1,4,2,1,0,6.6,6.5,7.0,6.4,5.3,7.5,0,0,Cloud/DevOps Engineer,1,SYNTHETIC,81.5,85.2
ST03668,Student ST03668,CSE,7,8.03,83.6,82.3,0,6.9,5.4,7.2,5.0,5.7,5.3,3.6,3.2,1,2,2,1,0,5.9,7.6,6.8,5.4,4.8,6.5,0,0,QA Specialist,1,SYNTHETIC,88.4,80.2
ST03669,Student ST03669,ISE,7,7.54,72.7,72.7,0,5.5,7.0,6.2,8.8,1.2,4.5,5.5,1.7,3,4,2,0,1,6.3,6.9,6.6,4.9,5.2,6.4,1,0,Full-Stack Developer,1,SYNTHETIC,83.2,61.7
ST03670,Student ST03670,ISE,7,8.51,80.4,82.0,0,7.0,6.9,7.0,8.9,6.2,9.3,4.3,5.2,0,2,2,0,0,4.9,7.2,8.1,5.8,5.8,7.3,2,0,AI/ML Engineer,1,SYNTHETIC,86.2,60.7
ST03671,Student ST03671,ECE,7,6.38,64.8,63.5,0,4.7,4.5,3.9,5.7,4.0,5.7,3.5,2.5,0,2,1,0,1,4.4,8.1,5.3,7.3,6.5,6.5,2,1,Full-Stack Developer,1,SYNTHETIC,75.5,72.1
ST03672,Student ST03672,CSE,8,6.46,67.9,62.6,0,3.0,3.9,1.0,3.7,3.3,1.0,1.4,1.0,2,2,1,0,0,6.5,6.7,3.1,4.9,5.6,4.8,0,0,Cybersecurity Specialist,0,SYNTHETIC,82.1,78.3
ST03673,Student ST03673,CSE,7,8.81,87.3,86.9,0,8.1,7.0,8.5,8.1,3.7,5.9,7.3,2.4,2,2,2,0,1,7.7,6.6,8.3,7.8,8.7,7.4,0,0,Data Analyst,1,SYNTHETIC,78.3,74.1
ST03674,Student ST03674,ECE,7,7.38,74.2,80.7,0,4.4,3.2,4.5,3.9,3.7,3.2,3.3,3.9,0,1,1,0,0,5.3,6.5,4.3,7.9,6.1,5.8,0,0,AI/ML Engineer,0,SYNTHETIC,78.1,79.6
ST03675,Student ST03675,CSE,8,8.64,92.8,75.5,0,5.6,7.3,6.5,7.5,4.3,5.8,1.6,7.8,1,4,2,1,1,7.7,7.5,6.5,6.3,6.8,6.8,0,0,Data Analyst,1,SYNTHETIC,92.9,63.9
ST03676,Student ST03676,ISE,7,6.9,71.3,74.7,0,5.6,3.4,4.6,6.0,6.0,5.4,2.1,2.5,2,2,2,1,0,6.7,3.8,6.7,7.6,6.4,6.3,0,1,Full-Stack Developer,0,SYNTHETIC,95.0,80.6
ST03677,Student ST03677,ECE,8,9.34,89.0,91.1,0,6.1,6.8,7.5,7.0,3.4,5.8,2.5,1.4,2,4,2,0,0,7.5,4.9,6.7,4.8,5.4,5.4,1,0,Cloud/DevOps Engineer,1,SYNTHETIC,80.2,68.2
ST03678,Student ST03678,ISE,8,7.35,80.1,73.5,0,8.4,6.3,7.6,7.3,4.7,6.4,3.0,5.9,2,1,2,1,0,6.6,3.9,8.5,5.2,4.6,7.1,0,0,Cybersecurity Specialist,1,SYNTHETIC,86.0,86.4
ST03679,Student ST03679,CSE,7,5.4,57.3,50.3,0,1.0,1.0,2.4,1.2,1.0,1.0,1.8,1.0,1,1,1,1,2,4.7,5.6,2.6,6.0,7.7,1.8,1,0,AI/ML Engineer,0,SYNTHETIC,86.6,60.3
ST03680,Student ST03680,Mechanical,7,6.0,61.8,60.3,0,3.7,5.5,4.6,4.7,2.8,2.0,1.9,1.9,0,3,1,0,0,5.1,6.3,5.2,8.2,6.1,7.2,0,1,AI/ML Engineer,0,SYNTHETIC,79.6,82.8
ST03681,Student ST03681,ECE,8,5.87,61.2,58.3,0,3.8,5.1,6.6,7.2,3.6,3.0,4.9,2.9,2,3,2,1,0,5.9,6.5,5.8,8.1,6.3,7.0,1,1,Cybersecurity Specialist,1,SYNTHETIC,98.1,73.5
ST03682,Student ST03682,ECE,7,7.05,60.6,76.7,0,3.9,2.7,5.1,4.4,1.0,4.2,1.0,1.9,1,4,1,0,2,4.5,5.9,4.5,7.6,8.1,5.6,0,0,Data Analyst,1,SYNTHETIC,90.2,77.5
ST03683,Student ST03683,ISE,7,6.89,64.4,65.8,0,5.3,3.2,5.3,4.0,3.0,1.8,2.5,1.0,2,4,1,0,1,6.7,8.2,4.6,6.8,5.9,5.6,0,0,QA Specialist,0,SYNTHETIC,83.6,77.6
ST03684,Student ST03684,CSE,7,7.5,71.6,73.3,0,5.8,4.7,4.5,3.9,2.7,6.2,2.2,4.2,1,2,1,1,0,7.0,5.5,4.7,5.0,6.0,6.5,0,0,Cybersecurity Specialist,1,SYNTHETIC,91.0,60.6
ST03685,Student ST03685,CSE,7,6.59,71.6,67.6,0,2.6,5.9,2.6,2.3,2.2,2.6,4.4,2.7,3,4,1,0,1,4.6,6.6,1.6,6.4,6.2,3.8,1,0,Cybersecurity Specialist,1,SYNTHETIC,79.8,83.9
ST03686,Student ST03686,CSE,7,8.56,86.4,87.9,0,4.4,4.0,6.9,5.1,2.3,3.7,1.0,4.6,1,1,1,1,0,6.9,8.7,4.0,6.2,3.3,5.8,1,0,Cloud/DevOps Engineer,1,SYNTHETIC,97.4,71.8
ST03687,Student ST03687,CSE,7,9.32,93.7,93.1,0,7.9,6.3,4.6,6.5,6.2,5.9,4.6,4.0,0,2,2,2,1,6.3,7.7,7.7,3.1,3.9,4.7,1,0,AI/ML Engineer,1,SYNTHETIC,86.1,68.4
ST03688,Student ST03688,CSE,7,7.66,81.9,73.1,0,3.7,5.6,2.1,6.3,4.3,3.5,2.5,2.7,1,2,1,0,0,8.3,7.5,6.7,5.2,5.5,5.0,0,0,Cybersecurity Specialist,1,SYNTHETIC,95.2,64.8
ST03689,Student ST03689,ECE,8,7.33,74.9,73.0,0,4.1,3.4,4.2,6.8,3.5,3.6,4.8,1.8,1,1,2,0,0,6.0,6.2,5.9,7.0,6.4,6.2,0,0,AI/ML Engineer,1,SYNTHETIC,81.7,77.5
ST03690,Student ST03690,Mechanical,8,6.87,72.1,71.5,0,6.6,4.4,6.0,6.0,3.9,4.6,6.0,2.4,0,2,2,0,0,6.6,5.5,7.4,6.6,4.2,6.2,0,0,QA Specialist,0,SYNTHETIC,96.3,75.3
ST03691,Student ST03691,CSE,7,9.8,86.6,97.0,0,7.5,6.9,6.4,6.6,4.6,4.9,5.8,3.5,3,1,2,3,0,7.2,8.5,8.1,2.9,2.4,6.4,0,0,Cybersecurity Specialist,1,SYNTHETIC,85.8,89.3
ST03692,Student ST03692,Mechanical,8,8.59,83.8,93.0,0,5.4,8.7,5.7,7.4,6.1,5.4,2.5,1.6,2,6,2,0,0,6.5,7.0,7.4,6.9,5.0,7.3,0,0,AI/ML Engineer,1,SYNTHETIC,83.6,63.9
ST03693,Student ST03693,CSE,7,7.26,65.7,71.7,0,4.1,4.8,6.8,4.1,1.0,7.1,2.2,2.4,1,2,1,1,2,7.6,8.0,4.0,5.4,4.2,5.1,0,0,Full-Stack Developer,0,SYNTHETIC,87.7,72.4
ST03694,Student ST03694,CSE,8,8.08,78.3,84.2,0,6.8,6.8,5.8,7.9,5.1,7.8,2.7,4.2,2,3,2,0,0,6.6,7.6,7.7,5.7,7.1,6.1,0,0,Cybersecurity Specialist,1,SYNTHETIC,93.4,92.1
ST03695,Student ST03695,CSE,7,9.0,95.7,90.6,0,6.5,7.0,6.7,6.7,2.3,6.6,6.7,4.4,1,6,2,1,0,7.8,8.1,6.7,3.5,4.7,5.7,0,0,QA Specialist,1,SYNTHETIC,95.9,73.3
ST03696,Student ST03696,CSE,7,5.0,61.3,57.5,2,3.6,4.7,5.9,1.9,4.4,2.1,1.4,1.0,0,2,1,0,0,4.5,5.3,2.1,4.1,5.4,3.2,1,0,Cybersecurity Specialist,0,SYNTHETIC,86.8,84.6
ST03697,Student ST03697,ISE,8,6.29,65.5,74.8,0,3.0,4.4,3.8,3.8,2.2,1.9,1.0,1.0,3,3,1,0,0,4.5,5.0,3.5,8.9,9.2,5.5,1,1,QA Specialist,0,SYNTHETIC,81.2,64.8
ST03698,Student ST03698,CSE,8,8.15,78.3,83.7,0,6.2,5.9,6.2,7.7,6.5,6.0,3.0,2.9,1,2,2,1,0,8.4,6.8,6.5,5.4,4.3,8.5,1,0,Data Analyst,1,SYNTHETIC,80.3,62.2
ST03699,Student ST03699,CSE,7,7.05,76.5,71.5,0,6.8,3.1,5.2,3.7,2.2,2.2,1.8,2.7,1,1,1,0,0,6.4,6.6,5.2,6.1,6.5,5.2,0,0,Cloud/DevOps Engineer,1,SYNTHETIC,80.4,76.9
ST03700,Student ST03700,Mechanical,8,7.1,70.0,70.4,0,5.8,6.5,7.8,5.4,3.2,6.0,4.2,4.5,1,4,2,1,0,5.2,5.8,5.4,6.4,7.4,5.9,1,0,AI/ML Engineer,0,SYNTHETIC,80.5,78.4
ST03701,Student ST03701,CSE,8,8.29,85.3,81.1,0,4.9,5.4,3.7,3.2,7.8,2.8,2.0,5.2,0,2,1,1,0,7.0,7.5,4.0,5.7,6.7,5.6,1,0,AI/ML Engineer,1,SYNTHETIC,80.7,76.8
ST03702,Student ST03702,CSE,7,6.33,61.1,69.0,0,2.9,3.7,2.9,4.6,2.1,1.7,4.3,2.9,2,4,1,1,0,6.0,7.3,3.5,6.4,7.3,5.7,0,0,QA Specialist,0,SYNTHETIC,92.9,62.4
ST03703,Student ST03703,Mechanical,8,7.64,73.9,76.3,0,6.5,4.8,6.5,5.9,4.6,4.4,4.3,3.0,2,5,2,0,0,5.9,7.8,5.8,7.1,9.2,6.5,0,0,Data Analyst,1,SYNTHETIC,88.2,87.2
ST03704,Student ST03704,ECE,8,8.99,82.8,96.1,0,5.4,7.4,5.1,4.2,4.1,6.3,4.0,3.4,1,1,1,1,0,4.8,6.2,4.1,7.1,6.5,6.2,1,0,Full-Stack Developer,1,SYNTHETIC,84.9,68.3
ST03705,Student ST03705,ECE,7,8.36,81.7,78.3,0,7.9,8.5,5.6,4.3,7.0,4.2,4.4,3.8,0,3,2,0,0,7.8,6.8,6.3,6.8,7.8,5.6,0,0,Full-Stack Developer,1,SYNTHETIC,81.6,63.3
ST03706,Student ST03706,CSE,7,8.07,77.2,77.2,0,3.7,5.9,5.8,3.2,1.0,4.2,3.0,5.1,1,3,1,1,0,8.6,7.5,3.2,3.1,2.4,2.5,1,0,AI/ML Engineer,0,SYNTHETIC,98.8,77.8
ST03707,Student ST03707,CSE,7,7.73,80.4,78.8,0,7.2,7.6,9.3,7.4,3.9,6.5,3.2,2.7,1,5,2,0,0,7.8,5.3,7.3,4.4,3.4,5.9,2,0,QA Specialist,0,SYNTHETIC,84.5,89.3
ST03708,Student ST03708,CSE,8,9.35,89.2,92.5,0,5.6,4.2,8.2,5.6,4.8,6.5,4.4,5.0,2,6,2,0,0,6.5,8.7,5.5,5.9,4.4,5.3,2,0,AI/ML Engineer,1,SYNTHETIC,98.0,92.2
ST03709,Student ST03709,Mechanical,7,5.0,55.0,52.9,0,1.9,1.5,4.9,3.0,2.6,5.0,1.0,2.7,0,5,1,0,0,4.6,3.8,1.8,5.3,7.1,3.9,2,0,QA Specialist,0,SYNTHETIC,83.7,69.2
ST03710,Student ST03710,CSE,7,5.68,57.6,59.5,0,2.9,5.1,4.0,4.2,3.6,4.6,2.6,1.0,3,2,1,0,0,4.7,8.0,5.0,4.7,4.1,5.3,1,0,Cloud/DevOps Engineer,0,SYNTHETIC,96.5,66.7
ST03711,Student ST03711,ECE,7,8.18,82.1,79.5,0,5.7,6.5,7.2,6.6,5.9,6.0,4.3,4.1,1,3,2,1,0,6.9,7.8,6.5,4.6,2.8,6.3,0,0,Full-Stack Developer,1,SYNTHETIC,75.6,84.2
ST03712,Student ST03712,ISE,8,7.56,71.7,78.1,0,5.8,6.7,4.9,4.6,6.8,3.8,3.5,4.9,2,2,1,0,2,5.3,6.6,4.3,6.7,6.7,6.4,0,0,AI/ML Engineer,0,SYNTHETIC,96.8,66.0
ST03713,Student ST03713,CSE,7,6.88,72.1,63.9,0,4.2,5.7,3.5,3.1,4.7,5.3,3.2,1.0,0,2,1,0,1,7.2,6.6,3.3,5.8,5.7,4.3,0,0,QA Specialist,0,SYNTHETIC,87.0,63.5
ST03714,Student ST03714,ISE,7,7.74,74.8,82.1,0,6.0,5.8,3.2,5.6,1.5,5.0,3.3,1.0,1,3,2,0,0,5.8,6.5,4.9,7.3,7.4,6.2,0,0,AI/ML Engineer,1,SYNTHETIC,96.0,71.6
ST03715,Student ST03715,ECE,8,5.66,55.0,59.1,0,5.9,7.2,7.0,3.4,3.8,3.6,1.9,1.0,1,1,1,0,2,5.2,6.3,4.8,5.0,3.8,4.1,1,0,QA Specialist,1,SYNTHETIC,89.2,90.6
ST03716,Student ST03716,CSE,7,7.51,83.7,67.5,0,6.4,4.8,5.4,4.1,4.9,3.9,4.7,5.1,0,2,1,2,0,6.0,7.1,5.9,2.7,4.4,3.2,2,0,Data Analyst,1,SYNTHETIC,97.1,84.3
ST03717,Student ST03717,CSE,7,7.81,75.8,78.5,0,5.3,6.0,4.7,6.1,3.7,4.3,3.0,4.0,0,1,2,1,0,8.3,7.9,4.8,6.3,6.9,6.1,0,0,Cybersecurity Specialist,1,SYNTHETIC,98.6,94.0
ST03718,Student ST03718,Mechanical,8,6.88,64.0,75.1,0,4.4,5.0,5.0,3.7,6.5,4.5,3.2,2.6,1,1,1,1,0,7.5,5.6,2.4,4.1,4.7,4.6,1,0,AI/ML Engineer,0,SYNTHETIC,98.2,90.0
ST03719,Student ST03719,ISE,7,6.94,75.5,65.3,0,4.1,6.6,6.6,7.2,1.8,5.0,5.5,1.9,1,3,2,0,2,5.4,6.4,6.9,7.1,8.7,5.7,0,1,Cloud/DevOps Engineer,1,SYNTHETIC,92.9,94.5
ST03720,Student ST03720,ISE,7,8.5,77.8,80.6,0,4.1,5.9,5.0,2.9,3.7,4.5,2.9,1.0,2,5,1,1,0,7.6,6.5,3.8,5.8,5.7,4.3,0,0,AI/ML Engineer,1,SYNTHETIC,90.7,86.3
ST03721,Student ST03721,ISE,7,7.19,71.4,78.1,0,5.0,6.9,6.0,9.2,4.2,7.3,6.4,2.5,2,5,2,0,2,6.7,8.4,6.5,5.0,4.9,6.6,0,0,Full-Stack Developer,0,SYNTHETIC,96.1,63.7
ST03722,Student ST03722,CSE,8,9.02,89.1,92.0,0,5.1,7.5,7.7,7.1,5.0,6.4,3.3,2.9,1,1,2,0,0,9.1,6.0,6.3,7.4,7.4,6.4,1,0,Cloud/DevOps Engineer,1,SYNTHETIC,93.7,92.0
ST03723,Student ST03723,CSE,7,9.45,98.0,91.9,0,7.8,7.7,8.1,8.2,3.6,5.8,3.7,3.9,2,1,2,1,0,7.0,6.7,9.1,7.7,7.5,9.5,2,0,Cloud/DevOps Engineer,1,SYNTHETIC,86.2,78.9
ST03724,Student ST03724,Mechanical,7,8.13,79.9,89.4,0,5.1,4.6,6.0,2.8,2.5,3.2,1.0,4.3,3,1,1,1,2,5.9,6.6,3.6,5.4,6.2,4.1,0,0,Full-Stack Developer,1,SYNTHETIC,93.7,70.7
ST03725,Student ST03725,CSE,7,8.54,85.3,82.2,0,4.1,5.9,6.4,4.6,3.8,2.5,2.4,3.4,0,2,1,1,0,5.2,7.4,4.3,5.8,4.5,5.6,0,0,AI/ML Engineer,1,SYNTHETIC,97.5,93.6
ST03726,Student ST03726,ISE,7,8.77,84.5,90.7,0,4.3,7.6,6.0,4.5,1.5,4.1,6.3,2.6,1,4,1,0,0,7.1,8.0,4.6,5.7,4.7,3.6,1,0,Cybersecurity Specialist,0,SYNTHETIC,86.2,74.3
ST03727,Student ST03727,CSE,7,5.0,55.0,59.4,0,3.1,2.6,6.0,3.7,2.6,3.1,2.5,1.0,0,3,1,0,0,4.9,4.4,2.8,8.0,7.0,5.1,2,0,Cybersecurity Specialist,1,SYNTHETIC,88.4,77.3
ST03728,Student ST03728,CSE,7,6.72,66.2,58.1,0,5.0,5.5,5.1,2.0,1.4,3.8,2.9,1.7,0,1,1,0,1,8.2,7.0,3.0,6.0,5.7,4.0,1,0,QA Specialist,0,SYNTHETIC,93.6,78.9
ST03729,Student ST03729,ECE,8,6.84,72.2,75.1,0,7.3,5.8,5.3,3.6,3.0,5.7,4.8,1.0,1,2,2,0,0,6.3,5.4,5.4,6.5,6.2,6.3,1,0,Cloud/DevOps Engineer,0,SYNTHETIC,97.2,60.8
ST03730,Student ST03730,ECE,7,7.53,70.0,76.1,0,5.3,4.8,3.8,5.1,1.3,2.1,2.8,1.1,0,3,1,1,0,9.4,3.5,5.2,4.9,5.5,4.9,0,0,Cloud/DevOps Engineer,0,SYNTHETIC,87.4,94.1
ST03731,Student ST03731,CSE,7,7.9,77.3,76.1,0,4.6,7.4,4.3,6.0,2.1,4.3,3.0,1.0,4,1,2,1,1,7.2,4.3,5.5,3.7,4.0,5.4,1,0,Cloud/DevOps Engineer,1,SYNTHETIC,84.4,90.9
ST03732,Student ST03732,CSE,7,8.61,87.8,88.3,0,5.2,5.9,5.1,7.5,3.8,3.4,2.9,5.5,1,3,2,1,1,7.6,6.4,7.1,7.0,9.1,7.3,0,0,AI/ML Engineer,0,SYNTHETIC,80.1,76.1
ST03733,Student ST03733,ECE,8,7.96,84.3,82.6,0,3.9,6.5,8.2,5.5,4.2,6.7,3.8,3.0,2,6,1,0,0,7.4,7.8,4.4,6.5,6.2,5.5,0,0,Data Analyst,1,SYNTHETIC,81.0,64.3
ST03734,Student ST03734,ISE,8,7.56,73.0,72.6,0,7.6,8.5,5.8,7.6,7.2,5.5,3.4,4.7,3,3,2,1,0,6.5,5.9,8.2,4.9,4.0,6.2,0,0,QA Specialist,0,SYNTHETIC,76.4,63.1
ST03735,Student ST03735,Mechanical,7,8.42,85.7,89.8,0,6.2,6.5,4.3,4.1,4.1,6.4,4.3,2.5,3,2,1,3,2,6.4,8.2,4.3,5.6,8.2,6.3,0,0,Cybersecurity Specialist,1,SYNTHETIC,94.1,84.3
ST03736,Student ST03736,Mechanical,7,7.75,77.2,76.0,0,6.3,5.9,5.6,7.1,3.3,6.1,2.7,1.3,0,4,2,0,0,7.2,5.8,7.0,4.8,4.3,5.6,0,0,Full-Stack Developer,1,SYNTHETIC,85.6,88.3
ST03737,Student ST03737,CSE,8,6.94,73.4,71.4,0,6.2,5.4,4.9,4.2,4.8,3.4,3.8,3.2,0,1,1,1,0,3.6,6.8,5.5,5.0,6.3,4.3,1,0,Cloud/DevOps Engineer,0,SYNTHETIC,77.0,94.1
ST03738,Student ST03738,ISE,8,7.94,85.2,76.0,0,4.6,6.7,5.5,4.2,1.7,2.3,5.2,3.7,3,2,1,0,0,8.0,8.9,4.8,3.8,4.2,4.0,0,0,Cybersecurity Specialist,0,SYNTHETIC,88.8,84.0
ST03739,Student ST03739,CSE,7,8.48,85.5,75.6,0,7.6,6.7,5.7,8.0,4.9,5.5,4.4,2.1,0,3,2,1,1,5.5,8.0,7.8,7.0,5.9,7.9,1,1,QA Specialist,1,SYNTHETIC,76.3,87.2
ST03740,Student ST03740,ISE,8,6.81,69.4,65.4,0,4.8,4.3,6.2,3.6,5.3,3.5,5.2,2.9,2,3,1,1,1,6.9,5.8,4.0,6.5,7.6,5.4,0,0,Cloud/DevOps Engineer,0,SYNTHETIC,97.5,76.2
ST03741,Student ST03741,ISE,8,7.27,77.9,71.0,0,4.8,3.7,5.2,4.2,3.8,4.6,1.9,3.5,0,6,1,1,1,3.8,5.2,3.1,6.0,7.0,5.3,0,0,Cloud/DevOps Engineer,1,SYNTHETIC,97.1,69.7
ST03742,Student ST03742,ECE,8,9.57,93.4,94.6,0,6.9,5.7,8.8,8.4,4.7,5.4,6.4,4.9,2,1,2,0,0,7.5,6.0,7.3,5.9,7.4,6.5,1,0,AI/ML Engineer,1,SYNTHETIC,87.5,85.6
ST03743,Student ST03743,Mechanical,8,9.18,84.0,92.2,0,5.5,5.0,4.7,7.2,2.6,4.2,3.3,2.2,0,3,2,0,1,6.7,6.7,6.6,7.6,6.7,7.1,1,1,Cloud/DevOps Engineer,1,SYNTHETIC,77.9,77.0
ST03744,Student ST03744,ECE,7,5.68,65.0,64.2,0,5.0,4.7,4.6,4.5,2.7,2.6,3.5,2.9,0,4,1,1,0,4.6,5.6,4.8,7.1,5.6,4.6,0,0,Full-Stack Developer,1,SYNTHETIC,94.4,74.3
ST03745,Student ST03745,ECE,7,7.63,79.6,76.7,0,6.9,4.1,4.3,5.6,1.9,2.7,2.3,4.6,3,4,2,2,0,6.3,5.4,6.8,7.4,8.3,6.9,1,1,Cybersecurity Specialist,1,SYNTHETIC,83.8,70.1
ST03746,Student ST03746,ISE,7,6.88,72.8,69.2,0,4.0,4.8,6.6,6.8,4.8,5.2,2.3,1.7,1,6,2,0,1,5.6,5.4,5.2,5.8,6.1,5.4,0,0,Cloud/DevOps Engineer,1,SYNTHETIC,98.5,77.0
ST03747,Student ST03747,ISE,8,6.96,72.3,72.0,0,8.2,5.5,3.8,4.4,4.5,2.5,6.0,2.6,1,3,2,0,0,7.9,6.2,4.9,8.0,8.1,5.9,0,1,QA Specialist,1,SYNTHETIC,76.7,91.3
ST03748,Student ST03748,ISE,8,7.9,78.9,79.2,0,5.8,6.4,5.5,7.0,3.9,4.3,5.4,1.4,0,3,2,1,0,6.0,5.7,6.8,5.8,6.0,7.5,0,0,Cloud/DevOps Engineer,1,SYNTHETIC,78.7,80.7
ST03749,Student ST03749,CSE,8,7.26,69.5,66.2,0,5.7,4.6,7.5,8.4,4.4,6.2,3.3,3.0,2,3,2,0,1,6.0,6.0,7.8,5.7,5.0,7.4,1,0,Cybersecurity Specialist,1,SYNTHETIC,98.7,62.8
ST03750,Student ST03750,CSE,8,7.89,78.5,84.7,0,4.7,4.2,6.2,6.6,3.3,5.6,2.4,1.7,1,3,2,0,0,7.7,7.4,5.4,7.3,8.4,5.4,2,1,Data Analyst,1,SYNTHETIC,88.9,64.1
ST03751,Student ST03751,Mechanical,8,7.21,69.2,67.4,0,5.1,4.5,5.3,5.1,4.1,6.2,4.7,4.1,0,1,1,2,0,8.2,7.8,4.3,6.2,7.3,6.7,0,0,Full-Stack Developer,1,SYNTHETIC,97.4,82.0
ST03752,Student ST03752,CSE,7,9.71,98.0,90.0,0,6.5,7.0,5.9,4.7,2.9,2.7,3.3,7.1,1,1,2,1,1,8.9,8.1,6.0,5.7,7.4,5.0,0,0,Cloud/DevOps Engineer,1,SYNTHETIC,85.1,70.3
ST03753,Student ST03753,ECE,8,7.31,72.9,75.1,0,3.9,5.7,5.8,3.9,2.8,4.3,3.5,5.0,1,5,1,0,0,6.4,7.2,3.9,6.3,6.4,3.6,0,0,Full-Stack Developer,0,SYNTHETIC,88.4,66.7
ST03754,Student ST03754,Mechanical,8,8.97,81.0,90.0,0,7.0,5.4,7.2,4.5,4.0,4.4,4.0,3.6,2,3,2,1,1,6.2,6.1,5.4,4.4,5.0,6.2,1,0,QA Specialist,1,SYNTHETIC,93.2,81.3
ST03755,Student ST03755,Mechanical,8,8.09,79.1,80.8,0,7.2,5.7,4.7,3.8,3.8,5.1,1.6,4.9,2,2,2,0,0,7.8,7.1,4.5,4.7,4.8,5.0,0,0,Cloud/DevOps Engineer,0,SYNTHETIC,87.7,76.0
ST03756,Student ST03756,CSE,8,6.56,68.2,73.9,0,3.3,1.9,3.2,4.4,3.7,5.2,2.6,1.0,1,2,1,1,1,6.3,5.9,4.4,5.1,2.5,4.6,0,0,Full-Stack Developer,1,SYNTHETIC,88.4,86.8
ST03757,Student ST03757,CSE,8,7.38,78.4,81.6,0,2.8,5.2,7.2,4.8,5.5,4.7,4.2,1.4,1,5,1,1,0,7.2,6.7,5.1,5.6,6.1,4.8,0,0,Data Analyst,1,SYNTHETIC,87.9,86.4
ST03758,Student ST03758,Mechanical,7,7.78,88.2,74.6,0,6.2,5.8,4.8,6.2,3.6,5.8,3.6,1.8,2,2,2,0,0,7.1,3.1,5.4,6.6,6.7,6.7,0,0,QA Specialist,1,SYNTHETIC,98.5,92.7
ST03759,Student ST03759,Mechanical,8,6.38,63.4,67.7,1,5.3,4.5,4.1,6.3,2.1,7.9,2.4,5.2,2,3,2,0,1,7.0,5.5,6.4,5.3,5.3,5.8,0,0,Full-Stack Developer,0,SYNTHETIC,78.0,84.5
ST03760,Student ST03760,Mechanical,8,7.1,77.1,73.2,0,5.3,7.2,6.7,5.2,4.6,4.8,4.3,2.2,1,1,2,0,1,6.6,6.4,4.4,8.0,6.6,7.5,1,1,Cloud/DevOps Engineer,0,SYNTHETIC,85.9,94.4
ST03761,Student ST03761,CSE,7,7.42,71.3,74.2,0,4.3,8.0,9.4,6.5,5.4,5.5,2.9,3.7,3,3,2,2,1,7.5,6.6,5.4,4.2,5.8,4.4,0,0,Cybersecurity Specialist,1,SYNTHETIC,79.5,75.4
ST03762,Student ST03762,CSE,8,6.82,70.2,78.2,0,6.0,3.3,4.5,2.8,1.4,1.0,1.4,1.7,1,4,1,0,0,5.8,5.7,4.1,7.6,8.2,5.7,0,0,AI/ML Engineer,0,SYNTHETIC,97.7,86.0
ST03763,Student ST03763,CSE,8,9.29,92.0,92.3,0,6.9,3.9,7.0,4.8,6.3,6.4,3.7,4.4,3,6,2,1,0,8.4,6.4,4.6,3.3,4.1,4.4,2,0,QA Specialist,1,SYNTHETIC,76.1,63.4
ST03764,Student ST03764,CSE,8,7.66,81.0,77.4,0,5.5,4.5,4.2,7.2,1.5,4.1,2.9,1.0,0,2,2,2,0,7.5,4.0,7.3,4.9,4.2,5.8,0,0,Data Analyst,1,SYNTHETIC,82.9,82.8
ST03765,Student ST03765,CSE,8,6.31,67.7,65.8,0,4.8,5.3,7.7,5.4,2.9,3.9,3.1,2.3,0,4,1,0,1,5.6,4.6,5.0,7.5,6.3,5.2,1,1,Data Analyst,0,SYNTHETIC,85.9,74.3
ST03766,Student ST03766,ISE,7,6.29,64.0,63.1,0,3.3,3.5,6.5,3.1,4.0,6.6,4.0,1.7,1,2,1,0,1,5.3,5.8,3.7,6.4,6.7,4.2,0,0,Full-Stack Developer,0,SYNTHETIC,94.0,70.6
ST03767,Student ST03767,ISE,8,7.05,75.1,75.4,0,4.6,2.7,6.0,4.6,3.8,5.8,2.2,3.1,1,3,1,0,0,6.9,5.8,4.9,4.8,3.3,4.9,0,0,Full-Stack Developer,0,SYNTHETIC,80.7,71.8
ST03768,Student ST03768,ECE,7,6.9,74.2,69.3,0,5.8,6.5,3.7,5.6,3.5,6.9,3.8,3.7,0,2,2,0,1,5.6,5.7,4.9,7.2,7.4,7.4,2,1,Data Analyst,0,SYNTHETIC,97.2,62.7
ST03769,Student ST03769,CSE,8,7.93,84.5,81.7,0,5.9,4.1,6.6,6.0,4.0,4.6,5.7,4.0,3,3,2,0,0,5.5,5.4,5.1,7.0,7.2,6.4,1,1,Full-Stack Developer,1,SYNTHETIC,81.3,94.7
ST03770,Student ST03770,CSE,7,8.0,77.9,72.0,0,3.1,6.2,3.5,2.7,2.7,3.5,2.3,1.0,2,2,1,1,1,4.3,7.0,2.8,5.8,4.5,3.8,0,0,QA Specialist,0,SYNTHETIC,79.0,75.4
ST03771,Student ST03771,CSE,7,9.28,85.8,86.7,0,7.1,6.7,6.2,5.0,1.0,4.1,3.8,2.8,3,1,2,1,1,6.5,8.1,4.6,4.6,3.7,4.0,1,0,Full-Stack Developer,1,SYNTHETIC,95.1,75.4
ST03772,Student ST03772,CSE,8,6.38,64.5,64.8,0,4.2,3.2,3.2,3.6,3.6,2.6,5.5,2.9,3,1,1,0,1,5.2,6.2,4.2,7.0,6.9,6.3,0,0,Cloud/DevOps Engineer,1,SYNTHETIC,94.4,61.8
ST03773,Student ST03773,ECE,8,7.5,77.1,79.7,0,4.7,7.5,5.5,7.2,5.0,4.8,6.4,3.0,0,4,2,0,1,5.8,5.3,6.3,5.8,5.1,5.8,1,0,QA Specialist,1,SYNTHETIC,92.9,81.0
ST03774,Student ST03774,CSE,8,6.44,66.4,70.4,1,7.0,6.0,4.7,5.9,2.2,4.3,5.5,3.5,0,3,2,2,0,6.8,7.1,6.4,3.9,2.5,4.1,0,0,Cybersecurity Specialist,1,SYNTHETIC,83.0,86.0
ST03775,Student ST03775,CSE,7,6.76,68.8,74.8,0,5.3,4.0,3.0,6.7,3.3,3.3,1.9,2.4,1,2,2,0,0,7.7,4.9,7.2,4.3,3.1,5.5,1,0,Data Analyst,1,SYNTHETIC,83.7,65.0
ST03776,Student ST03776,CSE,7,7.36,76.7,76.2,0,5.6,7.2,6.6,5.9,1.9,5.3,6.0,6.6,0,2,2,0,1,5.5,6.8,5.0,7.0,7.6,6.6,1,0,Full-Stack Developer,1,SYNTHETIC,83.1,80.0
ST03777,Student ST03777,ISE,7,8.48,90.2,85.8,0,3.3,1.7,6.3,6.5,3.9,5.2,2.5,3.4,3,2,1,1,1,6.2,7.7,5.4,6.1,5.9,4.8,0,0,AI/ML Engineer,1,SYNTHETIC,97.2,61.1
ST03778,Student ST03778,CSE,8,8.05,82.1,83.8,0,5.6,4.3,5.3,2.2,4.8,3.0,3.5,4.7,2,2,1,0,1,5.9,6.5,4.2,8.6,7.7,5.4,2,0,AI/ML Engineer,1,SYNTHETIC,87.0,78.2
ST03779,Student ST03779,CSE,7,6.83,62.8,71.5,0,4.0,2.4,4.6,5.2,3.9,4.1,4.0,1.5,0,2,1,0,0,7.5,6.2,4.1,7.2,6.4,5.6,1,0,Cybersecurity Specialist,0,SYNTHETIC,92.8,64.3
ST03780,Student ST03780,CSE,8,8.43,83.7,81.3,0,7.3,4.5,5.7,6.6,5.7,3.3,3.8,3.3,2,2,2,0,0,7.3,5.4,7.0,7.2,7.4,8.9,0,1,AI/ML Engineer,1,SYNTHETIC,78.1,87.9
ST03781,Student ST03781,ECE,7,7.0,71.5,69.5,1,4.2,4.3,5.7,5.3,5.3,1.8,1.2,1.0,1,5,1,0,0,6.9,6.4,4.8,5.8,6.4,5.6,0,0,Full-Stack Developer,1,SYNTHETIC,97.4,65.5
ST03782,Student ST03782,ECE,8,7.91,80.5,71.5,0,5.3,5.0,4.7,5.0,5.3,7.9,1.7,3.2,5,2,1,1,0,5.5,5.7,4.3,5.9,5.6,5.6,1,0,Cybersecurity Specialist,1,SYNTHETIC,80.0,72.0
ST03783,Student ST03783,Mechanical,8,5.74,58.6,59.0,0,4.3,4.7,5.0,2.3,4.9,3.4,4.0,1.8,0,2,1,0,0,4.0,6.4,3.7,5.5,4.1,4.5,1,0,Cybersecurity Specialist,1,SYNTHETIC,96.1,91.9
ST03784,Student ST03784,CSE,7,5.66,55.0,68.7,0,4.1,2.4,3.5,5.3,2.0,1.9,1.7,1.0,0,1,1,0,0,6.3,6.3,4.2,5.9,6.0,6.2,1,0,QA Specialist,0,SYNTHETIC,96.0,90.1
ST03785,Student ST03785,CSE,8,7.0,65.0,71.1,0,5.4,5.3,5.9,5.9,1.6,3.5,2.5,3.3,0,1,2,0,0,6.4,6.6,6.4,7.1,5.6,6.8,1,0,Cloud/DevOps Engineer,0,SYNTHETIC,77.6,68.4
ST03786,Student ST03786,ISE,7,7.22,77.9,67.0,1,3.9,2.9,3.2,3.5,1.0,4.3,3.5,2.9,1,2,1,0,2,6.0,5.1,4.5,7.3,6.4,5.2,3,1,Full-Stack Developer,0,SYNTHETIC,93.1,74.5
ST03787,Student ST03787,ISE,7,7.17,72.1,76.6,0,7.8,7.4,5.6,5.1,3.7,3.2,3.2,2.3,1,2,2,0,0,6.2,5.5,6.4,5.9,4.9,6.3,0,0,Full-Stack Developer,1,SYNTHETIC,78.4,61.7
ST03788,Student ST03788,CSE,8,8.25,88.1,81.4,0,5.5,6.9,4.6,7.0,6.5,5.6,3.7,4.2,1,4,2,0,0,7.5,8.1,6.2,4.2,5.0,3.5,2,0,Full-Stack Developer,1,SYNTHETIC,89.5,88.1
ST03789,Student ST03789,ECE,7,7.01,68.1,69.9,0,4.2,3.8,4.3,5.4,4.8,4.1,2.9,1.0,1,6,1,0,0,6.2,5.3,4.8,6.7,7.9,4.9,1,0,Full-Stack Developer,1,SYNTHETIC,89.3,68.4
ST03790,Student ST03790,CSE,7,6.67,72.1,72.4,1,6.0,4.6,6.4,6.0,6.5,5.7,2.7,6.1,1,2,2,0,0,5.9,4.8,5.7,5.2,5.2,6.4,0,0,AI/ML Engineer,0,SYNTHETIC,94.5,84.2
ST03791,Student ST03791,CSE,7,6.47,65.6,65.2,0,5.6,5.8,5.4,6.2,3.2,7.2,2.7,1.0,0,4,2,0,1,5.7,5.3,6.4,5.7,4.5,6.5,1,0,Cloud/DevOps Engineer,1,SYNTHETIC,96.0,88.0
ST03792,Student ST03792,CSE,7,6.63,69.6,74.8,0,6.3,4.0,7.4,6.3,2.1,4.7,3.5,3.3,1,3,2,0,0,7.2,6.7,4.7,4.4,2.7,5.9,0,0,Data Analyst,1,SYNTHETIC,95.9,63.9
ST03793,Student ST03793,CSE,7,5.5,60.8,56.1,1,6.6,5.8,4.0,2.2,3.0,5.7,6.6,1.2,1,4,1,0,0,6.2,7.0,4.4,7.4,5.8,5.4,1,0,Cybersecurity Specialist,1,SYNTHETIC,97.2,67.8
ST03794,Student ST03794,ECE,8,7.51,79.9,76.2,0,3.3,6.3,5.1,4.6,3.5,4.2,2.3,3.4,2,3,1,0,0,6.7,5.7,5.0,8.3,8.6,4.8,0,1,Cloud/DevOps Engineer,0,SYNTHETIC,87.9,83.9
ST03795,Student ST03795,CSE,7,7.5,75.0,81.4,0,5.7,4.9,5.6,6.0,4.3,5.8,3.7,2.8,2,2,2,0,1,7.4,7.6,7.2,7.1,8.3,6.7,0,0,Full-Stack Developer,1,SYNTHETIC,93.8,70.4
ST03796,Student ST03796,CSE,7,7.34,75.4,74.1,0,3.9,5.0,4.9,3.4,4.1,2.5,2.7,3.4,1,5,1,0,0,6.2,7.2,2.7,6.3,6.6,4.3,1,0,AI/ML Engineer,0,SYNTHETIC,94.1,61.9
ST03797,Student ST03797,CSE,8,8.16,87.8,85.7,0,4.1,5.0,5.0,5.6,1.7,5.8,1.8,2.6,1,1,1,0,2,7.9,5.8,4.6,6.5,6.2,5.0,0,0,AI/ML Engineer,1,SYNTHETIC,88.7,82.3
ST03798,Student ST03798,ECE,7,9.21,89.7,90.9,0,3.4,5.3,5.1,5.8,2.0,6.0,4.3,1.0,1,3,1,0,0,5.7,7.0,4.7,7.6,5.9,6.6,0,1,AI/ML Engineer,1,SYNTHETIC,94.6,72.9
ST03799,Student ST03799,CSE,7,7.12,69.9,72.0,0,5.2,3.2,5.1,5.6,2.4,5.7,1.8,3.7,1,5,2,0,1,6.3,5.5,6.3,5.4,4.2,5.7,0,0,QA Specialist,1,SYNTHETIC,92.8,82.2
ST03800,Student ST03800,CSE,7,7.4,73.5,74.9,0,5.8,5.0,6.0,4.9,3.2,5.6,2.0,2.4,1,1,2,0,0,8.0,6.9,4.8,6.7,5.1,4.7,1,0,AI/ML Engineer,1,SYNTHETIC,76.5,60.9
ST03801,Student ST03801,ISE,8,7.71,81.4,78.4,0,5.5,6.1,5.4,3.9,5.7,4.0,4.5,1.1,0,5,1,1,1,6.0,8.7,3.7,6.4,5.3,6.3,0,0,Cloud/DevOps Engineer,1,SYNTHETIC,75.2,77.9
ST03802,Student ST03802,ISE,7,8.99,91.8,87.9,0,7.8,8.6,7.3,6.7,4.7,6.2,5.9,4.2,0,1,2,0,0,7.7,8.6,7.5,5.8,5.8,5.1,0,0,Cybersecurity Specialist,1,SYNTHETIC,95.2,94.2
ST03803,Student ST03803,ECE,8,7.19,76.7,71.0,0,3.9,4.7,4.1,4.1,2.2,3.2,5.0,5.0,1,2,1,0,0,4.7,7.1,3.9,4.8,3.4,5.1,0,0,Full-Stack Developer,0,SYNTHETIC,83.9,92.9
ST03804,Student ST03804,ECE,7,5.72,64.3,62.4,1,3.0,3.8,3.5,4.6,1.0,4.9,1.5,4.3,3,3,1,0,0,6.1,6.2,4.2,6.1,6.4,2.9,1,0,QA Specialist,0,SYNTHETIC,79.7,71.5
ST03805,Student ST03805,ISE,8,8.44,82.0,93.5,0,6.0,6.7,2.7,4.4,3.6,6.4,3.0,3.6,0,1,1,2,0,7.5,8.8,5.7,9.0,8.1,6.7,0,1,QA Specialist,1,SYNTHETIC,89.5,88.0
ST03806,Student ST03806,CSE,8,7.04,75.6,69.7,0,3.9,4.4,7.9,4.4,4.2,3.6,5.1,3.3,1,1,1,0,0,7.9,7.4,3.0,3.1,4.6,3.6,1,0,AI/ML Engineer,0,SYNTHETIC,87.1,61.4
ST03807,Student ST03807,Mechanical,8,7.11,70.9,64.6,0,5.5,5.0,4.6,5.2,2.9,1.4,1.0,2.9,1,1,2,1,1,6.7,6.6,5.9,6.4,5.3,4.8,0,0,AI/ML Engineer,1,SYNTHETIC,98.1,62.5
ST03808,Student ST03808,Mechanical,8,5.88,61.7,74.3,0,1.0,1.6,1.9,1.4,1.4,1.1,2.8,1.7,2,1,1,1,1,5.4,5.9,3.0,6.9,7.6,3.5,1,0,Cybersecurity Specialist,0,SYNTHETIC,76.4,85.8
ST03809,Student ST03809,ECE,7,8.12,81.1,76.5,0,7.7,6.5,6.7,8.2,4.2,5.4,3.9,1.9,1,3,2,2,0,5.0,7.5,6.8,8.5,9.4,8.1,0,0,QA Specialist,1,SYNTHETIC,78.6,64.0
ST03810,Student ST03810,CSE,7,8.36,84.3,82.8,0,8.2,7.8,9.3,5.7,6.4,3.8,2.3,3.8,1,2,2,0,1,7.3,8.4,7.1,6.9,5.5,6.7,0,0,Cloud/DevOps Engineer,1,SYNTHETIC,96.3,79.1
ST03811,Student ST03811,CSE,7,9.1,89.8,85.7,0,5.8,5.1,3.9,4.7,5.5,6.3,2.0,3.1,1,3,2,2,0,7.0,6.8,4.9,4.8,4.5,5.3,2,0,Data Analyst,1,SYNTHETIC,80.1,93.1
ST03812,Student ST03812,Mechanical,8,6.78,70.1,70.5,0,1.0,2.5,1.6,4.8,4.2,1.9,1.0,1.5,0,2,1,0,0,5.0,4.5,3.0,6.4,5.9,4.7,0,0,AI/ML Engineer,0,SYNTHETIC,91.7,72.9
ST03813,Student ST03813,Mechanical,7,7.28,83.2,68.3,0,3.5,4.2,4.7,5.4,3.3,3.7,4.1,3.7,1,4,1,2,0,7.3,6.8,5.0,6.0,5.8,4.1,0,0,QA Specialist,0,SYNTHETIC,78.7,90.7
ST03814,Student ST03814,CSE,8,8.42,89.0,89.7,0,5.6,7.8,5.0,5.6,3.8,5.5,5.8,3.7,3,1,2,0,0,7.6,6.0,4.7,6.1,5.1,5.1,1,0,Cloud/DevOps Engineer,1,SYNTHETIC,80.1,74.8
ST03815,Student ST03815,CSE,7,7.73,79.7,79.7,0,4.9,6.8,4.0,3.7,4.1,5.3,1.0,1.2,0,3,1,1,0,4.1,5.9,4.4,5.4,5.4,4.6,0,0,QA Specialist,0,SYNTHETIC,81.1,84.9
ST03816,Student ST03816,ISE,8,6.67,72.9,69.8,0,4.7,4.4,5.5,3.5,5.3,4.9,4.7,2.4,0,1,1,0,1,6.1,5.0,4.1,6.0,5.7,3.2,1,0,QA Specialist,0,SYNTHETIC,77.3,90.3
ST03817,Student ST03817,ISE,8,7.8,76.0,84.0,0,5.5,4.4,3.8,5.8,5.1,4.3,1.6,3.1,1,1,2,0,1,6.6,7.4,6.6,8.2,7.9,6.3,0,1,Data Analyst,0,SYNTHETIC,83.6,65.6
ST03818,Student ST03818,CSE,8,7.42,70.8,76.9,0,5.6,2.5,3.1,6.3,1.0,5.0,2.6,2.0,0,5,2,3,0,7.6,5.5,6.7,6.1,3.9,6.1,2,0,Cloud/DevOps Engineer,1,SYNTHETIC,94.4,90.1
ST03819,Student ST03819,ISE,8,8.0,80.0,83.4,0,4.7,3.7,7.5,2.2,3.3,3.5,2.6,1.0,1,2,1,0,1,8.4,7.2,3.6,9.3,7.4,6.8,0,0,Data Analyst,1,SYNTHETIC,84.3,80.3
ST03820,Student ST03820,ISE,8,7.33,78.4,80.8,0,4.7,4.8,3.2,3.5,3.6,4.0,4.1,1.0,1,4,1,0,1,5.0,6.0,3.4,7.0,6.9,6.1,1,0,AI/ML Engineer,1,SYNTHETIC,93.3,74.6
ST03821,Student ST03821,ISE,7,5.68,65.7,56.7,0,6.1,4.0,4.6,3.1,1.9,4.5,1.0,4.7,0,1,1,0,2,6.2,4.8,4.0,7.4,7.3,5.2,0,1,Cloud/DevOps Engineer,0,SYNTHETIC,79.2,60.2
ST03822,Student ST03822,CSE,7,8.27,79.1,79.8,0,9.3,6.9,6.2,4.7,5.9,4.3,3.7,3.0,0,2,2,2,0,6.3,6.9,6.0,4.7,4.5,6.6,0,0,QA Specialist,1,SYNTHETIC,93.6,89.6
ST03823,Student ST03823,CSE,7,7.63,75.4,78.6,0,5.0,5.9,5.0,3.1,3.1,5.5,3.4,3.3,1,4,1,0,2,8.3,7.3,3.5,6.9,5.4,5.4,0,0,Cloud/DevOps Engineer,1,SYNTHETIC,87.8,71.2
ST03824,Student ST03824,ISE,8,6.98,73.2,69.6,0,3.7,4.8,5.5,3.1,3.3,5.6,3.0,2.0,2,1,1,0,1,6.7,7.3,3.3,7.4,7.5,4.8,0,0,QA Specialist,0,SYNTHETIC,97.0,81.9
ST03825,Student ST03825,CSE,7,6.9,67.3,67.1,0,4.4,4.8,6.1,6.3,3.1,2.5,1.0,6.2,0,1,2,0,1,5.2,7.2,6.3,6.5,6.8,5.1,2,0,AI/ML Engineer,1,SYNTHETIC,87.0,70.3
ST03826,Student ST03826,ISE,7,6.68,68.4,67.5,0,5.2,5.3,5.5,2.0,3.7,4.5,4.0,3.6,1,4,1,0,0,5.8,7.0,3.7,7.0,5.8,6.2,1,1,Full-Stack Developer,0,SYNTHETIC,77.5,88.6
ST03827,Student ST03827,Mechanical,8,6.56,61.9,65.4,0,5.1,5.5,3.0,3.4,3.3,3.5,4.1,1.0,1,2,1,0,0,4.8,7.8,3.3,4.3,4.6,3.7,0,0,Cybersecurity Specialist,0,SYNTHETIC,98.0,88.7
ST03828,Student ST03828,ECE,8,7.62,68.2,74.6,0,5.1,3.9,4.6,5.6,2.0,4.7,2.6,3.8,3,4,2,1,0,8.2,5.3,6.1,3.8,1.6,6.4,3,0,AI/ML Engineer,1,SYNTHETIC,97.7,91.3
ST03829,Student ST03829,ECE,8,7.1,69.8,74.9,0,2.8,3.1,5.4,2.5,4.2,4.1,3.2,1.0,1,1,1,0,0,6.6,5.6,3.7,5.8,5.9,3.9,0,0,QA Specialist,1,SYNTHETIC,97.6,74.2
ST03830,Student ST03830,ECE,8,6.94,66.2,78.9,0,4.0,3.9,3.7,4.3,5.0,5.7,2.8,1.0,0,1,1,1,0,5.4,6.6,4.0,5.2,5.4,4.1,0,0,Cloud/DevOps Engineer,1,SYNTHETIC,86.8,72.8
ST03831,Student ST03831,ISE,7,8.07,81.3,77.4,0,4.0,4.6,3.6,4.7,2.7,3.1,2.8,1.8,2,1,1,1,1,7.2,7.7,4.6,5.9,5.7,5.3,0,0,Full-Stack Developer,1,SYNTHETIC,88.7,85.0
ST03832,Student ST03832,CSE,7,7.7,84.9,79.7,0,3.9,6.4,4.7,4.5,1.3,3.3,2.8,4.5,2,2,1,2,0,5.3,7.3,2.9,4.3,4.1,6.1,1,0,Full-Stack Developer,0,SYNTHETIC,81.9,61.8
ST03833,Student ST03833,CSE,8,5.26,62.5,53.7,0,5.5,1.9,4.5,1.0,3.0,3.5,1.1,1.5,1,1,1,0,0,6.0,5.4,2.9,3.9,5.7,3.5,0,0,Cybersecurity Specialist,0,SYNTHETIC,97.3,94.8
ST03834,Student ST03834,Mechanical,8,7.75,80.5,82.2,0,4.2,6.3,6.6,7.1,4.2,4.2,2.5,3.3,1,1,2,0,0,6.5,7.0,6.3,6.4,6.2,7.3,0,0,QA Specialist,1,SYNTHETIC,92.9,71.3
ST03835,Student ST03835,CSE,7,7.24,73.9,68.0,0,5.2,5.2,4.4,5.7,5.6,4.8,3.9,5.2,1,4,2,2,0,6.9,7.0,5.1,7.2,6.7,6.2,0,0,Cloud/DevOps Engineer,0,SYNTHETIC,76.3,75.9
ST03836,Student ST03836,CSE,8,7.52,69.4,73.0,0,5.3,3.1,5.3,4.3,3.5,4.5,4.1,4.0,1,3,1,2,0,5.8,6.1,5.9,6.5,7.1,7.0,0,0,Cybersecurity Specialist,1,SYNTHETIC,82.6,72.6
ST03837,Student ST03837,CSE,8,8.7,90.5,86.2,0,5.4,4.7,8.3,8.3,5.1,5.0,1.7,2.9,0,3,2,0,1,7.3,6.2,8.0,8.4,8.5,7.1,0,0,AI/ML Engineer,1,SYNTHETIC,77.8,73.5
ST03838,Student ST03838,CSE,7,7.67,79.4,82.0,0,5.6,5.4,7.7,5.1,3.5,5.0,3.6,2.8,2,2,2,0,1,6.0,4.9,5.8,7.3,6.2,5.8,1,0,AI/ML Engineer,1,SYNTHETIC,97.3,74.1
ST03839,Student ST03839,ECE,7,8.41,85.6,78.6,0,5.4,5.1,7.0,7.4,5.3,6.7,3.7,2.4,1,2,2,1,0,6.1,6.5,6.4,5.6,5.5,5.9,0,0,Full-Stack Developer,1,SYNTHETIC,95.6,87.8
ST03840,Student ST03840,Mechanical,7,6.12,64.0,58.8,0,3.9,5.6,3.5,4.5,4.5,4.0,2.0,3.2,2,2,1,0,1,5.5,6.0,4.6,4.6,2.4,3.4,1,0,Cybersecurity Specialist,1,SYNTHETIC,98.0,91.5
ST03841,Student ST03841,CSE,7,6.43,64.3,68.8,0,5.1,6.8,5.7,5.1,1.8,3.2,2.6,4.0,0,4,1,1,0,6.6,5.9,5.9,4.6,5.6,5.3,1,0,Data Analyst,0,SYNTHETIC,95.8,64.1
ST03842,Student ST03842,ISE,7,7.55,69.7,84.9,0,2.7,5.0,5.9,4.1,1.8,3.2,3.3,1.5,0,1,1,3,1,7.8,5.6,2.5,8.4,7.4,5.8,1,0,AI/ML Engineer,1,SYNTHETIC,79.4,87.0
ST03843,Student ST03843,CSE,7,8.03,78.6,77.1,0,7.7,5.8,6.9,5.6,3.2,5.3,3.3,2.5,3,4,2,1,0,6.1,6.7,6.3,8.0,6.9,5.6,1,1,AI/ML Engineer,0,SYNTHETIC,93.1,60.5
ST03844,Student ST03844,ISE,8,7.05,72.8,68.7,0,4.9,4.8,5.1,4.9,3.4,3.5,3.6,1.0,2,3,1,0,0,6.5,7.3,4.2,6.0,6.2,4.3,0,0,Data Analyst,1,SYNTHETIC,95.1,68.0
ST03845,Student ST03845,Mechanical,8,6.41,66.3,73.5,1,5.9,5.4,3.7,5.0,2.5,5.3,2.4,1.0,2,3,2,0,0,5.5,5.6,6.1,4.4,4.7,5.6,0,0,Cloud/DevOps Engineer,0,SYNTHETIC,75.4,60.8
ST03846,Student ST03846,ECE,7,7.32,70.5,74.3,0,6.1,5.4,6.8,5.4,2.3,5.6,3.0,3.6,1,1,2,0,1,5.4,6.6,5.8,5.8,6.7,6.2,1,0,QA Specialist,1,SYNTHETIC,87.7,78.7
ST03847,Student ST03847,Mechanical,8,7.87,74.5,79.2,0,5.7,5.0,7.3,5.6,1.9,5.7,2.6,2.2,0,6,2,0,0,7.7,6.1,5.5,7.5,5.7,6.3,1,0,Full-Stack Developer,1,SYNTHETIC,97.0,81.6
ST03848,Student ST03848,CSE,8,6.96,65.0,71.9,0,4.8,5.4,4.6,2.3,3.2,3.9,1.4,4.2,5,4,1,1,0,6.1,5.3,2.4,6.4,5.2,4.2,0,0,Data Analyst,0,SYNTHETIC,90.3,65.0
ST03849,Student ST03849,CSE,8,8.38,74.4,84.7,0,5.7,8.9,8.6,5.7,5.0,7.2,5.7,3.6,1,1,2,0,1,6.8,7.5,6.6,6.1,3.9,7.0,0,0,Cloud/DevOps Engineer,1,SYNTHETIC,92.5,77.5
ST03850,Student ST03850,Mechanical,8,5.71,60.7,59.1,0,3.9,4.7,1.9,1.9,1.0,2.8,2.1,2.7,1,2,1,0,0,4.1,4.6,1.4,5.6,6.9,4.5,2,0,QA Specialist,0,SYNTHETIC,84.5,72.6
ST03851,Student ST03851,ECE,8,7.48,72.8,70.7,0,5.7,7.3,4.7,4.5,5.3,5.3,5.5,3.8,3,2,1,0,2,6.3,7.3,5.7,5.1,3.7,5.0,0,0,Cloud/DevOps Engineer,1,SYNTHETIC,96.8,70.2
ST03852,Student ST03852,CSE,8,6.62,69.8,68.4,0,6.4,4.7,5.2,4.1,4.0,4.7,1.0,2.3,2,4,1,1,0,5.7,6.5,4.4,5.3,4.8,5.3,0,0,AI/ML Engineer,0,SYNTHETIC,89.7,77.0
ST03853,Student ST03853,CSE,7,8.26,85.7,89.2,0,5.6,6.4,3.4,5.3,2.8,5.2,2.8,5.1,1,3,2,1,0,6.3,9.2,5.8,7.8,8.5,6.4,1,1,AI/ML Engineer,0,SYNTHETIC,79.7,67.2
ST03854,Student ST03854,CSE,8,7.69,76.1,73.4,0,5.8,5.6,4.1,3.5,3.8,6.4,5.0,3.2,0,2,1,1,0,7.6,8.3,4.9,8.8,8.6,7.7,0,1,Data Analyst,1,SYNTHETIC,79.8,82.8
ST03855,Student ST03855,CSE,8,5.16,56.4,57.3,0,5.4,4.7,5.3,5.0,2.0,2.8,1.1,3.0,0,2,1,0,0,5.4,4.5,6.0,7.6,8.0,6.8,0,0,Data Analyst,0,SYNTHETIC,89.4,83.7
ST03856,Student ST03856,ECE,7,7.66,77.1,79.0,0,4.2,5.3,2.6,1.9,1.9,2.5,3.5,2.8,1,4,1,0,0,6.8,5.1,2.7,6.9,7.5,5.0,2,0,QA Specialist,0,SYNTHETIC,76.8,85.1
ST03857,Student ST03857,CSE,8,7.99,81.4,81.2,0,7.7,8.5,6.7,7.8,4.1,5.2,2.7,7.4,1,6,2,0,1,7.8,6.4,7.8,5.2,5.9,7.6,0,0,AI/ML Engineer,1,SYNTHETIC,80.4,90.1
ST03858,Student ST03858,Mechanical,7,7.25,66.8,73.6,0,7.7,6.9,6.1,3.8,2.9,4.2,4.8,1.0,1,5,2,0,0,6.2,7.7,5.8,3.7,2.9,3.7,0,0,Full-Stack Developer,0,SYNTHETIC,85.6,65.0
ST03859,Student ST03859,CSE,7,8.86,85.8,83.6,0,6.0,7.8,5.1,5.4,1.0,3.8,3.5,3.9,1,3,2,1,1,6.3,7.2,5.2,5.5,3.7,5.5,1,0,Cybersecurity Specialist,1,SYNTHETIC,84.7,91.0
ST03860,Student ST03860,CSE,7,8.39,84.2,74.5,0,2.8,6.2,4.9,5.0,6.9,4.2,4.0,3.5,0,4,1,1,1,7.0,8.6,3.5,5.3,4.7,4.5,1,0,Cloud/DevOps Engineer,1,SYNTHETIC,99.0,79.6
ST03861,Student ST03861,CSE,7,6.35,63.0,68.5,0,6.5,2.8,5.7,6.4,2.0,5.2,1.2,2.9,1,4,2,0,1,5.6,8.5,5.5,6.9,6.5,6.7,0,0,Full-Stack Developer,1,SYNTHETIC,75.9,89.5
ST03862,Student ST03862,CSE,7,6.07,67.6,62.1,0,1.0,1.0,3.9,2.8,1.0,1.6,1.2,1.0,0,1,1,0,0,5.2,7.6,2.8,7.2,5.3,4.4,2,1,Data Analyst,0,SYNTHETIC,93.0,73.3
ST03863,Student ST03863,ISE,7,7.77,78.0,79.2,0,5.7,4.8,7.4,5.3,2.5,2.3,1.7,3.9,2,3,2,0,0,5.9,5.9,5.1,7.6,8.2,7.8,1,1,AI/ML Engineer,1,SYNTHETIC,84.3,89.6
ST03864,Student ST03864,Mechanical,7,6.69,77.1,74.0,0,3.1,5.4,5.1,2.6,2.9,2.1,1.0,3.7,1,4,1,0,1,6.4,7.2,2.9,6.3,5.7,2.9,1,0,QA Specialist,0,SYNTHETIC,75.2,61.5
ST03865,Student ST03865,ECE,7,7.2,69.7,79.0,0,3.4,1.9,3.9,3.7,3.2,6.5,1.0,1.0,1,2,1,1,0,6.0,5.5,3.0,6.4,7.0,5.8,1,0,Cybersecurity Specialist,0,SYNTHETIC,84.1,90.4
ST03866,Student ST03866,CSE,7,7.98,77.2,70.4,0,5.3,2.9,6.2,7.8,4.6,5.0,5.3,5.7,1,1,2,1,1,6.1,8.3,6.4,6.1,6.3,6.2,0,0,Cloud/DevOps Engineer,1,SYNTHETIC,78.4,87.5
ST03867,Student ST03867,ECE,7,6.31,64.5,58.8,0,1.6,4.6,5.0,6.0,2.2,4.6,1.0,2.8,0,1,1,0,0,4.8,7.3,3.6,3.5,2.3,3.1,1,0,AI/ML Engineer,0,SYNTHETIC,92.5,74.2
ST03868,Student ST03868,Mechanical,8,8.67,86.0,86.1,0,5.1,4.4,5.9,6.1,3.1,6.3,5.1,2.8,1,4,2,0,0,8.0,6.9,4.9,6.1,6.2,5.0,1,0,QA Specialist,1,SYNTHETIC,88.2,91.2
ST03869,Student ST03869,CSE,7,6.58,59.3,69.1,1,3.6,2.4,4.4,1.7,1.0,3.5,1.9,2.8,2,2,1,0,0,5.5,3.7,3.7,3.2,2.8,3.6,1,0,Cybersecurity Specialist,0,SYNTHETIC,88.5,62.7
ST03870,Student ST03870,Mechanical,8,8.77,84.6,87.8,0,6.1,6.3,4.6,4.3,3.3,6.0,5.2,5.9,0,1,1,1,1,5.9,8.2,4.0,4.7,4.0,5.6,0,0,Cybersecurity Specialist,1,SYNTHETIC,85.6,87.1
ST03871,Student ST03871,CSE,7,7.73,79.5,75.1,0,3.7,4.6,3.4,5.0,1.0,3.8,3.6,3.9,1,2,1,0,0,6.9,8.2,5.8,8.7,8.7,5.8,1,1,Full-Stack Developer,1,SYNTHETIC,87.1,65.1
ST03872,Student ST03872,CSE,7,7.26,68.8,71.2,0,4.6,5.7,4.1,4.4,2.2,2.3,2.4,1.6,4,2,1,1,1,7.6,6.1,5.3,4.5,2.9,4.3,0,0,Cybersecurity Specialist,1,SYNTHETIC,93.2,83.4
ST03873,Student ST03873,CSE,7,6.6,72.5,66.1,0,7.0,5.7,7.1,7.0,7.8,5.0,1.1,2.2,0,2,2,1,0,7.0,8.0,5.8,5.4,6.2,6.5,0,0,AI/ML Engineer,1,SYNTHETIC,76.5,72.5
ST03874,Student ST03874,Mechanical,8,7.53,84.8,74.9,0,4.7,3.8,2.9,4.6,3.1,3.2,1.7,1.9,1,2,1,1,0,8.4,7.1,5.2,5.5,5.7,5.6,0,0,AI/ML Engineer,0,SYNTHETIC,85.9,69.4
ST03875,Student ST03875,CSE,8,8.65,85.1,82.9,0,5.5,6.8,5.8,6.2,4.9,6.6,2.1,4.4,1,4,2,3,1,6.6,6.3,6.7,5.5,6.1,6.9,0,0,Data Analyst,1,SYNTHETIC,94.2,61.1
ST03876,Student ST03876,ISE,7,7.66,71.2,84.6,0,5.6,5.4,5.4,5.8,5.7,7.1,3.6,3.3,2,1,2,0,0,6.5,8.1,5.8,6.0,5.2,6.8,0,0,Cybersecurity Specialist,0,SYNTHETIC,78.1,77.8
ST03877,Student ST03877,ECE,7,7.09,67.9,66.3,0,5.5,6.2,6.7,6.6,5.6,4.3,4.5,4.0,3,1,2,1,1,7.8,8.1,5.8,4.7,3.8,4.5,0,0,Cloud/DevOps Engineer,1,SYNTHETIC,78.7,77.7
ST03878,Student ST03878,CSE,7,6.47,67.1,68.2,0,3.2,3.9,4.8,4.7,3.8,3.6,2.5,2.1,2,1,1,0,1,7.7,4.9,5.2,6.0,6.2,5.5,1,0,Full-Stack Developer,0,SYNTHETIC,88.2,88.5
ST03879,Student ST03879,CSE,7,7.77,81.9,76.8,0,6.0,6.0,5.1,7.0,2.9,3.9,3.5,4.4,0,1,2,0,0,5.5,6.2,6.1,6.3,4.5,6.9,0,0,QA Specialist,0,SYNTHETIC,91.0,90.2
ST03880,Student ST03880,ISE,8,8.98,88.9,88.3,0,5.7,6.4,8.0,7.3,3.0,5.4,5.6,4.4,1,5,2,1,0,5.7,6.7,7.4,4.8,2.8,6.8,1,0,AI/ML Engineer,1,SYNTHETIC,96.1,73.8
ST03881,Student ST03881,Mechanical,7,6.37,66.0,64.1,0,4.9,5.5,4.7,6.1,2.3,5.3,4.8,3.0,1,1,2,0,1,4.3,5.7,6.6,5.9,6.6,5.2,0,0,Cloud/DevOps Engineer,1,SYNTHETIC,83.4,94.7
ST03882,Student ST03882,ISE,7,7.65,79.8,84.2,0,7.1,6.0,4.8,7.2,4.0,6.3,3.0,1.0,1,3,2,0,3,6.6,3.9,7.6,4.9,3.9,6.0,0,0,QA Specialist,1,SYNTHETIC,81.9,92.9
ST03883,Student ST03883,Mechanical,7,7.83,80.3,75.2,0,8.1,4.5,5.4,3.8,5.7,4.8,1.3,1.4,1,1,2,0,1,5.5,6.3,4.4,6.7,6.6,6.5,0,0,Cloud/DevOps Engineer,1,SYNTHETIC,93.5,76.2
ST03884,Student ST03884,CSE,8,7.62,78.5,74.3,0,4.5,4.8,6.6,5.5,4.2,5.9,3.7,3.5,1,1,1,2,0,6.5,7.2,4.7,7.1,7.1,5.7,1,0,Cloud/DevOps Engineer,1,SYNTHETIC,80.8,77.3
ST03885,Student ST03885,ISE,8,7.93,76.4,80.3,0,6.1,4.4,4.4,4.3,4.0,7.0,3.3,5.0,1,2,1,2,0,5.5,7.1,4.6,5.5,4.5,6.7,1,0,QA Specialist,0,SYNTHETIC,80.9,79.7
ST03886,Student ST03886,CSE,7,6.48,67.0,73.0,0,4.3,3.9,7.1,3.5,1.6,4.4,3.1,1.3,1,2,1,0,1,4.7,5.4,3.9,6.6,5.9,5.2,1,0,Data Analyst,0,SYNTHETIC,86.5,77.8
ST03887,Student ST03887,ISE,7,6.69,69.8,67.2,0,7.8,3.8,5.8,6.2,6.5,6.9,3.9,3.9,0,1,2,0,0,6.2,5.8,7.2,6.2,6.4,6.7,0,0,QA Specialist,1,SYNTHETIC,85.4,82.3
ST03888,Student ST03888,ISE,8,5.0,55.0,57.8,1,1.0,1.3,3.5,1.4,1.2,2.9,1.0,1.0,1,5,1,0,0,6.8,4.8,1.0,6.4,6.7,3.6,0,0,Cybersecurity Specialist,0,SYNTHETIC,85.6,81.2
ST03889,Student ST03889,CSE,7,7.27,82.2,74.1,0,5.8,6.4,3.8,5.7,4.1,3.7,4.3,3.2,2,4,2,0,0,5.7,6.8,5.0,5.3,5.7,5.1,0,0,AI/ML Engineer,0,SYNTHETIC,86.3,80.8
ST03890,Student ST03890,ECE,8,7.55,77.9,77.5,0,5.0,4.9,5.8,8.6,5.5,8.4,1.4,4.8,0,1,2,0,0,6.9,6.9,6.7,6.9,5.7,7.5,0,0,QA Specialist,1,SYNTHETIC,92.8,70.5
ST03891,Student ST03891,ECE,8,8.88,91.8,86.2,0,2.4,5.7,6.8,7.5,4.6,4.9,3.7,2.3,2,3,1,3,0,8.9,6.3,5.1,9.1,10.0,7.7,2,0,Cloud/DevOps Engineer,1,SYNTHETIC,76.6,68.4
ST03892,Student ST03892,ECE,8,7.46,75.1,75.0,0,5.3,5.6,6.6,7.1,4.5,4.0,1.0,3.4,1,1,2,0,0,7.7,5.3,5.8,4.4,4.9,4.5,0,0,QA Specialist,1,SYNTHETIC,78.6,94.1
ST03893,Student ST03893,ISE,8,7.59,77.6,75.7,0,5.4,4.4,6.5,2.9,5.0,4.3,1.6,3.0,1,1,1,0,0,6.0,5.4,3.0,5.4,4.3,4.4,1,0,QA Specialist,0,SYNTHETIC,90.9,72.5
ST03894,Student ST03894,Mechanical,7,6.99,70.5,72.6,0,6.8,4.4,5.3,5.0,4.2,6.7,6.2,3.7,1,4,2,0,0,8.2,5.5,6.8,5.1,5.2,5.7,0,0,Full-Stack Developer,1,SYNTHETIC,98.4,62.8
ST03895,Student ST03895,Mechanical,8,6.83,73.9,63.5,0,6.8,3.7,4.4,4.9,1.9,3.7,1.0,3.6,1,1,2,1,0,5.5,6.8,6.0,3.4,4.6,4.6,1,0,QA Specialist,0,SYNTHETIC,92.0,62.7
ST03896,Student ST03896,CSE,8,8.19,76.4,81.7,0,6.9,6.2,4.1,5.2,5.0,2.5,2.1,4.3,1,2,2,0,1,7.2,7.5,5.3,5.6,5.3,6.4,0,0,Cloud/DevOps Engineer,1,SYNTHETIC,82.7,89.7
ST03897,Student ST03897,CSE,7,8.13,78.1,77.7,0,4.9,5.4,6.1,6.7,4.0,2.8,4.8,2.8,2,5,2,0,0,7.7,6.6,6.2,5.3,4.9,4.3,0,0,QA Specialist,1,SYNTHETIC,85.3,94.0
ST03898,Student ST03898,ECE,8,7.69,74.9,81.8,0,6.7,6.0,6.8,6.7,4.2,6.0,4.1,6.1,2,3,2,0,0,7.0,6.3,6.6,8.8,7.7,6.9,1,0,Full-Stack Developer,1,SYNTHETIC,78.6,92.2
ST03899,Student ST03899,CSE,8,6.69,74.5,80.3,0,4.6,4.5,6.8,5.8,4.0,4.8,3.6,4.4,0,1,1,1,0,4.3,5.5,4.4,5.7,5.0,6.5,0,0,Cybersecurity Specialist,1,SYNTHETIC,90.0,69.2
ST03900,Student ST03900,CSE,7,6.61,67.5,68.5,1,1.9,3.2,5.4,2.9,5.2,2.8,1.0,1.0,1,1,1,0,1,6.2,6.7,2.3,6.6,5.5,5.0,0,0,Data Analyst,0,SYNTHETIC,90.9,62.4
ST03901,Student ST03901,ECE,7,7.96,83.6,85.6,0,6.7,3.3,5.3,3.3,2.5,2.5,3.2,1.5,0,2,1,0,0,6.6,6.9,4.7,9.2,8.5,5.6,1,0,Full-Stack Developer,1,SYNTHETIC,79.1,88.5
ST03902,Student ST03902,CSE,8,7.56,82.1,83.7,0,7.6,7.1,6.3,6.1,5.7,6.7,4.8,5.2,1,1,2,0,0,6.6,6.4,7.3,5.2,3.8,7.1,0,0,QA Specialist,1,SYNTHETIC,86.7,80.5
ST03903,Student ST03903,ISE,7,5.85,65.2,65.8,0,6.3,3.6,6.0,5.6,4.4,4.2,4.7,3.5,0,3,2,0,0,5.7,6.0,5.4,4.1,2.8,5.8,1,0,Data Analyst,0,SYNTHETIC,87.6,89.3
ST03904,Student ST03904,CSE,7,7.74,84.4,75.4,0,5.5,6.8,5.4,4.4,4.5,5.7,3.7,1.1,0,1,1,1,0,7.5,6.2,5.2,6.3,6.2,6.5,1,0,QA Specialist,1,SYNTHETIC,89.0,84.4
ST03905,Student ST03905,Mechanical,7,7.43,71.8,77.1,0,4.9,3.6,3.3,4.8,1.6,3.4,2.3,2.7,0,1,1,0,0,5.7,5.6,5.1,6.5,5.6,4.0,0,0,Cybersecurity Specialist,0,SYNTHETIC,95.3,83.0
ST03906,Student ST03906,Mechanical,7,7.56,73.2,77.1,0,4.8,3.3,4.1,5.6,3.7,3.8,1.8,4.5,0,4,1,0,1,5.8,6.3,6.2,6.3,6.5,4.7,0,0,AI/ML Engineer,0,SYNTHETIC,77.4,67.2
ST03907,Student ST03907,CSE,7,8.68,83.5,80.8,0,5.2,3.5,7.4,6.7,4.0,4.0,5.0,3.0,3,2,2,2,0,10.0,7.7,5.6,8.2,7.8,7.5,0,0,Data Analyst,1,SYNTHETIC,80.9,72.8
ST03908,Student ST03908,CSE,8,8.47,93.6,85.4,0,7.0,6.0,4.4,4.2,3.3,5.5,4.8,2.7,1,2,2,0,1,6.6,5.5,5.8,8.7,7.8,8.2,0,0,Cybersecurity Specialist,1,SYNTHETIC,76.4,91.2
ST03909,Student ST03909,CSE,7,7.22,77.4,74.9,0,5.1,5.0,6.3,5.3,4.9,4.8,4.4,4.5,3,1,1,0,0,4.9,6.4,5.1,7.9,6.8,7.3,0,0,Cybersecurity Specialist,1,SYNTHETIC,98.8,89.1
ST03910,Student ST03910,CSE,8,7.97,77.9,81.5,0,5.2,5.2,8.5,6.1,1.0,4.3,4.7,3.3,2,1,2,1,1,5.7,6.8,5.6,6.5,5.9,5.7,0,0,Cloud/DevOps Engineer,0,SYNTHETIC,91.1,60.1
ST03911,Student ST03911,CSE,8,8.05,83.8,84.8,0,6.8,7.1,5.0,8.5,3.7,4.3,5.8,4.0,0,1,2,2,0,5.9,5.8,7.9,7.2,7.7,7.7,0,0,Cloud/DevOps Engineer,1,SYNTHETIC,81.4,91.3
ST03912,Student ST03912,ECE,7,7.67,78.0,79.6,0,3.8,2.3,5.7,5.1,6.6,5.5,2.8,3.2,3,1,1,1,0,7.7,7.7,4.2,6.6,5.9,7.3,1,0,Cloud/DevOps Engineer,1,SYNTHETIC,91.9,86.7
ST03913,Student ST03913,CSE,7,8.07,78.7,83.4,0,7.1,4.4,4.6,6.7,2.6,5.4,6.1,4.2,1,3,2,1,0,5.3,6.5,8.0,5.7,4.9,7.9,1,0,Cybersecurity Specialist,1,SYNTHETIC,81.6,64.9
ST03914,Student ST03914,CSE,8,6.4,68.5,63.8,1,3.7,3.7,5.8,5.1,2.5,4.1,3.5,2.4,0,3,1,0,0,5.2,6.2,5.6,4.1,4.5,3.6,2,0,Cloud/DevOps Engineer,0,SYNTHETIC,87.5,75.2
ST03915,Student ST03915,CSE,8,9.66,88.2,85.6,0,6.6,3.7,5.8,6.0,3.5,4.1,2.9,1.1,2,1,2,1,0,7.0,8.6,5.6,5.9,4.9,6.1,0,0,Full-Stack Developer,1,SYNTHETIC,95.0,83.9
ST03916,Student ST03916,ISE,8,7.6,86.8,78.8,0,5.9,4.8,6.1,5.2,1.0,5.2,3.6,3.5,1,2,2,0,1,5.0,6.0,5.5,3.8,2.5,4.9,1,0,Data Analyst,0,SYNTHETIC,84.1,91.4
ST03917,Student ST03917,ECE,8,5.98,61.4,64.0,0,3.9,3.7,7.1,4.0,2.8,2.5,1.2,1.0,1,1,1,0,0,6.3,3.8,3.9,5.1,5.7,4.1,2,0,Cloud/DevOps Engineer,0,SYNTHETIC,94.6,88.8
ST03918,Student ST03918,ISE,7,7.4,70.8,75.4,0,6.9,8.5,6.3,7.5,4.0,5.8,3.3,5.0,0,2,2,0,0,6.0,5.7,7.8,4.9,4.7,5.2,0,0,Cloud/DevOps Engineer,0,SYNTHETIC,92.3,93.7
ST03919,Student ST03919,CSE,8,7.45,79.8,76.9,0,6.7,7.8,6.7,6.6,5.2,1.0,4.2,4.8,0,2,2,1,1,4.9,7.2,7.6,3.9,3.5,6.2,0,0,QA Specialist,0,SYNTHETIC,97.0,62.6
ST03920,Student ST03920,ECE,7,7.21,72.4,67.0,0,6.4,7.4,6.0,6.9,4.6,4.1,2.8,2.8,2,4,2,1,1,6.3,5.7,6.1,5.5,5.8,7.3,1,0,AI/ML Engineer,0,SYNTHETIC,90.5,92.3
ST03921,Student ST03921,CSE,7,8.54,78.9,81.4,0,5.6,8.1,6.1,7.5,4.7,8.1,5.2,4.6,0,1,2,0,1,7.2,5.4,6.5,6.7,5.5,6.9,1,0,AI/ML Engineer,1,SYNTHETIC,89.5,60.6
ST03922,Student ST03922,ISE,8,7.58,78.5,79.5,0,4.3,4.3,8.3,5.5,3.1,2.2,2.4,5.8,1,4,1,1,0,7.7,6.9,6.3,6.5,6.4,5.4,0,0,Cloud/DevOps Engineer,1,SYNTHETIC,84.1,65.3
ST03923,Student ST03923,ECE,8,8.82,88.2,86.2,0,3.9,3.4,6.7,6.4,3.0,4.2,3.3,2.9,1,3,1,1,0,8.3,7.5,5.3,7.3,7.9,5.1,0,1,Full-Stack Developer,1,SYNTHETIC,77.4,87.4
ST03924,Student ST03924,Mechanical,7,7.67,78.4,75.6,0,7.5,7.7,5.4,8.0,6.1,4.2,5.3,3.3,2,2,2,0,0,6.1,7.0,7.7,8.3,8.2,8.4,1,0,AI/ML Engineer,1,SYNTHETIC,84.3,76.4
ST03925,Student ST03925,ISE,8,6.69,68.8,67.6,0,4.2,3.0,5.0,4.2,4.1,4.8,3.8,2.7,0,2,1,0,2,4.3,6.2,4.3,4.7,5.3,6.0,0,0,AI/ML Engineer,0,SYNTHETIC,75.6,80.9
ST03926,Student ST03926,ISE,7,5.59,60.2,62.4,0,4.7,5.1,5.1,4.6,1.0,4.2,3.3,1.3,2,1,1,0,1,4.0,4.6,4.3,6.6,7.0,6.0,1,0,AI/ML Engineer,1,SYNTHETIC,87.0,61.2
ST03927,Student ST03927,CSE,7,8.22,77.2,77.3,0,5.7,4.7,4.7,7.1,2.5,4.2,3.3,5.8,1,5,2,1,1,7.4,6.3,6.2,7.2,6.2,6.8,0,1,Data Analyst,1,SYNTHETIC,83.6,91.7
ST03928,Student ST03928,ECE,8,8.46,90.5,83.3,0,5.7,4.2,8.0,5.4,4.5,3.0,2.2,1.0,0,2,2,0,0,5.1,6.3,5.7,6.4,4.2,6.2,1,0,AI/ML Engineer,0,SYNTHETIC,94.3,79.1
ST03929,Student ST03929,ECE,7,7.4,73.0,70.6,0,5.3,2.9,6.9,5.3,3.3,5.5,2.5,3.6,1,1,2,0,0,7.4,6.6,6.1,7.2,7.4,5.9,0,0,QA Specialist,1,SYNTHETIC,93.6,88.8
ST03930,Student ST03930,Mechanical,8,8.5,87.4,75.9,0,6.1,7.0,5.3,7.5,4.0,5.0,5.5,2.9,2,2,2,1,0,7.1,7.4,6.4,7.3,6.6,7.7,0,1,QA Specialist,1,SYNTHETIC,86.5,77.1
ST03931,Student ST03931,CSE,8,7.07,77.3,74.6,0,3.9,5.8,3.5,4.6,1.0,4.0,4.9,2.2,0,3,1,0,0,6.1,5.6,4.1,6.8,7.0,4.0,1,0,AI/ML Engineer,0,SYNTHETIC,98.1,82.3
ST03932,Student ST03932,CSE,7,6.72,71.3,64.7,0,1.7,4.1,4.3,6.7,2.9,3.0,4.6,2.8,0,4,1,0,0,7.2,6.3,4.0,4.7,4.7,5.9,1,0,Cloud/DevOps Engineer,1,SYNTHETIC,83.9,71.1
ST03933,Student ST03933,Mechanical,8,7.02,71.4,69.9,0,5.1,6.5,6.4,5.3,3.0,4.8,3.3,3.3,1,3,1,0,1,6.9,7.2,5.8,6.4,5.1,5.6,0,0,Data Analyst,1,SYNTHETIC,97.6,80.0
ST03934,Student ST03934,CSE,7,7.51,76.2,76.3,0,3.3,3.7,3.9,3.4,1.9,4.0,3.0,4.4,1,2,1,1,0,5.1,8.0,2.0,5.7,5.2,2.9,0,0,QA Specialist,0,SYNTHETIC,77.4,69.8
ST03935,Student ST03935,ISE,8,6.95,67.6,82.2,0,3.5,4.9,6.1,5.0,4.2,5.5,1.0,1.8,2,3,1,0,1,5.7,6.1,4.1,4.7,4.7,6.0,1,0,Cloud/DevOps Engineer,1,SYNTHETIC,97.5,87.6
ST03936,Student ST03936,ISE,7,7.98,83.5,78.6,0,4.4,6.2,6.3,5.4,3.9,6.1,1.0,2.9,2,3,1,0,1,5.1,9.1,6.3,6.4,5.2,6.4,1,0,Full-Stack Developer,1,SYNTHETIC,87.9,60.3
ST03937,Student ST03937,ISE,8,7.12,72.0,67.1,0,5.6,5.3,4.0,4.7,5.0,4.3,1.8,4.3,2,5,1,0,0,6.2,4.7,5.5,8.9,8.2,6.4,2,1,Cybersecurity Specialist,0,SYNTHETIC,87.5,83.6
ST03938,Student ST03938,CSE,8,6.97,78.7,61.9,0,1.4,5.9,4.6,2.7,1.6,1.0,2.3,4.2,0,1,1,0,0,7.0,6.7,2.3,6.3,7.8,4.1,1,0,Data Analyst,0,SYNTHETIC,93.5,79.7
ST03939,Student ST03939,Mechanical,8,6.64,71.8,63.2,0,4.3,4.4,6.1,3.1,4.3,4.0,1.4,1.0,1,4,1,1,1,6.7,5.7,2.9,7.6,6.3,3.5,1,0,AI/ML Engineer,0,SYNTHETIC,83.0,91.6
ST03940,Student ST03940,ISE,8,8.08,77.7,81.0,0,7.0,7.5,5.7,6.3,4.7,7.6,7.7,4.6,1,4,2,3,0,6.3,8.8,5.8,4.6,4.1,7.4,0,0,Data Analyst,1,SYNTHETIC,78.9,70.5
ST03941,Student ST03941,CSE,7,7.69,70.4,80.1,0,4.2,2.6,4.9,2.2,3.3,2.7,2.1,4.9,1,1,1,0,0,5.9,6.1,3.3,6.0,5.4,4.8,0,0,AI/ML Engineer,0,SYNTHETIC,86.2,94.4
ST03942,Student ST03942,CSE,7,9.05,94.2,84.0,0,6.7,5.3,5.4,6.6,5.4,5.5,3.8,3.3,1,2,2,0,0,10.0,8.1,7.3,7.0,7.6,6.1,0,0,Data Analyst,1,SYNTHETIC,91.9,89.2
ST03943,Student ST03943,CSE,7,7.59,78.9,80.6,0,4.9,2.9,5.0,2.5,2.9,3.9,2.4,3.3,1,1,1,0,0,5.9,7.2,4.0,5.1,5.6,3.1,0,0,QA Specialist,0,SYNTHETIC,84.7,79.1
ST03944,Student ST03944,ECE,7,8.12,89.2,81.4,0,7.1,5.8,6.1,7.1,3.6,4.9,5.0,2.5,0,2,2,1,0,6.5,7.3,7.4,8.9,7.5,9.2,0,0,AI/ML Engineer,1,SYNTHETIC,98.3,70.4
ST03945,Student ST03945,ISE,7,7.14,71.8,79.8,0,6.4,5.1,4.6,6.0,3.9,5.1,3.0,1.1,1,4,2,2,0,6.7,4.7,7.1,5.4,5.1,6.2,1,0,Cloud/DevOps Engineer,1,SYNTHETIC,83.3,81.5
ST03946,Student ST03946,CSE,8,6.94,68.6,66.7,0,4.8,5.0,5.8,6.6,2.4,5.1,2.8,3.1,1,2,2,0,0,7.2,5.7,5.4,5.4,3.4,5.3,0,0,AI/ML Engineer,1,SYNTHETIC,80.5,82.0
ST03947,Student ST03947,CSE,8,6.9,67.4,70.1,0,7.8,5.4,6.6,5.5,4.5,6.2,3.0,4.3,1,2,2,0,1,6.4,6.3,5.1,8.1,9.5,7.2,0,1,Cloud/DevOps Engineer,1,SYNTHETIC,79.6,63.1
ST03948,Student ST03948,CSE,7,6.67,68.0,70.8,0,3.1,2.8,5.3,6.2,5.7,6.7,3.8,4.1,0,2,1,0,2,5.9,6.0,5.8,10.0,8.3,6.7,0,0,QA Specialist,1,SYNTHETIC,91.3,85.9
ST03949,Student ST03949,CSE,8,7.97,76.9,83.9,0,5.0,5.1,5.6,3.8,4.9,5.0,4.8,2.2,0,6,1,0,1,6.3,8.2,3.2,7.8,8.5,5.7,0,0,Cybersecurity Specialist,1,SYNTHETIC,91.5,67.2
ST03950,Student ST03950,CSE,7,6.74,70.6,72.8,0,6.9,7.9,6.8,4.1,5.1,6.1,3.4,3.4,0,3,2,0,0,4.7,5.2,6.5,5.6,5.9,5.0,0,0,Cloud/DevOps Engineer,0,SYNTHETIC,98.3,87.3
ST03951,Student ST03951,ECE,7,8.25,75.1,89.6,0,3.9,6.6,5.8,2.1,2.8,4.0,5.1,2.4,1,1,1,1,1,8.6,7.4,3.3,7.4,6.9,5.8,1,1,Cloud/DevOps Engineer,1,SYNTHETIC,76.4,64.4
ST03952,Student ST03952,ISE,8,7.08,71.0,66.9,0,4.6,2.7,5.1,4.0,3.5,4.5,2.1,3.9,1,1,1,0,0,6.5,7.6,4.0,8.3,8.7,6.0,1,0,QA Specialist,1,SYNTHETIC,78.5,68.8
ST03953,Student ST03953,ECE,7,7.95,78.8,79.2,0,5.8,7.7,7.3,5.2,3.0,2.9,3.7,2.3,1,3,2,0,0,7.2,6.2,4.8,5.8,6.0,6.4,0,0,Full-Stack Developer,1,SYNTHETIC,76.8,94.1
ST03954,Student ST03954,Mechanical,7,9.13,88.6,86.1,0,7.0,9.8,6.1,3.5,4.7,7.2,4.8,4.3,1,3,1,0,0,7.1,8.1,4.8,8.5,8.0,7.4,1,0,Data Analyst,1,SYNTHETIC,76.5,70.0
ST03955,Student ST03955,CSE,7,8.39,84.6,81.4,0,6.6,5.4,3.7,4.7,3.0,7.2,2.6,3.8,1,2,2,0,0,6.2,7.4,4.5,6.6,5.4,6.5,0,0,Cloud/DevOps Engineer,1,SYNTHETIC,92.4,82.5
ST03956,Student ST03956,Mechanical,8,5.45,55.0,56.9,0,1.4,2.6,2.2,1.4,1.0,1.0,1.0,1.0,3,3,1,0,0,6.0,5.2,1.3,8.0,8.2,3.4,0,0,Cybersecurity Specialist,0,SYNTHETIC,78.2,62.9
ST03957,Student ST03957,CSE,8,7.32,71.0,71.2,0,2.3,3.7,5.5,4.6,3.2,3.4,4.1,3.4,0,1,1,0,1,6.7,6.7,3.0,5.4,5.4,5.4,1,0,QA Specialist,1,SYNTHETIC,95.8,80.1
ST03958,Student ST03958,Mechanical,8,9.06,92.8,91.6,0,6.3,5.8,8.3,6.4,3.3,5.9,4.8,3.5,1,5,2,1,0,8.3,7.6,7.3,4.7,4.7,6.3,1,0,Cybersecurity Specialist,1,SYNTHETIC,78.1,84.9
ST03959,Student ST03959,ECE,8,7.22,68.1,70.7,0,6.0,5.4,6.4,5.0,2.8,6.6,2.2,1.8,1,1,2,1,0,7.0,5.6,4.0,5.7,7.0,5.1,0,0,QA Specialist,0,SYNTHETIC,86.4,92.4
ST03960,Student ST03960,Mechanical,8,6.95,71.8,62.5,0,3.9,1.2,2.7,3.6,3.5,3.5,1.8,1.7,1,2,1,0,0,6.0,6.4,4.5,9.6,10.0,5.3,1,0,Cybersecurity Specialist,0,SYNTHETIC,77.8,73.2
ST03961,Student ST03961,Mechanical,8,7.8,79.9,78.9,0,4.7,5.5,5.1,3.2,3.4,5.0,2.6,2.2,3,2,1,1,1,7.5,5.8,3.3,6.5,5.3,3.7,0,0,Full-Stack Developer,1,SYNTHETIC,89.9,93.2
ST03962,Student ST03962,ISE,7,8.17,83.2,81.3,0,5.9,7.7,8.6,6.2,6.5,6.5,2.3,4.3,2,1,2,2,0,6.7,6.6,5.6,8.1,6.6,6.6,1,0,AI/ML Engineer,1,SYNTHETIC,89.4,82.5
ST03963,Student ST03963,Mechanical,8,6.46,68.9,62.3,0,5.0,4.0,4.9,3.6,4.4,3.3,2.7,2.0,2,5,1,0,1,4.9,6.0,3.4,6.2,6.5,6.1,1,0,Cloud/DevOps Engineer,1,SYNTHETIC,89.6,86.2
ST03964,Student ST03964,Mechanical,7,7.72,77.0,71.3,0,5.3,3.9,5.6,2.1,4.2,2.8,2.9,2.0,2,3,1,1,0,6.8,5.9,3.2,7.5,7.4,5.1,0,0,Data Analyst,0,SYNTHETIC,82.3,66.5
ST03965,Student ST03965,ISE,8,8.12,80.4,81.3,0,6.0,4.9,8.3,6.6,5.7,5.1,4.4,5.3,2,4,2,0,0,8.4,8.1,7.1,4.1,2.7,6.5,1,0,QA Specialist,1,SYNTHETIC,77.4,76.4
ST03966,Student ST03966,CSE,8,7.72,79.5,74.3,0,5.2,3.1,7.0,6.6,4.1,6.0,3.6,2.0,2,3,2,0,1,5.8,6.1,5.1,5.1,4.5,5.4,0,0,QA Specialist,0,SYNTHETIC,91.0,72.2
ST03967,Student ST03967,ISE,8,8.53,89.4,84.0,0,3.9,5.8,8.2,7.3,4.4,5.1,2.8,4.1,1,1,2,0,0,5.4,7.9,5.3,7.5,7.8,6.3,2,0,AI/ML Engineer,0,SYNTHETIC,75.5,85.5
ST03968,Student ST03968,ECE,7,6.03,62.9,62.2,0,5.9,3.4,7.8,5.0,4.6,4.3,1.9,2.1,1,1,2,0,0,5.4,4.8,7.0,6.7,6.5,7.0,0,0,Cloud/DevOps Engineer,1,SYNTHETIC,89.1,65.4
ST03969,Student ST03969,CSE,7,7.9,83.7,82.2,0,6.9,4.2,4.3,6.3,4.2,4.3,4.4,2.4,2,4,2,0,0,6.0,6.1,6.6,3.7,3.8,4.8,0,0,Data Analyst,1,SYNTHETIC,87.4,79.3
ST03970,Student ST03970,Mechanical,7,6.97,75.6,76.9,0,3.7,3.9,4.2,2.8,5.0,7.2,3.2,1.8,3,3,1,0,0,5.5,6.2,4.6,6.3,6.5,4.3,0,0,QA Specialist,0,SYNTHETIC,82.3,88.4
ST03971,Student ST03971,CSE,7,8.01,77.7,78.0,0,5.4,8.4,8.7,8.2,4.9,4.9,3.9,4.0,0,2,2,0,1,6.5,5.2,5.8,5.3,5.3,7.4,0,0,Cloud/DevOps Engineer,1,SYNTHETIC,77.7,69.4
ST03972,Student ST03972,ISE,7,7.12,78.7,67.1,0,3.3,5.2,5.2,4.0,3.5,1.9,3.9,1.0,1,1,1,0,0,5.2,6.0,3.8,4.8,5.0,3.6,1,0,Data Analyst,0,SYNTHETIC,87.0,73.7
ST03973,Student ST03973,Mechanical,7,7.17,68.7,80.3,0,5.1,4.9,4.8,2.5,3.9,2.7,1.0,2.1,4,5,1,2,0,7.7,6.0,4.8,6.0,5.5,5.0,0,0,Cybersecurity Specialist,0,SYNTHETIC,92.9,72.5
ST03974,Student ST03974,CSE,8,8.26,76.1,85.6,0,7.0,8.6,5.7,7.0,6.7,6.7,7.2,2.9,2,2,2,0,0,6.0,6.5,6.2,5.3,5.3,4.6,1,0,Full-Stack Developer,1,SYNTHETIC,93.0,60.6
ST03975,Student ST03975,CSE,7,7.2,69.6,74.0,0,5.4,5.9,5.6,7.2,3.8,6.5,4.1,5.7,3,4,2,0,2,6.1,6.2,5.6,3.8,5.2,5.4,1,0,Cloud/DevOps Engineer,1,SYNTHETIC,94.4,86.2
ST03976,Student ST03976,CSE,8,7.8,84.3,73.2,0,4.3,3.5,6.8,6.0,4.3,5.6,2.5,1.0,1,3,1,1,1,4.8,7.1,5.4,6.1,5.7,4.6,0,0,Cybersecurity Specialist,1,SYNTHETIC,84.4,62.9
ST03977,Student ST03977,Mechanical,8,8.69,90.5,86.0,0,5.0,4.4,7.5,5.8,1.4,3.4,2.2,1.0,1,5,2,0,0,6.3,8.1,5.6,6.2,6.9,6.6,0,0,Cybersecurity Specialist,1,SYNTHETIC,81.8,74.5
ST03978,Student ST03978,CSE,8,9.23,91.0,88.1,0,5.9,7.6,3.9,3.1,3.2,3.0,3.2,3.0,1,4,1,0,0,7.1,6.6,4.3,7.5,7.9,6.0,0,0,Cybersecurity Specialist,1,SYNTHETIC,88.2,72.6
ST03979,Student ST03979,CSE,7,6.38,67.2,71.8,0,5.6,4.1,2.4,3.3,3.5,2.3,1.0,1.0,1,2,1,0,1,5.1,6.4,4.0,5.1,6.4,4.9,2,0,QA Specialist,1,SYNTHETIC,76.7,76.4
ST03980,Student ST03980,Mechanical,7,7.3,80.3,75.4,0,3.7,5.9,6.1,5.7,1.2,1.6,6.4,2.2,1,4,1,0,1,4.7,6.0,5.1,5.0,5.2,3.6,0,0,QA Specialist,1,SYNTHETIC,79.0,70.7
ST03981,Student ST03981,Mechanical,8,5.94,60.0,61.8,0,3.7,4.1,4.7,5.2,4.5,5.1,1.1,2.4,3,5,1,0,2,5.1,6.4,4.4,4.7,3.9,3.2,0,0,Cybersecurity Specialist,1,SYNTHETIC,85.1,88.7
ST03982,Student ST03982,ISE,8,8.81,79.6,84.3,0,7.8,7.1,7.6,6.2,4.3,7.5,3.7,3.4,1,1,2,1,1,6.6,6.8,7.2,7.2,7.4,7.3,0,0,Data Analyst,1,SYNTHETIC,96.7,75.7
ST03983,Student ST03983,Mechanical,7,8.17,84.1,80.3,0,7.4,6.0,7.0,5.6,5.4,6.2,4.1,2.3,3,1,2,0,1,7.4,5.3,6.5,5.1,3.9,6.9,0,0,Cybersecurity Specialist,0,SYNTHETIC,85.2,72.6
ST03984,Student ST03984,CSE,8,8.45,88.2,90.9,0,5.1,3.5,5.5,6.9,4.5,3.9,3.3,1.0,1,6,2,1,0,6.5,4.9,5.6,6.6,6.4,7.6,0,0,AI/ML Engineer,1,SYNTHETIC,78.6,80.8
ST03985,Student ST03985,CSE,8,8.25,81.6,85.6,0,7.3,9.3,7.8,7.0,4.1,5.1,4.9,4.3,0,3,2,0,1,5.1,6.2,7.1,3.7,4.0,6.1,0,0,Data Analyst,1,SYNTHETIC,83.2,74.8
ST03986,Student ST03986,Mechanical,7,5.75,60.6,59.9,0,4.2,1.0,4.6,2.6,2.6,4.3,4.4,1.0,3,2,1,0,0,5.9,6.6,4.2,6.9,7.4,5.9,0,0,Cloud/DevOps Engineer,0,SYNTHETIC,98.8,71.0
ST03987,Student ST03987,ECE,8,7.25,75.5,74.9,0,5.9,3.4,2.5,5.0,4.6,5.2,4.9,3.6,1,1,2,0,0,4.9,5.0,4.9,4.6,7.0,5.2,0,0,QA Specialist,0,SYNTHETIC,94.9,86.4
ST03988,Student ST03988,Mechanical,7,8.93,88.2,86.5,0,5.9,3.2,7.6,7.8,1.7,4.1,3.0,1.9,1,3,2,0,0,6.6,5.8,7.9,5.8,6.1,6.4,1,0,QA Specialist,1,SYNTHETIC,98.2,60.8
ST03989,Student ST03989,CSE,7,7.49,74.5,79.8,0,5.4,2.9,6.3,6.3,5.5,4.6,7.8,1.0,1,2,2,0,0,5.6,4.2,5.9,4.2,3.4,5.8,1,0,Cloud/DevOps Engineer,0,SYNTHETIC,92.9,83.8
ST03990,Student ST03990,ISE,7,8.66,84.1,84.0,0,5.7,5.1,4.1,5.3,4.9,4.1,3.4,3.4,4,2,2,0,1,7.4,7.2,5.6,5.5,3.9,4.9,0,0,Cybersecurity Specialist,1,SYNTHETIC,83.6,72.7
ST03991,Student ST03991,CSE,8,7.54,81.4,76.5,0,6.7,2.4,6.1,6.2,2.1,5.8,2.8,3.0,2,2,2,0,0,5.5,5.8,7.9,7.9,7.5,6.1,0,0,AI/ML Engineer,0,SYNTHETIC,93.9,80.5
ST03992,Student ST03992,Mechanical,7,8.98,91.1,85.2,0,6.7,3.4,6.0,7.6,1.8,5.8,2.9,2.7,1,1,2,0,0,6.3,6.4,7.6,5.8,5.4,6.1,0,0,Data Analyst,1,SYNTHETIC,81.7,73.3
ST03993,Student ST03993,ECE,7,6.43,68.0,62.9,0,4.4,5.4,4.3,3.2,4.7,3.2,3.4,1.5,2,1,1,0,1,5.7,4.9,2.5,5.9,5.2,4.7,1,0,Cybersecurity Specialist,0,SYNTHETIC,92.8,62.6
ST03994,Student ST03994,CSE,8,5.87,61.8,65.8,0,1.9,3.2,5.3,1.8,1.0,3.3,1.0,1.0,4,1,1,0,0,5.0,4.0,1.0,6.5,6.4,3.6,1,0,Cloud/DevOps Engineer,0,SYNTHETIC,91.4,70.8
ST03995,Student ST03995,CSE,8,7.48,74.0,70.5,0,3.2,6.1,4.2,4.5,1.0,2.3,1.6,5.4,0,1,1,0,2,5.9,4.4,4.5,6.1,7.3,5.3,0,0,QA Specialist,0,SYNTHETIC,76.1,67.7
ST03996,Student ST03996,ECE,7,7.25,69.0,68.2,0,5.9,1.8,4.7,2.9,3.6,4.3,2.7,6.3,3,2,1,0,2,7.7,7.3,5.8,7.0,8.0,4.7,3,1,AI/ML Engineer,1,SYNTHETIC,93.3,65.8
ST03997,Student ST03997,ECE,8,6.78,73.8,71.3,0,7.1,1.9,4.0,5.5,1.9,1.7,1.0,3.2,5,3,2,0,0,7.0,5.7,6.1,4.0,2.9,4.1,0,0,Cybersecurity Specialist,1,SYNTHETIC,79.7,92.6
ST03998,Student ST03998,CSE,8,7.78,84.9,79.3,0,8.7,7.0,4.3,6.2,6.1,4.7,1.8,4.7,1,2,2,1,1,7.9,7.9,5.8,3.5,4.3,6.0,0,0,Cybersecurity Specialist,1,SYNTHETIC,94.3,80.2
ST03999,Student ST03999,ISE,8,6.21,63.8,62.9,0,3.3,3.7,3.0,2.5,2.9,4.8,3.8,2.6,1,2,1,0,0,5.1,5.1,2.1,6.8,6.0,6.2,1,0,QA Specialist,1,SYNTHETIC,98.7,79.4
ST04000,Student ST04000,ECE,7,7.49,76.8,72.3,0,4.1,2.7,3.2,3.2,3.7,3.3,2.9,4.2,1,6,1,0,0,5.3,7.0,2.7,6.8,5.1,4.0,0,0,Full-Stack Developer,1,SYNTHETIC,76.4,94.3
ST04001,Student ST04001,CSE,7,8.16,72.8,87.3,0,5.6,5.3,4.6,5.8,1.0,4.5,1.0,3.0,0,4,2,0,1,5.9,6.6,5.5,8.3,8.9,7.1,0,0,Cloud/DevOps Engineer,1,SYNTHETIC,83.8,84.2
ST04002,Student ST04002,CSE,8,6.19,58.8,68.2,0,2.9,3.0,4.7,4.6,3.9,3.1,4.3,1.0,2,2,1,0,0,6.3,4.3,3.5,3.6,2.7,4.4,0,0,AI/ML Engineer,0,SYNTHETIC,98.8,74.9
ST04003,Student ST04003,CSE,8,7.34,72.2,75.5,0,5.3,4.3,7.4,5.9,1.8,6.3,2.1,2.7,0,1,2,0,0,6.4,6.1,6.7,7.5,7.5,7.3,0,0,Cybersecurity Specialist,1,SYNTHETIC,94.6,81.9
ST04004,Student ST04004,ISE,8,6.81,76.9,61.8,0,4.2,1.1,2.7,3.0,2.2,5.3,1.9,1.0,0,4,1,0,2,6.5,6.6,2.2,8.5,7.3,5.0,0,0,QA Specialist,0,SYNTHETIC,91.4,83.8
ST04005,Student ST04005,CSE,7,6.46,57.1,64.6,0,4.9,4.8,4.1,4.7,2.8,6.9,4.1,2.8,2,2,1,1,0,4.6,6.5,5.1,5.4,6.1,5.9,0,0,QA Specialist,1,SYNTHETIC,94.0,74.7
ST04006,Student ST04006,ECE,7,7.07,79.5,70.4,0,5.8,5.1,5.8,3.7,5.1,2.2,1.7,3.1,1,1,1,0,1,6.6,4.7,5.4,9.6,8.1,6.3,1,1,Cybersecurity Specialist,0,SYNTHETIC,75.3,83.1
ST04007,Student ST04007,Mechanical,8,7.93,79.2,83.8,0,5.1,6.7,7.4,7.0,4.3,6.2,2.0,6.1,0,2,2,1,0,7.6,6.4,5.5,7.2,5.6,6.5,0,0,Full-Stack Developer,1,SYNTHETIC,93.7,74.9
ST04008,Student ST04008,ISE,7,7.21,75.4,79.6,0,5.0,5.0,7.1,8.8,3.6,6.1,5.0,4.7,3,3,2,0,0,5.0,7.3,6.4,7.4,6.2,7.8,1,0,Cybersecurity Specialist,1,SYNTHETIC,94.3,84.7
ST04009,Student ST04009,ISE,8,7.48,75.9,74.7,0,6.5,5.1,4.9,6.2,4.5,6.0,2.0,1.0,0,1,2,0,2,8.3,5.9,5.8,6.1,6.2,5.7,0,0,AI/ML Engineer,0,SYNTHETIC,95.7,89.2
ST04010,Student ST04010,CSE,8,8.12,81.9,79.8,0,4.0,5.1,6.9,5.9,3.1,5.7,4.0,2.2,1,1,1,0,0,7.7,8.3,5.7,6.1,5.6,5.4,0,0,Data Analyst,0,SYNTHETIC,76.5,93.6
ST04011,Student ST04011,Mechanical,8,8.09,80.7,77.8,0,7.7,7.1,7.5,6.7,5.5,4.4,4.7,3.8,1,1,2,1,0,7.1,7.0,6.7,8.2,7.8,7.6,1,0,Cloud/DevOps Engineer,1,SYNTHETIC,90.2,61.5
ST04012,Student ST04012,CSE,7,7.13,74.9,71.6,0,4.1,5.1,3.9,5.3,4.6,5.6,3.5,3.9,0,5,1,0,0,5.7,7.2,5.7,7.6,6.3,4.4,0,0,QA Specialist,1,SYNTHETIC,84.7,78.9
ST04013,Student ST04013,Mechanical,8,7.8,70.8,79.2,0,7.8,3.5,5.1,5.7,1.6,3.4,5.5,2.9,1,1,2,0,0,8.2,6.9,7.2,6.6,5.8,6.7,0,0,Cloud/DevOps Engineer,1,SYNTHETIC,92.2,84.7
ST04014,Student ST04014,Mechanical,8,7.48,74.5,71.9,0,4.0,2.5,4.6,4.1,2.4,3.3,1.5,2.3,2,4,1,1,0,7.3,6.9,4.0,7.1,8.0,5.9,0,1,Cloud/DevOps Engineer,1,SYNTHETIC,94.8,60.6
ST04015,Student ST04015,CSE,7,6.5,69.4,72.0,0,4.0,5.8,4.3,3.7,1.3,3.0,2.0,1.1,1,6,1,0,0,4.1,7.0,3.5,6.4,5.5,5.4,0,0,Cybersecurity Specialist,1,SYNTHETIC,96.6,79.5
ST04016,Student ST04016,Mechanical,7,9.8,94.5,97.0,0,6.2,7.7,6.6,8.5,3.4,5.6,1.8,5.1,1,2,2,0,0,9.7,6.8,7.5,4.4,4.2,6.8,0,0,Full-Stack Developer,1,SYNTHETIC,95.2,74.8
ST04017,Student ST04017,Mechanical,7,8.28,83.6,86.1,0,7.4,6.6,6.8,5.9,7.0,5.9,3.3,1.5,2,6,2,0,0,4.7,5.9,7.0,7.0,7.3,4.4,1,0,AI/ML Engineer,0,SYNTHETIC,97.4,89.2
ST04018,Student ST04018,ECE,7,8.13,80.7,83.3,0,6.1,4.4,4.1,4.7,2.5,2.7,2.7,3.1,3,6,2,1,0,4.4,7.3,5.1,5.4,5.4,6.0,0,0,AI/ML Engineer,1,SYNTHETIC,94.1,91.7
ST04019,Student ST04019,ISE,7,5.43,65.1,54.4,0,3.3,1.3,2.4,5.2,2.6,3.0,1.0,1.1,1,2,1,0,1,5.5,6.1,3.9,6.4,6.2,5.4,2,0,AI/ML Engineer,0,SYNTHETIC,91.6,63.8
ST04020,Student ST04020,Mechanical,8,7.23,71.4,74.0,0,5.7,5.1,5.3,4.4,3.4,2.7,2.9,3.0,1,3,1,0,1,5.9,5.3,4.0,6.5,5.4,5.5,2,0,Cloud/DevOps Engineer,0,SYNTHETIC,96.5,66.2
ST04021,Student ST04021,CSE,8,7.2,71.1,69.9,0,4.7,5.9,3.5,5.7,4.5,4.9,2.3,2.8,1,3,1,0,0,4.9,7.8,6.8,9.9,9.2,6.6,0,0,Data Analyst,1,SYNTHETIC,92.7,90.7
ST04022,Student ST04022,Mechanical,8,7.47,69.5,78.5,0,4.4,6.9,5.0,7.6,5.6,7.2,3.2,2.7,2,1,2,0,0,5.6,5.4,7.3,7.7,7.3,6.5,0,1,AI/ML Engineer,1,SYNTHETIC,96.1,75.8
ST04023,Student ST04023,ISE,7,6.37,64.1,66.1,0,6.5,7.5,6.9,7.0,1.8,1.6,4.9,3.8,1,4,2,0,0,7.1,5.2,6.6,5.1,5.9,6.1,0,0,QA Specialist,1,SYNTHETIC,82.7,87.1
ST04024,Student ST04024,CSE,7,6.76,71.2,69.6,0,3.2,4.4,2.7,6.3,2.5,2.7,3.6,2.4,0,6,1,0,0,7.5,7.1,4.7,5.0,4.7,5.2,1,0,Full-Stack Developer,0,SYNTHETIC,94.8,80.7
ST04025,Student ST04025,CSE,8,9.11,89.5,85.6,0,6.2,5.4,8.7,6.1,6.7,4.5,5.7,6.9,1,1,2,1,0,6.5,7.5,6.1,7.5,8.3,6.6,1,1,Data Analyst,0,SYNTHETIC,84.7,85.1
ST04026,Student ST04026,CSE,8,6.93,67.3,67.4,0,3.6,4.9,5.3,2.6,3.1,1.4,2.5,1.0,0,4,1,0,0,5.6,7.0,4.2,7.6,8.6,6.0,1,0,QA Specialist,0,SYNTHETIC,78.7,77.3
ST04027,Student ST04027,CSE,8,7.12,70.5,76.2,0,3.3,4.7,6.3,4.6,4.1,1.8,2.5,2.2,2,3,1,1,0,4.3,6.4,3.2,6.0,5.1,4.5,0,0,Cloud/DevOps Engineer,1,SYNTHETIC,88.6,62.1
ST04028,Student ST04028,CSE,7,7.4,76.6,69.6,0,7.2,5.6,5.4,4.9,1.2,3.8,2.3,1.8,0,1,2,1,0,6.0,7.3,7.0,8.1,7.4,6.5,0,1,Cybersecurity Specialist,0,SYNTHETIC,77.7,83.2
ST04029,Student ST04029,CSE,7,5.2,55.0,61.5,0,3.3,4.1,3.3,1.0,1.0,2.2,2.2,3.6,1,4,1,0,1,7.8,5.6,2.0,5.7,4.9,2.3,1,0,QA Specialist,1,SYNTHETIC,79.8,67.4
ST04030,Student ST04030,CSE,8,7.49,79.5,73.8,0,4.6,5.3,4.1,3.2,2.7,1.4,1.0,1.9,1,1,1,0,0,6.4,8.1,2.2,7.0,7.8,5.5,3,1,Cybersecurity Specialist,0,SYNTHETIC,78.5,77.4
ST04031,Student ST04031,CSE,8,6.6,69.6,74.0,0,1.9,4.6,3.0,2.8,1.0,3.7,1.3,1.0,1,1,1,0,0,5.9,6.1,3.5,6.7,7.1,5.1,1,0,QA Specialist,1,SYNTHETIC,90.8,64.3
ST04032,Student ST04032,ECE,7,6.56,66.5,71.7,0,6.4,3.2,5.4,2.4,1.3,5.1,2.2,3.0,3,1,1,0,0,5.2,6.9,3.8,6.4,6.7,5.4,0,0,AI/ML Engineer,1,SYNTHETIC,76.4,85.2
ST04033,Student ST04033,CSE,7,7.1,75.7,66.3,0,3.7,3.0,2.1,1.6,3.1,1.7,1.0,3.3,3,4,1,0,0,4.2,6.6,1.3,8.8,7.7,5.2,0,0,Cloud/DevOps Engineer,1,SYNTHETIC,93.8,69.6
ST04034,Student ST04034,CSE,7,8.66,89.4,88.1,0,6.1,6.7,6.2,6.4,4.3,4.5,3.9,3.2,2,1,2,2,0,7.5,6.2,5.0,4.9,5.9,6.0,2,0,QA Specialist,1,SYNTHETIC,88.8,60.5
ST04035,Student ST04035,CSE,7,8.74,85.1,91.7,0,7.4,7.0,7.9,4.5,4.4,7.7,2.9,1.4,1,2,2,3,0,6.6,8.2,5.3,6.7,6.3,5.8,0,0,Full-Stack Developer,1,SYNTHETIC,94.5,92.1
ST04036,Student ST04036,CSE,7,6.64,69.6,62.5,0,2.3,2.3,3.0,1.0,1.8,2.3,1.6,1.5,1,2,1,0,0,5.8,6.4,1.0,6.5,5.9,3.9,0,0,Full-Stack Developer,0,SYNTHETIC,89.8,61.6
ST04037,Student ST04037,CSE,7,8.96,91.6,90.8,0,5.6,4.6,4.2,4.3,3.7,4.1,3.8,1.1,2,3,1,0,1,5.6,6.2,4.9,4.7,5.5,5.1,1,0,Cloud/DevOps Engineer,1,SYNTHETIC,76.2,62.1
ST04038,Student ST04038,CSE,7,6.55,64.4,73.6,0,5.4,5.7,5.6,7.4,6.9,4.4,1.9,4.7,0,4,2,0,2,6.2,3.9,5.8,8.8,8.2,6.6,0,1,AI/ML Engineer,1,SYNTHETIC,82.6,65.6
ST04039,Student ST04039,CSE,8,5.61,60.3,63.2,0,2.8,5.1,3.4,1.9,4.0,3.4,3.8,2.1,2,3,1,0,0,6.2,5.6,1.0,7.1,5.8,4.9,0,0,Cybersecurity Specialist,0,SYNTHETIC,96.5,75.4
ST04040,Student ST04040,CSE,8,5.56,55.9,54.6,0,5.2,5.9,5.9,3.7,2.9,3.5,5.0,3.3,2,3,1,0,0,4.0,5.9,4.5,8.0,9.0,5.4,0,0,Data Analyst,1,SYNTHETIC,75.0,63.1
ST04041,Student ST04041,ISE,7,8.78,88.3,82.6,0,6.1,6.8,7.0,6.5,5.4,3.9,3.5,2.8,2,1,2,1,0,8.5,6.4,6.5,7.0,6.4,5.8,0,0,Cloud/DevOps Engineer,1,SYNTHETIC,86.8,64.1
ST04042,Student ST04042,ECE,8,8.97,93.4,83.9,0,4.7,5.1,8.7,5.8,6.0,6.4,2.9,2.2,2,3,2,1,0,5.2,6.2,5.7,8.1,7.6,6.8,0,1,Data Analyst,1,SYNTHETIC,80.7,83.9
ST04043,Student ST04043,CSE,7,8.61,91.0,82.4,0,7.0,3.9,6.9,2.2,5.1,3.7,5.6,2.7,3,1,1,0,1,7.3,8.2,4.4,7.6,9.0,5.1,3,1,AI/ML Engineer,1,SYNTHETIC,93.1,72.2
ST04044,Student ST04044,ISE,7,7.65,78.1,79.4,0,3.6,5.7,4.4,6.2,4.5,5.2,3.3,6.2,3,4,1,1,1,7.0,7.2,3.9,6.2,6.5,5.3,1,0,AI/ML Engineer,1,SYNTHETIC,81.1,63.8
ST04045,Student ST04045,ISE,7,7.05,75.7,76.9,0,3.6,3.9,5.8,6.7,3.1,3.5,3.4,3.0,1,2,1,0,0,5.7,6.2,6.3,5.1,4.4,4.9,0,0,Data Analyst,0,SYNTHETIC,92.3,94.4
ST04046,Student ST04046,ISE,7,7.5,73.5,74.2,0,4.1,2.2,4.6,5.6,4.1,4.5,5.4,1.4,0,3,1,1,0,5.8,5.2,3.6,6.6,6.7,6.2,0,0,Full-Stack Developer,0,SYNTHETIC,93.3,80.2
ST04047,Student ST04047,CSE,8,7.77,78.7,78.7,0,4.2,6.0,5.4,6.4,2.8,3.5,3.5,3.0,0,1,2,0,0,8.2,8.4,5.1,9.0,8.0,6.8,2,0,Data Analyst,1,SYNTHETIC,83.8,79.6
ST04048,Student ST04048,ISE,8,6.41,65.7,60.5,0,5.2,2.9,5.9,3.0,3.9,2.6,4.6,2.7,0,2,1,0,1,6.4,7.8,4.1,7.4,6.2,3.8,1,0,AI/ML Engineer,0,SYNTHETIC,91.5,93.2
ST04049,Student ST04049,Mechanical,8,6.66,66.7,70.5,0,6.3,5.3,4.9,4.6,3.4,3.3,3.7,5.2,1,3,2,0,0,5.0,4.6,5.3,6.6,6.0,5.8,1,0,Cloud/DevOps Engineer,0,SYNTHETIC,78.9,67.6
ST04050,Student ST04050,ISE,8,6.23,71.8,61.6,1,4.9,4.1,4.9,3.4,5.8,3.9,4.0,3.8,1,4,1,0,0,8.8,6.3,5.1,7.4,6.2,5.0,0,0,Data Analyst,0,SYNTHETIC,85.4,85.0
ST04051,Student ST04051,Mechanical,7,9.18,92.6,87.2,0,5.7,6.7,5.7,6.7,3.7,4.0,2.9,3.7,1,3,2,1,0,8.6,5.2,5.9,6.5,5.3,6.5,1,0,Data Analyst,1,SYNTHETIC,80.6,89.5
ST04052,Student ST04052,ISE,8,8.29,80.5,78.9,0,8.2,6.9,7.3,8.1,5.0,5.7,4.6,2.9,0,3,2,1,0,7.8,6.4,8.2,5.5,6.1,7.2,0,0,Full-Stack Developer,1,SYNTHETIC,93.2,87.6
ST04053,Student ST04053,CSE,7,5.86,62.3,63.9,0,4.7,2.1,1.6,1.0,1.9,2.7,3.3,1.0,0,1,1,0,0,6.0,5.7,1.4,7.4,6.6,5.7,0,1,Cybersecurity Specialist,1,SYNTHETIC,89.6,79.1
ST04054,Student ST04054,ISE,7,7.2,68.7,74.1,0,6.4,4.9,5.7,4.3,3.7,2.7,2.6,1.6,0,4,2,0,0,5.4,6.6,5.4,5.5,5.2,5.6,1,0,Data Analyst,1,SYNTHETIC,83.7,82.8
ST04055,Student ST04055,ECE,8,7.07,78.1,73.0,0,4.6,4.5,5.6,5.3,2.0,3.9,3.5,1.1,0,3,1,0,2,4.9,5.2,5.2,8.7,8.6,6.9,0,0,Full-Stack Developer,0,SYNTHETIC,94.8,92.3
ST04056,Student ST04056,ISE,8,7.5,71.7,72.8,0,5.9,6.5,6.0,3.6,2.9,7.5,6.2,3.3,4,5,1,2,0,6.8,6.8,4.1,2.8,3.1,3.7,1,0,QA Specialist,1,SYNTHETIC,91.8,73.6
ST04057,Student ST04057,CSE,7,5.88,61.1,61.1,0,2.8,1.0,2.7,6.6,1.0,2.4,1.0,2.0,1,2,1,0,0,6.0,6.6,4.6,5.9,4.9,4.7,1,0,Data Analyst,0,SYNTHETIC,96.7,71.6
ST04058,Student ST04058,Mechanical,7,7.6,75.6,81.1,0,4.2,5.2,4.4,2.8,6.5,3.8,5.1,1.0,3,1,1,1,0,5.7,6.8,3.9,6.0,6.2,4.5,0,0,Full-Stack Developer,1,SYNTHETIC,89.3,66.6
ST04059,Student ST04059,Mechanical,7,7.29,71.2,78.4,0,2.6,2.5,6.3,6.8,1.4,2.9,2.1,1.0,2,2,1,0,1,3.9,6.2,5.4,8.0,6.3,4.4,1,0,Data Analyst,0,SYNTHETIC,77.0,89.9
ST04060,Student ST04060,Mechanical,7,6.77,69.4,70.5,0,4.1,6.3,3.6,3.6,3.1,5.0,4.1,2.5,2,2,1,1,1,4.7,7.9,4.5,5.0,4.9,4.6,1,0,QA Specialist,1,SYNTHETIC,98.4,85.4
ST04061,Student ST04061,CSE,7,9.01,88.7,95.7,0,6.0,5.6,6.1,4.8,3.7,4.9,4.8,4.3,4,5,2,2,0,5.6,6.9,5.6,7.6,6.6,6.8,2,1,Cybersecurity Specialist,1,SYNTHETIC,98.7,60.7
ST04062,Student ST04062,ECE,7,8.31,84.7,78.0,0,7.0,6.0,6.7,7.7,2.0,7.6,5.1,4.4,1,4,2,0,0,6.0,7.3,7.5,5.9,6.3,6.6,0,0,AI/ML Engineer,1,SYNTHETIC,92.6,60.8
ST04063,Student ST04063,ISE,8,7.45,73.4,73.9,0,6.4,3.7,3.7,2.2,2.5,1.0,3.3,1.0,2,2,1,0,2,6.0,7.1,3.0,8.2,9.9,5.5,0,1,Cloud/DevOps Engineer,1,SYNTHETIC,77.2,80.2
ST04064,Student ST04064,ECE,7,7.44,79.3,75.6,0,4.4,7.1,8.3,3.8,5.0,6.3,4.3,3.5,0,2,1,0,3,8.6,6.4,3.2,4.7,5.5,4.5,1,0,AI/ML Engineer,1,SYNTHETIC,96.6,64.6
ST04065,Student ST04065,CSE,8,7.36,78.1,72.4,0,6.6,6.1,5.3,7.3,5.9,2.8,4.2,1.9,1,6,2,0,0,8.2,4.0,6.8,5.4,4.6,5.0,2,0,Full-Stack Developer,1,SYNTHETIC,97.1,66.1
ST04066,Student ST04066,ECE,7,6.55,66.0,63.3,0,7.0,4.8,4.8,4.3,5.2,5.0,6.3,4.5,3,5,2,0,1,3.7,5.1,4.9,8.4,7.7,7.3,0,0,Data Analyst,1,SYNTHETIC,92.5,69.6
ST04067,Student ST04067,CSE,7,8.02,76.2,81.1,0,5.3,2.3,5.0,6.8,2.0,4.0,5.1,5.4,2,2,2,0,2,7.2,6.9,5.5,3.8,4.6,5.1,2,0,Cybersecurity Specialist,1,SYNTHETIC,95.6,74.8
ST04068,Student ST04068,CSE,7,6.5,69.6,69.1,0,6.0,2.9,3.6,5.7,2.7,1.9,3.8,1.9,1,3,2,0,1,7.3,5.9,6.3,6.0,5.4,6.0,0,0,AI/ML Engineer,1,SYNTHETIC,94.5,94.7
ST04069,Student ST04069,CSE,8,7.61,71.7,68.8,0,3.6,4.8,2.8,2.4,3.5,3.8,1.1,4.9,0,1,1,0,1,6.1,8.1,2.3,6.8,7.2,2.6,0,0,QA Specialist,1,SYNTHETIC,88.6,65.8
ST04070,Student ST04070,CSE,7,6.84,75.1,70.0,0,3.7,6.6,3.5,2.8,3.2,2.3,2.2,2.1,2,3,1,0,1,6.9,6.9,3.1,8.3,9.3,4.8,2,0,Cloud/DevOps Engineer,0,SYNTHETIC,94.8,79.9
ST04071,Student ST04071,Mechanical,7,7.41,79.5,78.5,0,4.4,6.4,5.3,4.7,3.8,5.3,2.5,4.2,1,3,1,0,0,6.9,8.4,4.1,8.8,8.8,5.9,1,1,QA Specialist,1,SYNTHETIC,89.0,85.8
ST04072,Student ST04072,CSE,7,7.42,76.8,70.9,0,3.4,4.5,3.8,4.4,3.6,2.3,4.3,3.9,0,1,1,2,1,7.2,5.1,4.6,6.4,6.1,5.4,0,0,Data Analyst,1,SYNTHETIC,93.9,68.2
ST04073,Student ST04073,Mechanical,7,9.17,93.5,87.7,0,6.8,8.2,7.9,6.8,4.3,5.8,5.7,2.8,2,3,2,2,1,6.7,8.2,6.2,5.3,5.9,7.3,1,0,Cloud/DevOps Engineer,1,SYNTHETIC,93.5,74.2
ST04074,Student ST04074,CSE,8,5.43,55.7,54.3,2,4.2,2.9,5.5,2.9,2.0,3.1,1.0,1.9,2,1,1,0,1,5.1,5.8,3.6,4.0,3.0,3.6,1,0,Cloud/DevOps Engineer,0,SYNTHETIC,96.8,93.8
ST04075,Student ST04075,Mechanical,8,5.83,55.8,61.5,0,4.9,5.0,4.5,6.7,5.1,5.9,2.8,2.9,1,3,2,0,0,5.2,6.1,5.8,6.7,5.1,8.3,2,0,Cybersecurity Specialist,1,SYNTHETIC,85.9,66.3
ST04076,Student ST04076,ISE,8,6.18,61.4,64.4,0,4.1,4.1,5.8,4.2,2.2,4.7,2.9,2.4,1,3,1,0,1,5.0,5.5,4.2,5.8,4.1,3.5,0,0,Data Analyst,0,SYNTHETIC,90.9,62.3
ST04077,Student ST04077,ECE,7,8.4,79.0,84.1,0,6.2,6.5,6.4,6.0,1.0,4.0,4.7,5.7,2,4,2,2,0,5.5,8.0,5.6,5.9,6.1,6.1,0,0,Data Analyst,1,SYNTHETIC,89.6,60.7
ST04078,Student ST04078,CSE,8,7.5,73.6,78.9,0,8.4,6.3,7.8,7.4,4.7,4.9,5.9,3.8,1,1,2,1,1,4.5,5.6,7.8,6.5,5.8,7.6,0,0,QA Specialist,1,SYNTHETIC,96.5,73.9
ST04079,Student ST04079,CSE,8,6.8,76.5,71.5,0,4.9,6.2,4.3,4.1,3.2,5.1,1.9,1.0,0,1,1,0,0,5.7,6.2,2.8,7.4,8.7,5.5,0,1,AI/ML Engineer,1,SYNTHETIC,89.9,89.3
ST04080,Student ST04080,CSE,8,6.48,72.8,69.5,0,5.3,2.9,2.8,3.7,2.5,3.5,1.7,2.9,1,1,1,0,1,6.3,4.9,3.4,6.0,5.7,6.4,1,0,Data Analyst,0,SYNTHETIC,77.7,75.5
ST04081,Student ST04081,CSE,8,7.29,79.0,70.6,0,6.9,4.8,5.6,5.1,7.1,5.1,3.2,3.2,4,3,2,2,1,6.3,7.0,5.3,7.7,8.1,7.1,3,0,Full-Stack Developer,1,SYNTHETIC,89.2,83.9
ST04082,Student ST04082,Mechanical,7,9.33,89.5,86.0,0,6.5,6.1,6.1,7.9,4.2,6.8,5.8,4.4,4,3,2,1,1,5.1,5.8,6.3,6.0,6.4,7.0,1,0,Full-Stack Developer,1,SYNTHETIC,75.7,64.9
ST04083,Student ST04083,CSE,7,8.53,87.5,82.1,0,7.2,5.7,6.3,6.4,3.9,4.5,4.4,4.4,1,1,2,2,0,6.7,9.0,5.5,5.4,5.4,5.5,2,0,Cybersecurity Specialist,1,SYNTHETIC,82.5,74.5
ST04084,Student ST04084,CSE,8,7.21,80.4,68.6,0,5.7,5.0,4.1,4.3,6.3,1.0,1.0,3.9,3,4,1,0,0,6.3,7.1,4.2,6.7,6.4,5.9,0,0,AI/ML Engineer,1,SYNTHETIC,97.3,91.0
ST04085,Student ST04085,ECE,8,5.24,55.8,62.9,0,2.7,3.9,3.8,3.0,2.7,4.3,3.8,3.0,1,3,1,0,0,4.4,5.0,2.8,6.3,4.5,4.3,2,0,Cloud/DevOps Engineer,0,SYNTHETIC,88.0,91.4
ST04086,Student ST04086,ISE,8,8.01,73.0,77.1,0,3.0,4.7,5.7,3.8,3.2,3.8,1.3,3.7,3,3,1,0,0,6.2,7.5,3.7,4.6,4.6,3.8,0,0,Cloud/DevOps Engineer,0,SYNTHETIC,75.4,86.7
ST04087,Student ST04087,ECE,7,8.08,79.0,82.1,0,7.4,5.8,9.0,8.4,5.7,8.0,6.1,5.1,2,2,2,2,1,5.2,6.9,9.5,6.7,4.6,7.9,1,0,Data Analyst,1,SYNTHETIC,80.6,73.2
ST04088,Student ST04088,ISE,7,8.58,84.5,83.5,0,5.6,4.3,3.6,4.2,2.7,2.4,3.0,1.3,1,3,1,0,1,5.2,9.0,5.3,4.3,4.6,3.5,1,0,AI/ML Engineer,0,SYNTHETIC,82.2,71.9
ST04089,Student ST04089,Mechanical,8,7.18,74.5,73.1,0,4.4,8.3,6.3,7.4,6.7,6.1,3.2,3.0,2,2,2,1,0,7.2,6.2,6.8,8.2,7.5,6.2,0,1,Cloud/DevOps Engineer,1,SYNTHETIC,82.2,75.3
ST04090,Student ST04090,CSE,7,7.58,79.4,87.5,0,7.9,3.9,7.0,7.0,3.8,3.6,4.7,1.0,1,2,2,0,1,6.8,6.7,7.2,5.2,4.6,4.4,1,0,AI/ML Engineer,0,SYNTHETIC,95.3,76.8
ST04091,Student ST04091,Mechanical,8,7.02,79.8,70.9,0,6.5,7.1,4.8,6.7,4.6,4.5,6.2,4.1,1,3,2,0,1,6.4,5.7,5.9,5.5,4.4,5.4,0,0,Cloud/DevOps Engineer,0,SYNTHETIC,86.5,83.8
ST04092,Student ST04092,ISE,7,8.76,86.7,86.4,0,5.7,7.5,6.3,6.9,6.0,6.0,2.2,2.5,0,1,2,0,0,7.1,8.2,7.2,7.7,8.0,9.1,0,0,Full-Stack Developer,1,SYNTHETIC,88.4,60.7
ST04093,Student ST04093,ECE,8,7.5,81.6,74.7,0,8.6,9.7,5.2,5.4,5.8,7.1,4.5,4.1,0,5,2,2,0,5.7,5.6,6.6,5.2,5.7,5.9,1,0,AI/ML Engineer,0,SYNTHETIC,93.5,61.4
ST04094,Student ST04094,ECE,7,6.46,66.4,69.3,0,5.1,5.1,3.8,5.7,2.1,4.3,4.1,2.4,1,3,2,0,2,6.3,5.7,5.2,4.3,6.3,4.7,1,0,AI/ML Engineer,1,SYNTHETIC,95.0,92.3
ST04095,Student ST04095,Mechanical,7,6.95,72.3,70.5,0,5.3,5.0,3.7,4.2,4.1,4.7,2.6,1.1,3,6,1,0,0,6.5,6.0,4.6,4.9,4.8,5.0,0,0,Full-Stack Developer,1,SYNTHETIC,90.9,67.9
ST04096,Student ST04096,Mechanical,7,7.32,79.0,67.6,0,3.9,6.2,5.1,3.9,2.6,5.0,2.1,3.0,1,3,1,0,0,4.7,5.8,4.7,6.2,4.8,4.8,2,0,Data Analyst,1,SYNTHETIC,96.4,87.0
ST04097,Student ST04097,ISE,8,7.14,69.1,72.0,0,6.0,4.9,4.3,4.9,3.9,4.5,1.9,2.3,1,3,2,0,0,8.3,6.7,4.6,6.4,6.4,5.4,4,0,Cybersecurity Specialist,1,SYNTHETIC,85.8,70.8
ST04098,Student ST04098,CSE,7,8.06,78.0,76.3,0,4.8,6.5,7.2,5.5,3.9,4.4,3.7,2.7,1,4,1,1,0,5.7,7.0,5.6,5.2,5.8,6.5,1,0,QA Specialist,1,SYNTHETIC,76.9,94.7
ST04099,Student ST04099,CSE,7,7.9,79.2,85.2,0,7.0,5.4,7.4,5.6,5.2,3.2,4.9,4.5,3,4,2,0,0,6.9,6.4,5.5,2.8,3.4,4.6,0,0,Data Analyst,1,SYNTHETIC,90.7,75.0
ST04100,Student ST04100,CSE,8,8.3,74.9,82.7,0,4.7,1.6,3.4,4.7,2.6,5.6,2.4,3.3,1,1,1,1,2,5.5,6.2,3.6,6.3,6.8,4.7,0,0,AI/ML Engineer,1,SYNTHETIC,80.2,70.4
ST04101,Student ST04101,CSE,7,6.79,66.9,72.2,2,5.3,4.0,5.5,4.4,2.4,5.0,2.0,4.1,1,3,1,0,0,6.9,5.2,4.1,5.3,4.4,5.0,0,0,Cybersecurity Specialist,0,SYNTHETIC,75.8,89.1
ST04102,Student ST04102,CSE,8,6.0,61.5,60.7,0,5.8,6.2,5.4,3.2,4.1,4.9,1.6,2.8,0,2,1,0,1,5.3,6.4,5.7,4.4,3.4,5.8,0,0,Cybersecurity Specialist,1,SYNTHETIC,89.7,89.8
ST04103,Student ST04103,CSE,8,8.23,74.0,76.4,0,5.1,5.0,3.7,5.1,4.4,5.9,4.3,2.7,1,3,1,1,1,6.9,5.9,5.4,5.3,4.5,5.3,0,0,Cybersecurity Specialist,1,SYNTHETIC,93.3,67.4
ST04104,Student ST04104,Mechanical,8,8.14,78.8,78.2,0,5.3,7.3,6.2,7.5,7.1,5.8,4.2,1.6,1,2,2,0,0,7.5,8.2,5.5,8.5,8.9,7.9,2,1,Cloud/DevOps Engineer,1,SYNTHETIC,96.9,71.9
ST04105,Student ST04105,CSE,8,8.3,77.5,85.7,0,6.0,5.9,5.9,3.3,4.3,3.7,6.6,2.1,2,3,1,0,1,6.2,8.6,5.7,6.2,6.1,4.1,1,0,Cybersecurity Specialist,0,SYNTHETIC,84.4,76.5
ST04106,Student ST04106,ISE,7,7.04,72.4,82.0,0,4.0,4.7,5.7,4.0,3.9,3.6,4.4,3.7,4,4,1,0,1,6.5,4.7,3.0,6.4,7.6,3.7,1,0,Full-Stack Developer,1,SYNTHETIC,81.1,63.3
ST04107,Student ST04107,CSE,8,8.86,89.8,88.5,0,4.4,5.2,5.4,5.6,5.6,4.5,4.0,1.0,1,1,1,1,1,6.5,5.7,4.7,5.1,4.4,4.2,1,0,AI/ML Engineer,1,SYNTHETIC,78.0,66.5
ST04108,Student ST04108,ECE,7,7.82,77.5,80.4,0,6.5,5.0,4.5,6.5,5.8,3.6,4.4,1.3,1,6,2,1,0,7.2,6.9,6.0,6.2,6.9,7.0,1,0,QA Specialist,1,SYNTHETIC,88.9,85.0
ST04109,Student ST04109,ISE,7,5.94,62.6,64.7,0,3.9,4.2,4.9,6.0,3.0,2.2,3.2,3.1,0,2,1,0,0,4.9,5.6,3.5,7.4,6.9,4.1,1,1,Cybersecurity Specialist,0,SYNTHETIC,83.9,67.6
ST04110,Student ST04110,ISE,8,5.77,58.5,61.1,0,3.2,3.4,4.7,4.2,5.3,1.6,2.3,4.0,1,4,1,0,0,5.1,7.7,3.4,7.2,7.7,4.8,2,1,QA Specialist,1,SYNTHETIC,87.4,77.8
ST04111,Student ST04111,CSE,7,6.95,71.9,69.1,0,8.1,3.9,4.5,5.1,2.4,1.9,4.0,2.9,1,1,2,0,0,7.0,6.1,5.6,7.2,6.5,7.0,0,0,Full-Stack Developer,1,SYNTHETIC,92.1,67.9
ST04112,Student ST04112,CSE,7,6.23,65.6,65.7,0,5.8,4.6,8.6,7.1,2.2,4.1,3.0,1.0,1,1,2,0,0,5.2,8.6,6.8,7.3,7.9,7.0,3,0,Cloud/DevOps Engineer,1,SYNTHETIC,97.5,90.0
ST04113,Student ST04113,Mechanical,8,7.3,72.1,67.2,0,4.0,3.9,6.0,4.6,3.4,1.9,2.3,1.0,0,1,1,0,0,2.9,7.3,5.1,6.2,6.0,4.7,1,0,Cloud/DevOps Engineer,0,SYNTHETIC,80.4,68.3
ST04114,Student ST04114,ECE,7,8.6,87.3,84.6,0,6.3,7.7,8.8,7.3,3.7,4.5,3.6,5.0,3,4,2,2,1,7.7,6.4,8.1,4.0,3.1,5.9,0,0,Full-Stack Developer,1,SYNTHETIC,96.9,62.0
ST04115,Student ST04115,Mechanical,8,7.37,82.2,74.4,0,6.7,2.9,4.3,3.0,5.3,4.9,4.4,1.1,1,2,1,1,0,5.1,9.1,5.0,4.8,3.3,4.2,0,0,Cloud/DevOps Engineer,0,SYNTHETIC,90.6,90.2
ST04116,Student ST04116,Mechanical,8,7.37,76.1,69.6,0,4.7,6.8,6.0,5.7,4.2,3.8,3.6,5.0,1,4,1,1,0,6.4,6.5,5.4,4.6,4.7,4.7,0,0,QA Specialist,1,SYNTHETIC,76.0,60.9
ST04117,Student ST04117,ECE,7,6.69,66.5,67.7,0,5.4,5.0,5.2,5.6,2.9,3.7,3.1,2.1,1,1,2,0,0,4.5,6.0,4.6,4.0,5.2,5.4,1,0,AI/ML Engineer,1,SYNTHETIC,97.8,71.8
ST04118,Student ST04118,CSE,8,7.55,78.4,83.5,0,6.7,5.9,5.0,5.6,3.4,5.5,3.4,4.4,0,1,2,0,0,7.2,6.8,6.2,4.5,4.9,7.1,0,0,Data Analyst,1,SYNTHETIC,90.4,71.4
ST04119,Student ST04119,Mechanical,7,7.07,66.0,73.6,0,5.5,5.5,6.2,6.1,4.0,6.4,4.6,4.5,3,3,2,1,1,7.3,5.6,7.3,7.8,9.4,7.6,0,0,AI/ML Engineer,0,SYNTHETIC,91.9,87.7
ST04120,Student ST04120,ISE,7,9.64,98.0,91.8,0,1.8,5.5,4.9,6.1,2.7,6.6,1.3,2.1,1,1,1,1,0,8.7,8.5,4.6,4.7,5.0,4.9,0,0,Full-Stack Developer,1,SYNTHETIC,85.4,84.9
ST04121,Student ST04121,ISE,7,7.15,69.8,75.8,0,6.7,5.8,6.3,5.6,3.5,3.9,2.2,1.8,0,3,2,0,0,6.7,6.0,6.2,6.5,6.0,5.6,1,0,Cloud/DevOps Engineer,0,SYNTHETIC,93.7,90.6
ST04122,Student ST04122,CSE,8,7.07,73.4,66.1,0,7.7,5.2,3.6,6.9,2.5,4.7,3.9,3.0,4,4,2,0,0,6.9,5.3,7.5,5.7,5.0,5.5,0,0,Cybersecurity Specialist,1,SYNTHETIC,82.9,88.4
ST04123,Student ST04123,ISE,8,6.64,74.4,74.0,0,3.5,3.7,4.4,1.7,1.0,3.8,3.6,1.3,1,4,1,0,0,4.5,6.2,1.4,4.8,3.7,3.1,2,0,AI/ML Engineer,0,SYNTHETIC,86.7,84.6
ST04124,Student ST04124,ISE,8,7.66,72.9,76.0,0,4.1,6.2,6.1,5.5,4.2,4.7,4.0,4.7,0,3,1,1,0,9.1,7.3,4.3,8.3,6.4,5.5,0,1,Cybersecurity Specialist,0,SYNTHETIC,76.9,66.7
ST04125,Student ST04125,ISE,8,6.46,72.2,66.5,0,4.0,4.4,4.2,2.7,2.8,3.8,1.1,1.0,1,3,1,0,1,4.6,6.1,3.1,8.2,6.8,6.0,0,1,Cybersecurity Specialist,1,SYNTHETIC,83.4,74.9
ST04126,Student ST04126,CSE,8,6.59,71.6,63.3,0,3.9,5.9,6.0,3.9,2.7,1.0,1.4,3.2,4,2,1,0,0,5.6,5.0,5.1,6.5,5.8,4.8,0,0,AI/ML Engineer,1,SYNTHETIC,95.1,80.4
ST04127,Student ST04127,CSE,8,7.47,78.6,80.5,0,6.8,3.9,4.5,5.2,3.9,4.8,3.6,4.8,0,5,2,0,0,4.0,8.4,5.7,4.7,5.6,5.1,0,0,AI/ML Engineer,1,SYNTHETIC,98.6,91.6
ST04128,Student ST04128,CSE,7,8.23,84.5,82.3,0,5.8,5.1,7.7,4.2,3.9,6.8,1.0,1.0,3,2,1,3,0,5.0,6.5,5.3,6.6,7.0,5.7,1,0,Full-Stack Developer,1,SYNTHETIC,76.2,75.9
ST04129,Student ST04129,CSE,7,5.2,55.0,56.5,0,2.5,4.3,1.6,1.8,2.7,2.7,1.0,1.1,0,2,1,0,0,5.1,4.0,1.2,8.3,7.6,6.2,1,1,QA Specialist,0,SYNTHETIC,90.4,90.6
ST04130,Student ST04130,ECE,8,6.74,71.7,62.2,0,5.7,4.1,2.5,4.3,4.4,1.8,3.1,2.6,2,4,1,1,2,6.1,5.9,4.9,3.0,4.8,2.8,1,0,Data Analyst,0,SYNTHETIC,93.9,93.6
ST04131,Student ST04131,CSE,8,8.54,88.0,84.8,0,4.4,6.1,4.4,3.5,2.5,3.9,1.0,3.0,1,3,1,1,0,6.2,8.1,4.2,8.1,7.4,6.9,0,0,AI/ML Engineer,1,SYNTHETIC,98.8,88.4
ST04132,Student ST04132,ISE,7,7.57,76.8,75.8,0,5.8,4.6,6.2,6.5,6.3,7.6,2.9,2.4,0,3,2,0,0,5.7,6.2,7.2,6.8,6.4,6.1,0,0,Data Analyst,1,SYNTHETIC,91.7,90.9
ST04133,Student ST04133,CSE,7,6.54,65.1,71.4,0,1.7,3.0,3.4,3.9,3.1,3.5,1.0,2.7,4,1,1,0,0,4.5,5.7,3.5,5.9,4.7,3.6,0,0,Cloud/DevOps Engineer,1,SYNTHETIC,87.1,76.6
ST04134,Student ST04134,ISE,7,8.2,78.1,77.1,0,3.6,6.8,4.8,6.7,3.8,2.6,2.1,1.0,0,3,1,0,0,5.8,6.6,5.6,6.9,8.5,6.3,0,0,Cloud/DevOps Engineer,0,SYNTHETIC,93.0,69.2
ST04135,Student ST04135,CSE,8,8.0,82.0,73.5,0,4.3,1.8,3.7,3.0,4.0,4.4,1.6,2.5,2,3,1,1,0,6.0,7.1,4.4,3.4,3.5,3.4,0,0,Cybersecurity Specialist,1,SYNTHETIC,75.8,75.3
ST04136,Student ST04136,CSE,7,5.41,56.5,55.3,0,5.3,4.3,3.2,2.8,2.4,2.5,3.8,3.3,0,5,1,0,0,4.6,3.6,4.8,7.2,6.6,4.5,0,1,Cybersecurity Specialist,1,SYNTHETIC,82.2,75.8
ST04137,Student ST04137,CSE,7,7.82,85.1,92.2,0,6.7,8.3,6.4,8.7,5.5,6.0,4.1,3.2,2,2,2,0,1,6.5,6.9,7.9,7.7,9.4,8.8,1,0,QA Specialist,1,SYNTHETIC,92.9,71.8
ST04138,Student ST04138,CSE,7,7.41,78.2,76.1,1,3.7,1.8,1.8,3.4,2.2,2.2,1.0,3.4,0,2,1,0,1,7.8,5.8,2.1,6.6,7.6,4.3,0,0,Data Analyst,0,SYNTHETIC,87.9,90.3
ST04139,Student ST04139,ISE,8,7.46,81.8,77.6,0,4.4,5.9,4.0,3.4,3.4,6.5,1.4,4.6,0,1,1,2,1,6.2,6.2,3.8,8.0,7.4,6.2,0,0,Data Analyst,1,SYNTHETIC,89.2,84.0
ST04140,Student ST04140,CSE,8,6.21,68.0,64.4,0,5.4,4.0,6.3,2.9,4.3,4.0,2.9,1.1,0,1,1,0,1,7.2,5.7,4.5,4.3,5.8,4.7,0,0,Cybersecurity Specialist,0,SYNTHETIC,96.2,68.3
ST04141,Student ST04141,CSE,8,7.82,83.5,71.7,0,4.5,2.8,4.7,5.6,5.0,2.6,1.0,3.1,0,3,1,1,1,6.4,6.3,6.2,5.5,4.5,4.9,0,0,Cybersecurity Specialist,1,SYNTHETIC,97.3,79.7
ST04142,Student ST04142,CSE,7,6.51,59.7,68.7,0,3.1,6.3,4.7,4.7,3.0,4.0,2.8,3.1,3,4,1,1,1,4.2,6.2,4.7,5.7,4.3,5.3,1,0,Cybersecurity Specialist,0,SYNTHETIC,99.0,77.7
ST04143,Student ST04143,Mechanical,8,7.12,75.3,77.1,1,5.5,6.7,4.1,6.3,2.8,5.9,4.8,4.1,3,4,2,0,1,6.7,5.9,4.9,7.1,5.8,6.1,1,0,Cybersecurity Specialist,1,SYNTHETIC,82.7,93.9
ST04144,Student ST04144,Mechanical,7,5.49,62.1,58.2,1,4.1,1.7,2.1,6.6,3.7,5.0,2.5,3.0,2,3,2,0,1,7.5,5.9,5.7,4.3,4.1,5.7,1,0,Data Analyst,0,SYNTHETIC,95.7,65.3
ST04145,Student ST04145,CSE,8,7.55,75.5,81.2,0,4.6,4.6,5.2,6.6,2.2,5.1,3.9,3.9,0,3,2,1,0,6.0,5.9,5.6,6.3,6.4,6.3,0,0,AI/ML Engineer,1,SYNTHETIC,89.0,94.8
ST04146,Student ST04146,Mechanical,7,6.96,62.4,64.2,0,5.3,6.1,8.4,8.1,5.1,6.1,5.6,4.4,0,2,2,0,0,6.6,6.8,7.0,6.0,6.3,6.0,0,0,Cloud/DevOps Engineer,1,SYNTHETIC,79.0,64.8
ST04147,Student ST04147,Mechanical,7,8.48,76.2,86.1,0,6.6,5.8,6.7,6.0,4.9,5.3,5.8,3.2,2,2,2,1,0,6.7,7.3,5.7,6.3,6.2,5.9,2,0,Cloud/DevOps Engineer,1,SYNTHETIC,87.0,86.8
ST04148,Student ST04148,ECE,7,7.37,70.9,74.0,0,3.8,5.6,7.2,5.4,5.2,5.0,5.7,4.4,0,1,1,0,2,7.3,6.7,4.7,9.1,7.7,7.1,1,0,Cybersecurity Specialist,0,SYNTHETIC,82.3,70.8
ST04149,Student ST04149,ECE,7,7.11,72.3,68.0,1,4.9,3.5,6.7,3.6,3.0,3.7,1.0,2.4,1,2,1,1,0,6.3,5.1,4.7,7.2,6.1,5.2,1,0,QA Specialist,0,SYNTHETIC,87.5,83.0
ST04150,Student ST04150,Mechanical,7,10.0,98.0,97.0,0,9.4,4.6,6.4,5.3,4.6,6.4,4.0,4.1,0,1,2,1,0,8.2,7.5,7.2,6.3,5.4,6.2,2,0,AI/ML Engineer,1,SYNTHETIC,92.4,66.4
ST04151,Student ST04151,Mechanical,8,7.98,83.2,89.3,0,3.8,4.7,4.9,5.1,5.5,7.0,1.7,3.6,0,4,1,0,0,6.9,6.3,3.5,5.2,4.9,5.9,3,0,Cloud/DevOps Engineer,1,SYNTHETIC,81.6,79.0
ST04152,Student ST04152,ECE,7,8.05,80.3,84.8,0,6.9,3.6,6.5,4.2,4.3,6.0,3.8,2.3,0,1,2,0,0,7.1,5.7,6.0,8.1,7.5,7.7,0,1,Full-Stack Developer,1,SYNTHETIC,80.2,89.5
ST04153,Student ST04153,CSE,7,7.08,73.1,72.3,0,4.6,2.0,4.4,7.2,4.0,4.4,5.4,1.0,1,2,2,0,1,7.2,6.7,6.4,6.8,5.6,5.7,0,0,Data Analyst,1,SYNTHETIC,88.8,61.1
ST04154,Student ST04154,CSE,8,7.16,75.9,71.0,0,3.4,2.6,4.5,5.5,2.3,2.2,2.7,1.0,4,2,1,0,1,6.2,5.9,6.0,5.6,5.0,4.9,0,0,Cybersecurity Specialist,1,SYNTHETIC,85.3,88.6
ST04155,Student ST04155,ISE,7,8.17,79.7,82.6,0,7.1,7.6,5.2,7.1,2.8,6.4,3.9,2.2,1,3,2,0,1,6.8,8.2,8.0,6.7,6.6,7.2,1,0,Data Analyst,0,SYNTHETIC,87.4,68.7
ST04156,Student ST04156,CSE,7,8.01,82.5,85.6,0,7.1,8.6,6.2,7.3,4.0,2.9,1.0,1.0,4,2,2,1,0,6.4,5.3,7.0,3.8,4.0,5.8,1,0,Full-Stack Developer,1,SYNTHETIC,77.2,81.1
ST04157,Student ST04157,CSE,7,6.44,63.2,66.4,0,5.9,4.0,8.3,6.2,4.4,5.3,1.8,3.1,3,2,2,0,0,2.7,5.8,5.4,4.7,5.2,4.6,0,0,AI/ML Engineer,1,SYNTHETIC,93.6,84.7
ST04158,Student ST04158,CSE,8,7.86,79.1,82.3,0,3.5,4.9,5.4,8.4,5.0,4.0,3.0,2.2,1,2,2,0,0,5.6,4.9,5.3,7.7,7.6,6.9,0,1,QA Specialist,0,SYNTHETIC,95.4,66.3
ST04159,Student ST04159,Mechanical,8,8.48,84.6,83.9,0,6.2,7.9,8.9,8.0,5.3,7.0,3.5,5.1,0,2,2,2,0,3.7,7.2,7.1,3.9,4.1,5.5,0,0,Cloud/DevOps Engineer,1,SYNTHETIC,94.2,67.7
ST04160,Student ST04160,CSE,8,8.15,80.6,84.3,0,6.6,5.3,4.3,5.6,6.9,5.1,3.8,6.1,1,1,2,0,0,7.3,6.4,7.0,6.3,6.6,6.5,0,0,Cybersecurity Specialist,1,SYNTHETIC,75.2,66.5
ST04161,Student ST04161,CSE,7,8.26,88.4,84.1,0,6.4,8.9,6.9,6.0,6.2,6.6,2.6,5.0,1,1,2,2,0,6.5,7.5,6.8,8.1,7.7,7.4,0,0,Full-Stack Developer,1,SYNTHETIC,81.8,80.4
ST04162,Student ST04162,CSE,8,6.67,65.0,68.0,0,8.0,4.0,5.3,4.7,4.4,4.6,1.5,1.0,2,3,2,0,1,5.8,7.1,4.5,5.8,5.0,5.5,1,0,Cloud/DevOps Engineer,0,SYNTHETIC,81.7,77.7
ST04163,Student ST04163,CSE,7,7.41,72.9,77.4,0,4.8,7.6,5.9,5.3,4.3,3.4,2.3,5.2,0,2,1,0,1,5.5,5.2,5.9,4.5,3.1,4.3,2,0,Data Analyst,1,SYNTHETIC,91.9,74.5
ST04164,Student ST04164,CSE,8,7.59,80.3,81.3,0,7.4,5.0,5.6,5.1,3.3,3.3,4.3,2.9,0,3,2,0,1,6.3,5.8,6.2,7.4,7.6,7.0,0,0,Cybersecurity Specialist,0,SYNTHETIC,90.0,66.3
ST04165,Student ST04165,CSE,7,8.07,83.5,76.4,0,5.8,5.0,8.1,5.2,2.5,4.6,1.1,3.2,0,3,2,0,0,8.0,6.9,5.1,2.5,2.9,3.5,1,0,Cybersecurity Specialist,1,SYNTHETIC,82.6,70.0
ST04166,Student ST04166,Mechanical,8,7.58,80.4,73.4,0,4.7,5.2,4.5,5.4,2.8,3.9,3.5,3.0,1,3,1,0,1,6.8,5.3,6.3,8.1,6.7,5.4,0,1,QA Specialist,1,SYNTHETIC,83.8,86.9
ST04167,Student ST04167,Mechanical,8,6.96,72.4,69.8,0,4.6,4.7,5.5,5.6,2.0,4.2,3.2,2.7,3,1,1,1,1,6.5,5.0,4.5,8.1,8.9,6.8,1,1,Data Analyst,1,SYNTHETIC,88.9,79.2
ST04168,Student ST04168,Mechanical,8,6.34,74.4,58.4,0,5.0,6.3,4.5,7.0,2.7,3.7,5.4,1.1,1,2,2,1,0,5.7,5.3,5.9,5.9,6.0,5.4,1,0,Data Analyst,1,SYNTHETIC,93.7,81.1
ST04169,Student ST04169,CSE,8,8.4,87.2,80.5,0,6.7,8.4,8.8,7.8,5.0,6.2,4.6,2.6,1,1,2,0,0,6.0,9.1,6.9,5.3,4.3,6.6,0,0,Data Analyst,1,SYNTHETIC,76.0,86.8
ST04170,Student ST04170,ECE,8,5.0,55.0,50.0,0,3.6,3.2,4.8,5.8,5.1,2.1,3.1,4.2,3,1,1,0,2,4.0,4.3,5.0,5.8,4.6,6.2,0,0,Cybersecurity Specialist,0,SYNTHETIC,82.6,69.3
ST04171,Student ST04171,ISE,8,8.06,73.0,86.6,0,7.4,5.9,6.0,5.1,3.5,5.5,4.2,1.6,1,1,2,0,0,8.2,6.3,4.0,6.9,6.3,5.8,0,0,AI/ML Engineer,0,SYNTHETIC,83.2,72.7
ST04172,Student ST04172,CSE,8,7.2,76.7,72.3,0,3.3,2.1,2.6,2.2,2.2,3.3,2.2,2.7,2,5,1,2,0,6.1,6.3,1.9,5.6,6.0,3.1,0,0,Data Analyst,1,SYNTHETIC,83.1,76.3
ST04173,Student ST04173,CSE,8,7.18,68.3,72.6,0,4.1,5.2,5.2,6.1,5.6,4.3,2.6,3.0,0,2,1,1,0,6.2,7.6,6.3,4.6,3.7,4.5,0,0,Full-Stack Developer,0,SYNTHETIC,96.2,91.4
ST04174,Student ST04174,ECE,8,7.15,65.0,66.1,0,2.3,4.2,3.9,6.4,2.0,4.0,5.2,3.2,0,2,1,3,0,5.3,6.6,4.1,5.2,6.4,5.7,0,0,Cloud/DevOps Engineer,0,SYNTHETIC,92.8,87.4
ST04175,Student ST04175,CSE,7,7.03,72.4,70.2,0,4.8,1.4,3.5,1.6,2.8,6.1,3.6,4.4,1,1,1,0,0,6.1,6.5,3.3,7.6,6.5,5.1,1,1,Cybersecurity Specialist,0,SYNTHETIC,96.4,66.7
ST04176,Student ST04176,CSE,8,7.49,77.2,75.5,0,4.3,7.2,7.0,6.5,4.0,7.8,4.0,5.5,1,2,2,3,0,5.2,7.0,5.5,5.4,7.5,5.2,0,0,Cloud/DevOps Engineer,1,SYNTHETIC,81.8,92.5
ST04177,Student ST04177,ISE,8,6.48,70.0,70.5,0,3.6,1.0,4.7,5.0,3.1,1.1,1.0,1.0,1,3,1,0,0,6.4,7.3,5.2,7.7,9.3,6.0,1,1,QA Specialist,0,SYNTHETIC,85.9,74.3
ST04178,Student ST04178,Mechanical,8,6.85,73.9,65.5,0,4.5,4.4,3.8,5.4,3.4,2.5,1.0,2.1,1,5,1,0,0,7.1,6.0,5.7,6.0,6.4,4.9,1,0,AI/ML Engineer,1,SYNTHETIC,78.1,60.1
ST04179,Student ST04179,CSE,7,6.19,61.5,65.7,0,5.0,2.9,2.4,3.6,1.0,3.1,1.0,3.2,4,4,1,0,0,6.3,5.6,2.9,5.8,6.1,4.1,1,0,Cloud/DevOps Engineer,0,SYNTHETIC,94.8,94.4
ST04180,Student ST04180,CSE,8,7.57,75.6,74.8,0,8.2,4.6,6.9,9.1,5.9,4.6,3.9,3.4,1,5,2,1,0,5.2,5.8,7.6,6.6,5.9,7.5,1,0,Full-Stack Developer,1,SYNTHETIC,86.9,91.3
ST04181,Student ST04181,ECE,8,6.02,63.9,70.2,0,5.6,3.7,3.6,2.6,3.4,2.4,1.8,1.1,0,3,1,0,0,4.4,4.5,4.8,8.0,6.9,7.0,0,0,Full-Stack Developer,0,SYNTHETIC,93.3,79.5
ST04182,Student ST04182,ECE,8,7.98,80.3,72.8,0,2.7,4.0,4.3,4.9,3.4,4.4,3.4,4.6,0,6,1,2,1,7.9,7.8,3.9,5.1,6.3,3.8,1,0,Data Analyst,1,SYNTHETIC,83.2,61.3
ST04183,Student ST04183,CSE,8,7.17,72.7,72.6,0,4.3,7.1,5.6,3.1,2.9,4.1,2.4,2.6,3,2,1,0,1,5.9,5.7,4.4,6.7,8.5,4.7,2,0,QA Specialist,1,SYNTHETIC,76.4,83.4
ST04184,Student ST04184,CSE,8,8.66,86.3,77.8,0,6.9,4.8,8.9,5.3,3.7,6.6,4.9,3.8,0,2,2,1,0,7.7,6.9,5.1,5.3,5.2,5.6,0,0,Cybersecurity Specialist,1,SYNTHETIC,87.7,94.2
ST04185,Student ST04185,Mechanical,7,8.06,78.5,79.4,0,5.8,5.0,5.8,6.5,3.2,3.6,3.3,2.4,1,2,2,0,0,6.8,6.8,5.3,7.4,6.5,6.8,2,0,Cybersecurity Specialist,1,SYNTHETIC,93.7,71.0
ST04186,Student ST04186,CSE,7,8.71,91.3,84.9,0,6.4,8.2,6.7,8.7,1.3,4.8,3.6,7.1,1,2,2,2,0,8.8,6.3,7.5,8.9,8.4,8.0,0,1,QA Specialist,0,SYNTHETIC,82.5,85.2
ST04187,Student ST04187,CSE,8,8.41,74.6,81.9,0,4.3,5.4,6.0,6.7,6.6,5.6,7.0,3.5,0,1,2,0,0,5.3,7.5,5.5,6.7,6.3,5.5,1,0,Data Analyst,1,SYNTHETIC,81.9,82.7
ST04188,Student ST04188,Mechanical,7,8.73,80.8,81.9,0,4.8,6.1,7.1,9.2,4.9,5.7,3.3,5.2,2,4,2,2,1,7.8,6.5,7.8,3.6,5.2,6.0,1,0,Cybersecurity Specialist,1,SYNTHETIC,97.4,89.2
ST04189,Student ST04189,ECE,8,7.75,74.9,72.8,0,6.7,6.4,7.2,5.3,4.1,5.5,2.6,4.2,0,2,2,0,0,6.2,6.5,5.2,5.2,6.7,6.2,2,0,Full-Stack Developer,1,SYNTHETIC,85.6,83.3
ST04190,Student ST04190,ECE,8,5.42,57.8,57.9,0,4.4,2.6,2.9,4.2,2.1,2.2,1.0,3.2,0,4,1,0,2,6.9,5.1,4.0,5.3,4.9,4.2,0,0,AI/ML Engineer,0,SYNTHETIC,91.5,69.6
ST04191,Student ST04191,CSE,8,6.7,75.7,69.9,0,7.6,5.4,4.4,6.6,3.8,5.0,3.3,1.5,0,1,2,1,0,7.2,5.9,6.3,6.4,7.3,7.4,0,0,Data Analyst,0,SYNTHETIC,81.7,89.2
ST04192,Student ST04192,ECE,8,7.48,72.0,74.0,0,4.3,5.0,4.7,4.4,3.4,5.1,4.5,3.3,2,3,1,0,1,5.1,7.4,4.5,5.2,4.3,4.0,0,0,Cloud/DevOps Engineer,1,SYNTHETIC,97.7,73.6
ST04193,Student ST04193,CSE,7,8.37,76.0,82.6,0,6.1,8.1,4.3,5.3,3.0,5.9,3.7,5.6,1,2,2,1,0,8.7,7.6,5.0,1.7,1.3,4.6,1,0,Cybersecurity Specialist,0,SYNTHETIC,88.9,75.2
ST04194,Student ST04194,ISE,8,7.21,82.4,70.7,0,3.7,5.9,6.7,6.6,5.7,5.8,3.6,2.4,0,3,1,1,0,6.9,4.5,5.1,5.0,4.7,5.4,0,0,Cloud/DevOps Engineer,1,SYNTHETIC,77.8,86.3
ST04195,Student ST04195,ECE,7,6.32,55.6,61.7,0,4.9,2.7,4.0,6.2,4.5,3.0,1.8,5.0,1,1,2,0,1,5.7,4.9,4.7,5.7,6.7,5.5,1,0,AI/ML Engineer,0,SYNTHETIC,80.3,78.3
ST04196,Student ST04196,Mechanical,7,7.72,70.3,82.2,0,6.4,8.4,4.7,6.7,4.3,5.8,3.0,4.1,1,1,2,1,1,6.8,7.5,6.1,5.5,4.4,7.2,0,0,Cloud/DevOps Engineer,1,SYNTHETIC,91.2,88.1
ST04197,Student ST04197,ECE,8,8.52,85.2,84.6,0,7.2,6.0,8.7,6.0,4.8,5.0,2.5,3.5,1,5,2,1,0,6.5,6.5,6.2,7.3,6.8,7.7,1,0,QA Specialist,1,SYNTHETIC,88.0,71.5
ST04198,Student ST04198,Mechanical,8,8.26,77.6,82.7,0,6.0,7.3,5.8,6.7,4.6,5.7,5.7,3.8,2,5,2,0,0,6.7,7.1,6.1,4.4,3.1,3.5,0,0,Cybersecurity Specialist,1,SYNTHETIC,93.9,72.6
ST04199,Student ST04199,ISE,7,6.28,74.3,68.2,0,3.4,3.6,3.4,3.8,2.2,4.7,1.0,2.7,0,4,1,1,0,6.7,6.2,3.3,5.4,5.8,4.2,0,0,Full-Stack Developer,1,SYNTHETIC,92.3,86.3
ST04200,Student ST04200,Mechanical,8,6.97,63.8,71.8,0,2.7,6.7,5.8,7.0,3.7,4.7,3.7,2.1,1,2,1,1,0,7.6,7.3,3.8,8.0,6.3,6.0,1,0,AI/ML Engineer,1,SYNTHETIC,76.4,82.4
ST04201,Student ST04201,CSE,8,9.11,96.3,90.1,0,8.1,7.4,4.9,9.3,3.1,4.8,1.8,2.8,5,1,2,1,0,7.9,5.3,8.6,6.0,5.5,7.8,1,0,Cloud/DevOps Engineer,1,SYNTHETIC,90.1,74.9
ST04202,Student ST04202,ISE,8,7.77,80.6,75.1,0,6.6,3.0,5.2,5.0,4.1,4.7,3.8,1.9,1,4,2,0,2,6.4,6.7,6.2,6.0,6.2,4.9,1,0,Cybersecurity Specialist,1,SYNTHETIC,95.2,69.2
ST04203,Student ST04203,ECE,8,8.05,81.0,80.8,0,6.6,3.9,8.2,4.7,2.9,5.8,4.9,3.4,2,4,2,0,0,4.4,8.5,5.8,6.1,5.8,5.8,1,0,QA Specialist,1,SYNTHETIC,84.5,81.1
ST04204,Student ST04204,ECE,7,6.7,72.7,69.5,0,6.9,6.9,6.4,6.7,4.6,6.4,3.9,4.7,0,1,2,1,0,7.3,5.3,6.8,7.4,6.9,7.5,1,1,Data Analyst,1,SYNTHETIC,81.1,88.7
ST04205,Student ST04205,CSE,7,7.53,77.1,74.8,0,4.4,4.5,5.0,5.1,3.5,3.7,2.4,3.5,2,1,1,0,1,5.6,9.3,5.5,6.1,6.4,5.4,1,0,AI/ML Engineer,1,SYNTHETIC,78.0,80.6
ST04206,Student ST04206,ECE,8,7.65,77.4,76.4,0,5.4,3.0,6.5,4.9,3.7,4.7,4.4,4.1,1,3,1,1,1,6.1,7.5,3.5,6.0,6.9,5.6,0,0,AI/ML Engineer,1,SYNTHETIC,87.5,78.4
ST04207,Student ST04207,CSE,7,9.32,90.8,92.0,0,8.6,6.4,7.3,6.1,6.0,7.5,4.6,4.9,2,1,2,0,0,6.6,6.9,7.1,5.7,7.8,6.2,1,0,AI/ML Engineer,1,SYNTHETIC,77.6,74.1
ST04208,Student ST04208,ECE,8,6.08,65.6,70.1,0,5.8,6.6,5.5,7.4,5.0,5.8,3.6,4.8,2,1,2,0,1,6.0,6.5,7.2,6.8,5.7,7.0,1,0,Cloud/DevOps Engineer,0,SYNTHETIC,94.5,72.8
ST04209,Student ST04209,ECE,7,7.33,70.5,76.9,0,4.9,4.5,4.6,6.1,3.2,5.2,3.9,4.3,0,6,2,0,1,6.4,5.5,4.5,5.2,3.9,4.4,0,0,Cloud/DevOps Engineer,1,SYNTHETIC,87.3,94.3
ST04210,Student ST04210,ECE,8,6.5,64.6,62.5,0,6.0,5.2,6.0,4.5,2.9,6.8,1.7,1.7,1,2,1,1,0,4.7,6.6,4.3,5.3,6.0,5.6,0,0,AI/ML Engineer,0,SYNTHETIC,79.4,86.5
ST04211,Student ST04211,CSE,7,8.12,78.3,85.9,0,6.5,3.8,6.3,5.9,2.6,6.9,1.1,2.3,1,2,2,1,0,7.2,8.3,6.4,4.1,3.3,5.4,0,0,Cloud/DevOps Engineer,0,SYNTHETIC,77.6,84.2
ST04212,Student ST04212,CSE,7,6.85,71.0,77.5,0,4.9,4.3,5.6,1.3,2.7,3.8,3.2,3.6,2,6,1,1,0,5.7,7.0,3.1,7.1,6.6,4.4,1,0,QA Specialist,0,SYNTHETIC,82.7,65.5
ST04213,Student ST04213,CSE,8,9.37,87.5,95.5,0,4.5,6.1,4.8,4.6,1.2,3.3,1.0,1.0,0,3,1,1,0,6.0,6.1,5.0,7.1,7.9,5.5,0,0,AI/ML Engineer,1,SYNTHETIC,85.8,66.7
ST04214,Student ST04214,Mechanical,7,5.62,59.7,61.5,0,4.0,1.0,6.2,5.1,3.3,4.2,3.0,2.6,2,3,1,0,0,5.9,5.6,4.8,5.8,4.9,5.5,1,0,Full-Stack Developer,1,SYNTHETIC,81.4,89.8
ST04215,Student ST04215,ECE,7,10.0,98.0,97.0,0,6.4,7.7,8.9,7.7,3.3,7.6,4.6,6.3,0,6,2,1,0,6.9,8.0,8.5,7.6,6.5,7.7,0,0,QA Specialist,1,SYNTHETIC,78.0,66.0
ST04216,Student ST04216,CSE,7,7.19,73.0,68.7,0,2.9,4.2,5.7,7.1,5.1,2.6,4.3,2.4,2,1,1,0,2,5.9,6.2,5.6,6.8,7.9,5.6,0,0,Data Analyst,0,SYNTHETIC,77.1,84.8
ST04217,Student ST04217,CSE,8,8.36,86.6,75.5,0,2.3,3.3,3.3,4.3,4.0,7.5,1.4,3.4,0,3,1,1,0,5.9,6.5,4.3,4.8,3.6,3.5,1,0,Data Analyst,1,SYNTHETIC,77.8,71.7
ST04218,Student ST04218,CSE,7,5.85,55.8,55.2,0,6.5,7.3,7.8,5.7,3.5,6.7,5.5,3.6,1,3,2,0,0,5.4,4.4,4.9,5.7,5.3,5.8,2,0,AI/ML Engineer,1,SYNTHETIC,80.2,61.0
ST04219,Student ST04219,CSE,8,6.71,74.1,70.4,0,6.2,3.8,5.5,4.4,4.5,5.6,2.1,3.2,0,3,2,0,0,7.0,5.2,5.3,5.6,7.7,6.1,2,0,Full-Stack Developer,1,SYNTHETIC,79.5,63.0
ST04220,Student ST04220,ECE,7,8.05,83.2,76.9,0,2.5,4.7,6.3,7.7,3.5,4.4,2.8,1.7,0,3,1,0,0,7.6,5.1,6.0,6.7,5.1,5.4,0,0,Cloud/DevOps Engineer,0,SYNTHETIC,94.8,81.7
ST04221,Student ST04221,Mechanical,7,8.48,81.3,79.2,0,5.8,5.5,5.2,7.3,5.9,3.2,2.2,2.9,2,1,2,0,1,4.8,5.1,5.6,5.0,5.8,6.7,0,0,AI/ML Engineer,1,SYNTHETIC,84.9,65.8
ST04222,Student ST04222,Mechanical,8,6.88,73.4,73.4,0,6.2,6.7,7.0,4.7,4.8,5.7,1.3,3.7,2,3,2,0,0,6.8,7.7,5.6,4.5,5.1,5.4,1,0,Cybersecurity Specialist,1,SYNTHETIC,89.0,84.0
ST04223,Student ST04223,ISE,8,8.28,79.9,75.2,0,5.1,7.5,4.8,7.2,6.3,6.7,4.0,5.7,0,1,2,3,0,7.2,7.6,5.7,5.9,6.0,6.4,0,0,Full-Stack Developer,1,SYNTHETIC,88.0,64.8
ST04224,Student ST04224,CSE,7,7.2,74.5,69.4,0,5.8,6.3,6.1,6.6,4.3,5.9,4.5,3.7,2,1,2,1,0,6.2,4.9,6.2,2.9,3.5,4.2,0,0,QA Specialist,1,SYNTHETIC,84.2,66.2
ST04225,Student ST04225,CSE,7,8.93,92.5,91.7,0,4.7,3.5,5.7,5.8,5.2,4.4,2.1,1.7,3,1,2,0,0,7.2,7.1,5.9,5.1,4.9,5.0,0,0,Cloud/DevOps Engineer,1,SYNTHETIC,88.6,70.0
ST04226,Student ST04226,Mechanical,7,8.67,92.8,89.9,0,8.0,5.4,7.0,5.9,5.0,4.4,1.0,5.9,1,3,2,3,0,7.1,8.7,6.2,8.2,7.0,7.4,1,1,Cloud/DevOps Engineer,1,SYNTHETIC,79.3,93.3
ST04227,Student ST04227,ISE,8,7.45,76.5,79.5,0,5.6,6.6,5.4,4.4,4.6,6.0,5.0,3.9,2,2,1,1,1,5.7,7.6,6.6,5.8,4.9,4.8,1,0,QA Specialist,1,SYNTHETIC,97.9,79.9
ST04228,Student ST04228,CSE,8,5.79,68.1,64.3,0,3.6,4.1,5.8,5.1,1.0,4.7,1.6,1.4,1,2,1,0,0,6.5,4.5,3.0,7.4,7.9,6.6,1,0,Cloud/DevOps Engineer,0,SYNTHETIC,85.7,68.9
ST04229,Student ST04229,CSE,8,8.31,82.6,84.2,0,7.3,8.5,7.0,7.0,3.1,4.8,4.2,3.3,5,1,2,1,1,3.7,6.0,7.7,6.1,7.8,7.0,2,0,Cybersecurity Specialist,1,SYNTHETIC,76.1,71.7
ST04230,Student ST04230,ISE,8,7.66,75.3,77.9,0,4.7,4.7,7.7,6.2,4.9,4.8,2.9,2.5,0,1,2,1,0,5.8,5.8,6.5,7.2,7.0,7.8,2,0,Cybersecurity Specialist,1,SYNTHETIC,95.6,78.9
ST04231,Student ST04231,CSE,8,7.96,85.3,82.8,0,6.7,5.7,6.5,5.7,5.2,3.5,4.6,3.9,0,2,2,0,0,6.4,6.6,5.5,6.5,4.5,7.2,1,0,QA Specialist,1,SYNTHETIC,97.6,71.4
ST04232,Student ST04232,ISE,8,9.1,90.6,85.9,0,7.5,5.5,5.7,6.0,7.2,6.4,4.5,6.0,3,5,2,0,0,6.5,8.7,6.3,6.2,5.8,6.6,0,0,Cloud/DevOps Engineer,1,SYNTHETIC,98.7,76.1
ST04233,Student ST04233,ECE,7,7.76,81.1,79.4,0,6.5,4.4,7.8,8.0,5.9,8.1,4.5,4.2,1,4,2,0,0,6.8,5.5,7.7,6.4,5.7,7.5,0,0,Data Analyst,1,SYNTHETIC,79.7,76.3
ST04234,Student ST04234,CSE,7,8.15,84.4,78.1,0,8.3,5.2,6.1,5.1,4.8,8.6,4.2,3.0,2,5,2,1,0,8.4,7.4,6.7,6.3,6.7,6.5,1,0,AI/ML Engineer,1,SYNTHETIC,85.6,75.6
ST04235,Student ST04235,CSE,8,7.46,79.5,77.1,0,4.8,4.8,6.3,4.3,6.4,4.4,3.2,5.2,0,1,1,0,1,5.1,5.7,3.8,1.0,3.2,2.0,4,0,Full-Stack Developer,1,SYNTHETIC,78.8,91.1
ST04236,Student ST04236,CSE,7,8.42,86.6,88.3,0,6.4,5.1,4.7,5.6,5.7,4.9,4.8,1.6,1,2,2,2,0,6.1,8.1,5.7,5.9,6.0,6.7,0,0,QA Specialist,1,SYNTHETIC,90.5,65.6
ST04237,Student ST04237,Mechanical,7,8.27,81.6,80.2,0,6.5,5.8,6.3,7.7,4.5,6.7,4.0,5.6,2,1,2,0,0,7.3,6.7,7.4,5.4,4.6,7.0,1,0,Full-Stack Developer,0,SYNTHETIC,97.6,81.0
ST04238,Student ST04238,CSE,7,9.38,94.6,97.0,0,8.5,7.3,5.8,8.2,4.8,5.4,2.8,5.1,5,3,2,1,0,6.8,8.2,8.3,4.1,3.7,8.3,3,0,AI/ML Engineer,1,SYNTHETIC,85.4,75.9
ST04239,Student ST04239,ISE,8,8.54,84.1,86.3,0,5.1,7.7,4.4,7.1,5.8,6.0,2.3,3.8,1,3,2,3,0,5.3,6.0,5.6,7.6,7.2,7.1,0,1,Cybersecurity Specialist,1,SYNTHETIC,75.9,89.1
ST04240,Student ST04240,ISE,7,6.0,63.3,61.3,0,3.6,3.6,3.3,1.0,5.4,5.7,3.5,1.5,1,3,1,1,2,4.6,5.1,3.0,6.1,5.4,4.6,0,0,QA Specialist,1,SYNTHETIC,78.6,80.1
ST04241,Student ST04241,ISE,7,8.29,82.2,90.8,0,3.7,4.1,5.6,3.7,1.0,5.5,6.5,5.1,0,3,1,0,0,7.7,8.7,3.2,7.5,7.2,4.7,0,0,Data Analyst,0,SYNTHETIC,79.4,82.7
ST04242,Student ST04242,ECE,8,8.56,85.2,83.1,0,5.4,7.6,8.2,7.5,4.3,9.1,5.7,2.8,1,3,2,1,0,7.0,6.6,6.4,4.6,5.3,4.6,0,0,QA Specialist,1,SYNTHETIC,89.0,79.3
ST04243,Student ST04243,CSE,7,7.28,72.2,74.3,0,7.5,3.2,6.4,6.8,2.4,6.3,1.8,1.0,2,2,2,0,2,4.7,5.7,7.1,4.9,4.5,7.0,0,0,AI/ML Engineer,0,SYNTHETIC,82.9,74.1
ST04244,Student ST04244,CSE,8,7.83,75.4,72.3,0,5.9,4.9,4.9,4.4,3.1,4.0,1.6,1.0,1,6,1,1,1,5.9,5.2,5.1,5.2,5.7,5.8,3,0,AI/ML Engineer,1,SYNTHETIC,87.1,77.4
ST04245,Student ST04245,CSE,7,6.12,66.9,62.3,1,3.8,6.3,3.0,5.9,1.0,4.1,1.0,3.5,0,5,1,0,0,4.0,3.1,4.0,6.8,6.9,5.2,0,0,Full-Stack Developer,0,SYNTHETIC,86.9,70.1
ST04246,Student ST04246,CSE,8,6.46,68.5,73.1,0,4.6,5.8,6.7,7.7,2.7,5.8,2.8,2.5,0,3,2,1,1,8.6,7.4,6.9,6.2,5.3,7.9,3,0,Full-Stack Developer,0,SYNTHETIC,76.0,91.9
ST04247,Student ST04247,CSE,8,7.35,76.5,75.0,0,2.2,4.9,4.9,3.5,2.3,3.6,3.7,1.6,2,1,1,1,1,6.3,5.9,1.8,7.6,7.3,3.6,2,0,Full-Stack Developer,0,SYNTHETIC,83.4,72.2
ST04248,Student ST04248,ISE,7,7.38,80.0,79.3,0,4.4,5.5,5.0,5.1,3.0,3.4,4.9,2.9,1,1,1,1,0,7.3,7.6,4.1,6.0,4.9,4.7,0,0,QA Specialist,1,SYNTHETIC,83.8,91.6
ST04249,Student ST04249,CSE,8,9.87,93.9,94.6,0,6.4,7.5,7.9,5.9,5.0,6.0,4.4,3.7,2,4,2,2,1,5.3,8.5,5.1,6.2,7.7,5.4,0,0,Cloud/DevOps Engineer,1,SYNTHETIC,81.9,71.6
ST04250,Student ST04250,CSE,8,6.52,65.5,70.3,0,1.4,4.1,1.6,3.5,3.5,3.0,1.0,1.6,0,2,1,0,0,5.6,6.7,3.4,6.7,6.1,3.5,1,0,QA Specialist,0,SYNTHETIC,84.2,93.3
ST04251,Student ST04251,ISE,7,7.39,69.2,75.1,0,5.3,4.1,5.3,6.2,4.9,5.0,3.2,1.0,2,4,2,0,0,4.0,6.4,5.0,5.6,4.5,7.3,1,0,Cloud/DevOps Engineer,0,SYNTHETIC,93.9,80.8
ST04252,Student ST04252,Mechanical,7,7.08,69.9,73.8,0,4.8,5.1,5.1,4.9,5.0,4.7,1.6,3.6,1,3,1,1,1,6.2,6.0,3.3,6.4,6.5,4.8,0,0,Data Analyst,1,SYNTHETIC,76.1,92.0
ST04253,Student ST04253,ECE,7,7.17,72.1,71.1,0,5.0,3.6,5.1,4.0,1.1,4.2,3.8,3.7,1,2,1,0,0,6.3,7.3,4.0,6.6,7.3,4.4,0,0,Data Analyst,0,SYNTHETIC,88.8,69.7
ST04254,Student ST04254,CSE,8,6.59,65.1,71.0,0,3.6,4.6,5.7,3.1,2.4,2.2,1.0,2.1,0,4,1,0,0,7.1,6.9,3.3,8.1,8.8,4.3,2,1,Cloud/DevOps Engineer,1,SYNTHETIC,81.3,63.2
ST04255,Student ST04255,CSE,8,5.34,57.3,65.3,0,4.0,3.3,4.5,2.7,5.0,4.7,3.3,3.7,0,3,1,0,0,3.1,5.5,3.5,4.5,4.8,4.7,0,0,Cloud/DevOps Engineer,1,SYNTHETIC,76.0,80.7
ST04256,Student ST04256,ECE,8,6.78,79.1,62.5,0,3.3,5.0,5.5,3.8,3.9,5.2,4.8,1.0,0,2,1,0,2,7.7,5.3,2.8,5.3,3.8,5.2,2,0,QA Specialist,0,SYNTHETIC,84.9,78.9
ST04257,Student ST04257,ISE,8,7.35,73.9,72.1,0,6.5,3.4,4.6,4.2,4.5,3.9,4.5,4.3,1,3,2,0,0,6.6,5.2,4.6,7.6,8.0,6.1,0,0,Data Analyst,1,SYNTHETIC,79.8,89.3
ST04258,Student ST04258,CSE,7,7.95,82.5,80.4,0,6.5,6.3,4.8,6.5,3.2,3.7,5.0,3.1,0,1,2,0,0,6.2,3.9,7.3,6.6,8.9,6.4,0,0,Data Analyst,0,SYNTHETIC,78.2,90.7
ST04259,Student ST04259,Mechanical,8,7.55,76.5,73.1,0,3.1,8.3,6.5,6.2,3.4,3.3,1.6,5.1,3,3,1,0,0,6.2,7.1,5.4,7.0,7.3,6.1,0,0,QA Specialist,1,SYNTHETIC,92.1,87.8
ST04260,Student ST04260,ISE,7,7.72,68.0,70.1,0,4.0,3.7,5.1,4.8,1.2,5.2,3.4,2.1,3,2,1,0,1,6.7,6.8,2.8,6.7,6.9,4.4,2,0,AI/ML Engineer,1,SYNTHETIC,98.6,87.9
ST04261,Student ST04261,CSE,7,6.71,70.2,67.9,0,4.3,5.1,6.8,5.9,1.0,2.9,2.2,3.3,1,6,1,0,0,6.1,5.3,5.4,7.6,7.5,3.0,0,0,Full-Stack Developer,0,SYNTHETIC,85.4,92.8
ST04262,Student ST04262,ISE,7,7.49,74.5,77.9,0,6.4,5.9,5.2,4.5,3.5,4.7,1.0,5.9,4,1,2,2,0,8.4,6.0,4.3,4.8,4.1,6.0,0,0,AI/ML Engineer,1,SYNTHETIC,98.4,78.1
ST04263,Student ST04263,Mechanical,7,6.99,64.4,69.3,0,2.6,3.7,3.5,4.7,3.5,4.7,4.5,2.4,0,2,1,0,0,5.3,6.8,2.8,6.9,5.4,4.9,1,0,Cybersecurity Specialist,1,SYNTHETIC,78.1,62.1
ST04264,Student ST04264,Mechanical,8,8.32,81.0,77.2,0,4.8,4.9,4.7,6.3,3.2,4.8,1.6,4.7,0,4,2,2,0,7.6,7.8,5.2,6.8,7.2,4.7,0,0,QA Specialist,1,SYNTHETIC,79.2,93.4
ST04265,Student ST04265,CSE,8,6.1,68.5,69.5,1,6.0,3.9,4.8,5.1,5.0,4.6,3.0,6.0,0,3,2,1,0,5.4,5.9,6.5,5.2,4.5,5.2,0,0,AI/ML Engineer,0,SYNTHETIC,89.3,94.8
ST04266,Student ST04266,ISE,7,7.23,76.0,75.7,0,4.6,2.0,4.8,4.0,1.0,3.8,6.3,3.6,0,3,1,0,0,5.7,6.2,3.8,7.5,6.8,5.9,0,1,QA Specialist,1,SYNTHETIC,89.7,64.2
ST04267,Student ST04267,ISE,7,6.55,69.7,71.6,0,4.4,4.3,4.1,5.1,2.5,6.0,1.0,2.0,1,4,1,0,0,6.7,6.3,4.9,6.6,5.8,4.6,0,0,Cybersecurity Specialist,0,SYNTHETIC,90.8,75.5
ST04268,Student ST04268,Mechanical,8,6.13,58.6,70.6,0,3.1,4.6,4.8,4.6,4.0,2.4,4.2,1.0,0,1,1,0,0,4.8,6.6,3.1,8.3,8.6,5.6,1,0,QA Specialist,1,SYNTHETIC,91.9,64.3
ST04269,Student ST04269,ECE,7,7.8,82.3,77.9,0,1.6,2.6,6.0,5.4,4.2,2.2,3.3,1.0,1,1,1,0,0,7.4,7.1,3.6,3.9,3.6,3.7,1,0,Cloud/DevOps Engineer,0,SYNTHETIC,79.3,85.7
ST04270,Student ST04270,CSE,8,7.93,82.7,80.8,0,5.6,4.3,7.9,6.5,4.6,7.5,2.2,2.4,2,1,2,2,1,7.1,7.1,6.4,4.8,4.5,4.6,0,0,QA Specialist,1,SYNTHETIC,95.3,65.2
ST04271,Student ST04271,ISE,7,7.0,75.4,72.1,1,4.3,5.2,5.2,4.0,5.1,2.7,5.0,1.0,1,2,1,0,0,6.4,5.8,3.9,6.9,7.4,5.0,2,0,Data Analyst,0,SYNTHETIC,78.7,80.9
ST04272,Student ST04272,ISE,8,5.85,57.8,60.8,0,1.9,5.2,4.1,5.9,3.8,7.2,3.3,5.2,1,3,1,0,0,5.4,6.1,5.5,8.7,8.6,5.9,1,0,Cloud/DevOps Engineer,1,SYNTHETIC,96.9,87.1
ST04273,Student ST04273,CSE,7,6.56,64.7,70.1,0,4.3,3.3,3.3,2.6,6.0,4.1,1.0,5.8,0,3,1,0,0,5.7,6.6,2.6,7.7,8.2,4.8,0,1,Full-Stack Developer,0,SYNTHETIC,78.9,85.1
ST04274,Student ST04274,Mechanical,8,8.24,74.4,82.6,0,6.2,6.2,6.0,8.5,4.9,7.3,4.0,2.3,1,2,2,1,1,7.5,4.3,8.2,5.7,4.4,7.8,0,0,Cybersecurity Specialist,1,SYNTHETIC,98.4,93.7
ST04275,Student ST04275,ECE,8,6.63,64.7,64.6,0,2.7,3.6,2.9,3.2,1.7,3.3,3.4,1.1,2,1,1,1,1,5.3,7.9,2.0,8.7,7.5,5.7,0,0,QA Specialist,1,SYNTHETIC,80.6,70.8
ST04276,Student ST04276,ECE,8,7.79,73.7,69.1,0,4.9,5.7,7.1,5.2,5.3,5.6,1.0,3.8,2,3,1,1,0,7.7,6.4,3.8,4.0,2.7,4.6,1,0,AI/ML Engineer,1,SYNTHETIC,77.8,68.9
ST04277,Student ST04277,ISE,8,7.23,70.4,72.8,0,4.5,7.2,4.9,7.1,4.7,2.2,1.2,1.0,2,1,2,0,0,5.4,6.1,6.8,7.5,7.6,5.8,0,0,Full-Stack Developer,1,SYNTHETIC,78.7,67.1
ST04278,Student ST04278,CSE,7,7.46,77.4,76.7,0,6.1,3.5,5.5,7.6,1.0,4.8,2.6,2.7,2,1,2,1,0,7.1,4.5,6.8,6.9,8.0,6.1,0,0,QA Specialist,1,SYNTHETIC,91.9,61.3
ST04279,Student ST04279,CSE,7,7.0,77.9,73.4,1,6.4,5.0,3.9,4.2,2.6,7.9,3.8,2.6,1,3,2,1,1,3.1,5.9,5.7,8.6,7.2,6.5,2,1,QA Specialist,0,SYNTHETIC,82.5,76.4
ST04280,Student ST04280,ISE,8,8.6,82.5,83.2,0,3.3,4.6,5.8,5.8,3.1,5.7,6.0,2.6,1,4,1,0,0,7.7,5.9,3.6,5.2,6.6,4.1,1,0,Cybersecurity Specialist,1,SYNTHETIC,92.8,90.6
ST04281,Student ST04281,CSE,7,6.49,73.4,66.8,0,4.1,5.9,6.4,4.3,4.8,2.9,1.9,4.1,1,2,1,0,1,6.5,7.8,3.7,3.7,2.7,4.5,0,0,Cloud/DevOps Engineer,0,SYNTHETIC,90.9,78.8
ST04282,Student ST04282,Mechanical,7,7.09,74.5,73.1,0,4.3,4.7,4.4,4.3,3.8,5.8,2.6,3.3,4,4,1,0,1,4.2,8.1,4.9,4.5,4.2,3.6,1,0,Full-Stack Developer,1,SYNTHETIC,86.3,60.5
ST04283,Student ST04283,CSE,8,8.2,80.6,77.9,0,6.0,4.1,5.5,5.5,4.0,6.5,4.4,3.9,0,2,2,0,3,7.5,5.8,5.8,8.2,6.7,5.7,0,0,AI/ML Engineer,0,SYNTHETIC,75.1,84.2
ST04284,Student ST04284,CSE,7,7.75,88.9,75.5,0,5.3,6.2,6.3,3.8,3.9,3.9,2.3,4.1,1,1,1,1,0,6.7,5.0,3.6,5.4,4.4,4.3,0,0,QA Specialist,0,SYNTHETIC,98.1,92.8
ST04285,Student ST04285,CSE,8,8.61,88.4,90.0,0,6.1,6.0,6.4,4.8,4.7,6.0,3.9,3.5,2,1,2,1,0,7.3,7.4,4.8,7.0,6.0,4.7,0,0,Cybersecurity Specialist,1,SYNTHETIC,79.8,83.2
ST04286,Student ST04286,CSE,7,8.02,80.6,80.1,0,4.7,4.0,2.5,3.5,2.5,3.9,2.5,1.0,1,2,1,1,1,7.3,6.9,4.2,7.2,9.1,7.6,1,1,Full-Stack Developer,1,SYNTHETIC,92.2,94.8
ST04287,Student ST04287,Mechanical,8,7.46,77.9,72.4,0,6.9,7.6,5.6,2.3,7.2,4.5,3.8,6.3,3,3,1,0,0,7.5,6.3,3.6,6.5,4.2,4.6,1,0,Data Analyst,1,SYNTHETIC,86.2,85.3
ST04288,Student ST04288,ISE,7,6.67,69.8,66.1,0,2.5,1.7,4.5,2.2,3.3,2.1,2.4,2.5,0,1,1,0,0,5.9,6.4,3.0,5.2,5.7,2.1,0,0,AI/ML Engineer,1,SYNTHETIC,90.1,63.5
ST04289,Student ST04289,CSE,7,8.21,80.9,77.4,0,6.8,6.4,9.8,6.4,2.1,8.3,3.0,7.1,2,1,2,2,1,6.8,8.1,6.0,4.4,3.8,6.0,1,0,AI/ML Engineer,1,SYNTHETIC,84.9,86.8
ST04290,Student ST04290,ISE,7,7.19,73.7,69.5,0,3.9,4.9,3.8,5.1,1.0,3.4,1.0,2.6,1,3,1,0,0,6.5,7.1,4.9,5.5,4.5,5.4,0,0,AI/ML Engineer,1,SYNTHETIC,92.9,81.6
ST04291,Student ST04291,CSE,7,7.41,70.5,73.5,0,5.1,4.9,3.9,7.0,3.4,3.6,1.0,4.1,2,2,2,1,0,7.3,7.3,6.1,6.3,7.5,7.4,2,0,Data Analyst,1,SYNTHETIC,90.3,91.2
ST04292,Student ST04292,ECE,7,7.13,77.8,69.9,0,4.7,7.1,5.1,4.9,3.5,3.6,6.2,4.0,1,1,1,1,0,4.8,6.6,3.9,8.1,8.5,5.5,1,0,Data Analyst,1,SYNTHETIC,92.4,93.1
ST04293,Student ST04293,ECE,8,9.84,87.6,97.0,0,6.8,6.5,6.4,6.8,2.5,3.2,3.2,4.8,0,2,2,1,0,8.4,6.7,6.0,5.8,6.3,6.2,0,0,Cloud/DevOps Engineer,1,SYNTHETIC,92.2,62.7
ST04294,Student ST04294,ECE,8,7.78,79.3,74.3,0,6.6,5.7,6.5,5.4,5.3,5.0,3.3,1.9,0,3,2,0,1,7.9,7.0,4.9,7.2,6.7,6.7,1,0,Data Analyst,1,SYNTHETIC,81.1,80.3
ST04295,Student ST04295,ECE,8,7.07,68.2,75.9,0,4.4,4.6,5.7,6.5,2.6,4.7,3.4,1.0,0,1,2,1,0,5.7,4.9,4.8,6.6,7.7,5.1,1,0,AI/ML Engineer,1,SYNTHETIC,93.2,64.5
ST04296,Student ST04296,CSE,7,7.9,77.2,79.3,0,5.9,5.7,6.7,7.2,5.6,3.4,5.5,2.3,0,2,2,1,1,8.0,9.0,6.1,4.4,4.0,6.2,1,0,Cloud/DevOps Engineer,1,SYNTHETIC,87.2,72.9
ST04297,Student ST04297,CSE,7,6.92,66.5,71.7,0,3.4,6.9,4.7,4.1,4.0,4.8,1.2,1.0,0,3,1,0,0,8.0,5.7,3.1,5.3,4.4,4.1,0,0,Cloud/DevOps Engineer,1,SYNTHETIC,86.8,62.6
ST04298,Student ST04298,CSE,8,7.97,91.7,86.4,0,4.3,5.0,5.2,3.6,4.3,2.7,1.9,1.9,3,6,1,0,1,6.4,8.2,3.7,7.8,6.6,6.1,0,1,AI/ML Engineer,0,SYNTHETIC,88.9,85.9
ST04299,Student ST04299,CSE,8,8.82,85.7,80.6,0,8.1,5.9,6.0,6.0,4.6,6.2,5.2,3.5,1,4,2,1,0,8.2,4.6,7.1,6.2,5.5,6.3,4,0,QA Specialist,0,SYNTHETIC,96.3,77.4
ST04300,Student ST04300,ISE,7,6.22,63.2,67.0,0,5.2,5.2,7.2,6.9,4.0,3.8,5.8,1.3,1,1,2,0,1,3.8,5.3,5.2,3.2,3.1,4.7,0,0,Full-Stack Developer,0,SYNTHETIC,81.5,77.5
ST04301,Student ST04301,CSE,7,7.88,77.7,80.7,0,5.3,6.3,6.0,2.4,5.6,4.6,2.1,1.8,0,4,1,0,2,7.3,6.9,4.2,7.2,7.6,5.3,0,1,Full-Stack Developer,1,SYNTHETIC,83.9,68.7
ST04302,Student ST04302,CSE,8,7.73,80.6,76.8,0,4.9,3.8,5.1,6.5,3.4,4.1,2.9,5.6,4,1,2,0,2,5.8,7.4,5.8,5.8,5.4,5.1,0,0,Cybersecurity Specialist,1,SYNTHETIC,87.7,78.1
ST04303,Student ST04303,Mechanical,8,7.45,73.2,76.5,0,7.1,3.5,3.3,4.8,4.2,4.0,5.0,2.7,1,1,2,1,1,6.5,4.4,5.1,6.1,4.2,5.0,0,0,Data Analyst,0,SYNTHETIC,80.5,63.2
ST04304,Student ST04304,CSE,7,8.83,90.8,85.7,0,5.2,4.8,5.4,5.8,4.5,5.0,4.4,2.8,2,2,2,1,1,5.2,6.7,5.6,5.8,5.4,5.9,0,0,AI/ML Engineer,1,SYNTHETIC,87.7,77.4
ST04305,Student ST04305,ISE,8,6.58,70.4,76.7,0,4.8,4.9,5.3,3.7,5.4,5.4,2.6,2.2,2,2,1,0,1,5.7,5.6,4.4,5.1,5.0,4.7,0,0,Cloud/DevOps Engineer,0,SYNTHETIC,83.1,76.0
ST04306,Student ST04306,ISE,8,7.63,76.3,69.7,0,6.5,3.9,5.4,7.5,4.5,6.1,3.8,1.3,2,1,2,1,0,4.8,5.5,7.2,8.5,7.3,7.4,1,0,Data Analyst,1,SYNTHETIC,92.2,94.4
ST04307,Student ST04307,Mechanical,7,7.85,78.6,78.8,0,4.5,5.6,6.9,5.1,7.2,4.2,3.2,2.4,1,3,1,1,0,8.0,7.7,5.1,8.4,8.0,5.9,1,1,AI/ML Engineer,1,SYNTHETIC,78.8,67.2
ST04308,Student ST04308,CSE,8,6.34,65.9,66.9,1,1.2,2.9,4.1,5.9,3.5,6.3,1.4,2.6,1,3,1,0,0,7.3,5.0,4.3,6.0,5.4,3.8,1,0,Full-Stack Developer,0,SYNTHETIC,88.2,61.1
ST04309,Student ST04309,ISE,8,7.07,74.2,65.1,0,4.3,6.0,4.4,3.4,1.6,1.0,1.1,1.9,0,6,1,0,0,8.1,5.7,3.0,4.4,4.9,5.8,0,0,AI/ML Engineer,1,SYNTHETIC,81.8,79.6
ST04310,Student ST04310,ISE,8,7.9,85.8,80.9,0,6.0,5.3,6.7,4.5,3.9,3.2,2.2,5.3,1,3,2,0,0,5.1,5.3,5.7,5.9,6.3,5.7,1,0,AI/ML Engineer,1,SYNTHETIC,85.8,68.2
ST04311,Student ST04311,Mechanical,7,6.45,64.9,66.5,0,4.4,5.1,4.3,2.8,2.3,6.1,3.6,1.0,3,3,1,0,0,6.9,5.2,2.8,4.9,4.9,3.3,0,0,Data Analyst,0,SYNTHETIC,89.4,81.4
ST04312,Student ST04312,ISE,7,5.94,66.5,62.2,0,2.8,5.5,4.4,3.8,3.1,3.6,3.8,1.0,0,2,1,0,0,5.4,6.0,2.5,5.9,5.6,3.2,1,0,Full-Stack Developer,0,SYNTHETIC,78.1,71.9
ST04313,Student ST04313,ECE,7,7.63,74.8,77.7,0,6.5,5.7,5.8,5.6,5.9,4.1,5.7,2.5,2,6,2,0,1,5.2,6.2,6.6,5.3,3.9,6.3,2,0,QA Specialist,1,SYNTHETIC,98.1,67.4
ST04314,Student ST04314,ISE,8,8.76,90.7,90.1,0,7.8,7.3,4.8,6.8,3.3,4.5,4.4,3.7,0,1,2,2,0,7.6,8.8,7.2,7.9,5.3,8.0,1,1,Cybersecurity Specialist,1,SYNTHETIC,94.7,75.7
ST04315,Student ST04315,CSE,8,6.96,65.5,72.5,0,6.1,6.7,5.8,7.3,3.9,3.5,3.0,4.2,0,4,2,1,1,5.5,6.1,6.5,6.2,6.4,7.7,0,0,Data Analyst,0,SYNTHETIC,89.2,87.2
ST04316,Student ST04316,CSE,8,6.04,62.2,61.8,0,2.3,5.2,3.7,3.7,4.5,4.5,3.7,4.0,0,5,1,0,1,4.5,4.8,3.3,4.4,4.3,3.6,2,0,Full-Stack Developer,0,SYNTHETIC,87.8,85.7
ST04317,Student ST04317,ISE,7,9.95,98.0,97.0,0,8.0,8.6,7.1,7.4,5.5,5.0,4.0,4.5,0,3,2,0,1,7.9,7.3,6.4,6.1,7.3,8.5,0,0,Full-Stack Developer,1,SYNTHETIC,90.7,87.8
ST04318,Student ST04318,ISE,7,6.56,73.5,69.9,0,6.2,4.7,5.7,5.0,6.5,5.2,4.2,3.1,1,3,2,1,0,5.9,6.0,5.4,6.3,4.8,6.5,0,0,Data Analyst,1,SYNTHETIC,76.5,91.2
ST04319,Student ST04319,ECE,8,7.9,73.2,75.4,0,5.9,4.3,4.5,4.6,5.6,7.0,3.5,1.0,0,3,1,0,0,6.0,6.6,5.5,7.4,6.3,5.4,0,1,Full-Stack Developer,1,SYNTHETIC,94.2,91.5
ST04320,Student ST04320,ECE,8,6.99,77.8,74.7,0,5.0,5.9,6.3,4.2,2.5,4.2,4.6,4.2,0,1,1,0,0,7.1,5.9,5.2,6.2,6.5,4.7,0,0,Cloud/DevOps Engineer,1,SYNTHETIC,94.7,73.1
ST04321,Student ST04321,ISE,8,7.83,79.2,75.9,0,4.9,7.5,5.4,6.2,4.3,6.0,6.2,4.1,1,3,2,1,0,6.0,7.3,5.3,7.5,7.8,6.3,1,1,Data Analyst,1,SYNTHETIC,81.3,92.7
ST04322,Student ST04322,ISE,8,7.6,71.7,79.0,0,5.1,5.2,3.2,2.2,1.2,3.4,2.8,1.0,0,1,1,0,0,5.1,5.8,4.2,6.7,4.9,4.9,2,0,Cloud/DevOps Engineer,1,SYNTHETIC,94.9,60.8
ST04323,Student ST04323,CSE,8,5.36,64.7,59.0,0,3.8,5.3,4.1,3.1,2.9,2.9,4.0,1.6,2,3,1,0,1,5.7,5.2,3.2,3.9,5.8,3.7,3,0,AI/ML Engineer,0,SYNTHETIC,75.7,76.3
ST04324,Student ST04324,Mechanical,8,8.18,79.2,80.7,0,5.1,7.3,8.9,7.5,6.6,3.8,3.3,3.9,1,1,2,2,1,7.5,6.1,6.7,5.4,5.7,6.1,1,0,Data Analyst,1,SYNTHETIC,87.7,94.4
ST04325,Student ST04325,ISE,7,7.81,74.9,81.2,0,6.4,6.9,2.7,6.7,4.9,4.9,4.6,2.8,1,2,2,0,0,6.1,8.6,6.8,5.2,6.8,5.3,1,0,Full-Stack Developer,1,SYNTHETIC,76.3,86.2
ST04326,Student ST04326,CSE,7,7.48,73.1,72.5,0,5.2,5.5,6.1,6.2,3.7,4.7,3.0,1.5,2,4,2,1,1,4.6,6.8,6.5,6.9,5.0,5.4,1,0,Cybersecurity Specialist,1,SYNTHETIC,80.1,66.6
ST04327,Student ST04327,Mechanical,8,6.79,65.8,71.2,0,6.5,3.6,3.4,1.6,1.0,5.9,3.7,2.3,0,2,1,0,0,6.4,5.6,2.7,5.9,5.8,5.3,0,0,QA Specialist,1,SYNTHETIC,87.7,73.5
ST04328,Student ST04328,ISE,8,7.12,68.2,78.2,0,3.7,6.1,5.4,5.9,3.5,3.8,4.2,3.3,1,1,1,0,0,4.1,5.4,6.5,4.5,3.6,4.9,1,0,QA Specialist,0,SYNTHETIC,84.5,88.2
ST04329,Student ST04329,CSE,8,7.79,79.0,74.7,0,6.0,6.1,5.3,7.5,2.6,4.0,6.8,2.7,0,2,2,0,0,5.6,7.0,7.6,6.6,6.0,7.5,1,0,Cloud/DevOps Engineer,1,SYNTHETIC,79.8,69.3
ST04330,Student ST04330,CSE,7,8.2,81.6,82.2,0,6.4,7.9,8.0,9.2,2.5,6.0,5.8,4.5,0,6,2,2,0,5.7,7.1,7.6,6.3,6.2,7.1,1,0,Cybersecurity Specialist,1,SYNTHETIC,94.5,84.7
ST04331,Student ST04331,ECE,7,6.87,67.4,72.7,0,4.1,2.9,6.8,1.6,1.7,4.4,2.1,3.3,1,3,1,0,0,6.8,6.6,2.0,7.7,8.4,6.1,0,0,AI/ML Engineer,0,SYNTHETIC,87.5,78.4
ST04332,Student ST04332,ECE,7,8.11,82.1,77.4,0,5.5,3.6,2.8,4.9,7.1,4.4,2.0,3.3,0,1,1,0,0,5.8,5.9,4.0,6.9,5.5,5.6,0,0,AI/ML Engineer,1,SYNTHETIC,84.2,83.5
ST04333,Student ST04333,ECE,7,6.99,72.9,77.4,0,4.5,3.4,6.8,4.7,2.3,1.7,2.3,1.9,1,2,1,0,0,5.4,5.7,4.8,4.8,3.5,6.0,0,0,Data Analyst,0,SYNTHETIC,95.8,61.2
ST04334,Student ST04334,CSE,8,6.66,66.9,65.2,0,3.0,2.9,5.0,3.2,4.0,5.0,3.2,1.0,1,2,1,0,0,4.9,4.6,2.7,3.1,2.0,5.3,0,0,Cloud/DevOps Engineer,0,SYNTHETIC,91.0,63.6
ST04335,Student ST04335,CSE,8,7.87,74.9,87.0,0,3.9,3.9,4.5,5.2,3.9,3.6,4.2,1.0,4,3,1,0,1,7.3,6.3,4.8,5.7,3.9,6.0,0,0,Cloud/DevOps Engineer,0,SYNTHETIC,93.3,64.1
ST04336,Student ST04336,ISE,8,6.68,63.1,70.6,1,6.0,4.6,3.6,5.3,3.6,2.9,2.0,2.2,1,6,2,1,1,5.6,5.7,5.3,8.1,7.7,7.5,0,0,Data Analyst,0,SYNTHETIC,95.5,92.0
ST04337,Student ST04337,ECE,8,6.04,55.0,62.5,0,4.2,4.7,4.5,4.2,1.0,1.0,3.1,1.7,1,3,1,0,0,6.8,4.7,4.5,5.3,7.2,3.4,1,0,AI/ML Engineer,0,SYNTHETIC,91.3,70.8
ST04338,Student ST04338,CSE,8,6.94,67.8,72.0,0,4.8,3.6,4.9,6.0,1.7,4.5,1.9,1.5,1,1,2,1,0,6.2,4.7,5.7,6.3,6.4,5.2,1,0,QA Specialist,0,SYNTHETIC,84.7,84.8
ST04339,Student ST04339,ECE,8,7.41,82.4,76.4,0,5.8,7.6,7.8,7.5,3.8,5.5,1.8,2.4,0,2,2,0,0,6.6,6.2,7.1,7.5,7.7,7.7,0,0,Cybersecurity Specialist,1,SYNTHETIC,94.6,76.1
ST04340,Student ST04340,CSE,7,7.82,78.5,78.0,0,5.2,5.2,3.7,4.5,3.7,4.4,1.0,5.2,0,1,1,1,1,8.1,9.0,5.3,5.8,6.3,3.9,2,0,QA Specialist,1,SYNTHETIC,81.3,72.8
ST04341,Student ST04341,CSE,8,6.39,69.3,63.9,0,4.4,7.5,2.8,4.1,3.8,4.3,2.2,1.5,0,1,1,0,3,6.3,5.7,2.9,7.3,7.0,5.4,2,0,Cybersecurity Specialist,1,SYNTHETIC,94.9,64.2
ST04342,Student ST04342,CSE,8,7.42,76.0,68.6,0,4.2,4.4,2.1,4.5,1.6,4.2,1.0,5.1,3,1,1,0,1,4.9,6.2,4.3,5.7,4.4,6.2,1,0,Cybersecurity Specialist,1,SYNTHETIC,80.3,85.7
ST04343,Student ST04343,CSE,7,6.82,77.9,66.3,0,5.2,6.3,5.8,3.5,3.9,4.5,2.4,1.7,0,5,1,0,0,7.6,5.5,4.3,6.6,7.0,4.7,1,0,Data Analyst,1,SYNTHETIC,80.2,85.8
ST04344,Student ST04344,ECE,7,5.71,58.4,62.2,0,3.6,3.1,3.7,5.6,3.9,1.6,1.0,1.0,1,1,1,0,1,5.1,5.6,4.1,6.0,5.8,5.4,0,0,Cybersecurity Specialist,0,SYNTHETIC,93.2,67.0
ST04345,Student ST04345,ECE,7,7.38,74.5,68.5,0,6.6,5.2,5.4,5.2,2.0,3.7,6.0,4.2,4,1,2,0,0,4.9,7.3,6.3,5.8,3.5,5.4,0,0,QA Specialist,0,SYNTHETIC,98.0,85.1
ST04346,Student ST04346,Mechanical,7,7.28,75.4,75.4,0,5.7,4.4,4.2,5.6,2.3,4.9,2.4,1.0,2,1,2,0,0,5.3,6.3,5.8,5.1,6.5,5.7,1,0,QA Specialist,1,SYNTHETIC,90.9,80.0
ST04347,Student ST04347,ECE,7,7.37,74.0,76.7,0,6.2,4.2,4.1,3.7,1.4,4.5,4.5,6.8,0,4,1,0,0,4.4,5.5,4.8,8.1,7.0,6.3,0,1,AI/ML Engineer,0,SYNTHETIC,93.0,77.3
ST04348,Student ST04348,ECE,8,6.02,58.5,62.4,1,3.2,4.8,4.5,5.3,3.6,2.5,4.3,2.3,1,2,1,0,0,4.9,6.9,4.5,5.3,5.5,5.0,1,0,Data Analyst,0,SYNTHETIC,92.6,64.2
ST04349,Student ST04349,ISE,7,5.66,55.0,60.0,0,4.8,4.2,4.1,3.0,1.0,1.0,1.0,2.2,1,1,1,0,1,7.1,4.5,3.6,7.1,5.4,5.5,1,1,AI/ML Engineer,0,SYNTHETIC,80.1,79.4
ST04350,Student ST04350,CSE,7,7.29,68.7,73.5,0,4.2,6.6,3.7,8.4,4.6,5.5,3.3,1.0,1,1,2,0,1,4.6,5.3,7.7,6.1,6.7,6.2,2,0,Cybersecurity Specialist,1,SYNTHETIC,89.9,83.0
ST04351,Student ST04351,CSE,8,6.64,66.1,65.1,0,5.5,2.7,5.3,3.6,1.7,4.3,5.7,2.6,3,2,1,0,2,4.7,5.3,3.8,3.1,2.7,2.6,2,0,Full-Stack Developer,1,SYNTHETIC,75.2,81.4
ST04352,Student ST04352,Mechanical,8,6.61,58.7,67.6,0,5.6,3.8,4.4,6.9,2.8,3.0,1.6,2.5,3,3,2,0,0,5.7,9.0,6.2,7.7,7.3,7.3,1,1,QA Specialist,1,SYNTHETIC,96.0,87.3
ST04353,Student ST04353,ECE,7,7.38,67.8,78.0,0,3.9,5.5,2.9,6.3,1.5,1.0,2.3,2.6,0,2,1,0,0,5.6,7.7,6.2,6.5,5.5,5.2,0,0,AI/ML Engineer,1,SYNTHETIC,91.8,91.8
ST04354,Student ST04354,Mechanical,7,8.26,88.4,82.0,0,5.6,5.7,5.3,5.8,4.8,5.5,3.7,3.2,0,1,2,2,0,5.3,5.9,5.3,4.3,5.2,5.8,0,0,AI/ML Engineer,1,SYNTHETIC,89.8,71.3
ST04355,Student ST04355,ISE,8,8.01,79.5,81.2,0,7.8,7.8,7.7,6.5,4.7,6.2,5.3,3.3,1,4,2,1,1,7.9,7.7,7.5,3.7,4.6,6.9,0,0,AI/ML Engineer,1,SYNTHETIC,81.6,70.8
ST04356,Student ST04356,CSE,7,7.55,74.2,79.2,0,5.3,6.3,8.6,5.2,4.5,5.7,4.4,6.4,1,1,2,1,0,6.8,7.0,6.3,6.9,6.8,6.7,2,0,Full-Stack Developer,1,SYNTHETIC,85.8,65.1
ST04357,Student ST04357,CSE,7,6.81,67.3,67.7,0,2.6,4.3,1.8,1.0,1.2,1.7,3.0,4.1,1,4,1,0,0,5.0,5.8,2.1,6.9,7.0,3.8,0,0,Cybersecurity Specialist,0,SYNTHETIC,87.6,87.3
ST04358,Student ST04358,ECE,8,6.95,69.1,73.5,0,5.5,5.0,2.3,2.8,1.7,3.9,1.0,1.0,1,2,1,0,0,4.5,5.0,3.7,7.9,6.5,6.0,1,1,Data Analyst,0,SYNTHETIC,76.1,88.0
ST04359,Student ST04359,ECE,7,8.25,85.3,80.2,0,6.1,6.7,5.7,6.1,4.4,5.2,2.1,5.9,2,1,2,0,0,6.7,6.7,5.1,5.0,5.6,5.6,0,0,AI/ML Engineer,1,SYNTHETIC,93.7,61.4
ST04360,Student ST04360,ISE,7,7.2,75.1,70.0,0,4.1,2.8,2.3,2.8,1.1,4.0,1.0,1.0,3,2,1,0,0,6.1,4.9,2.2,4.5,3.6,2.2,0,0,Data Analyst,0,SYNTHETIC,80.9,67.2
ST04361,Student ST04361,ECE,7,6.2,67.9,64.6,0,4.7,3.8,3.2,4.3,5.0,3.1,3.0,3.8,2,1,1,0,0,5.3,4.3,3.8,8.3,7.1,7.5,0,1,Cybersecurity Specialist,0,SYNTHETIC,95.2,87.5
ST04362,Student ST04362,Mechanical,7,7.29,83.8,74.9,0,5.0,1.6,3.8,6.4,2.2,4.2,1.4,3.4,0,1,2,0,1,7.1,6.6,6.0,8.6,8.9,6.7,0,1,Data Analyst,0,SYNTHETIC,88.6,89.4
ST04363,Student ST04363,ECE,8,7.13,66.6,72.1,0,3.3,3.6,7.6,8.4,4.5,5.3,6.9,3.8,1,6,2,0,1,7.0,6.3,5.6,6.4,7.6,5.8,0,0,AI/ML Engineer,1,SYNTHETIC,97.1,68.2
ST04364,Student ST04364,ISE,7,5.67,58.4,54.1,0,2.2,1.0,3.8,2.2,1.9,5.6,1.3,1.9,0,4,1,0,1,5.1,4.3,1.6,5.6,5.4,3.5,0,0,AI/ML Engineer,0,SYNTHETIC,97.3,70.3
ST04365,Student ST04365,Mechanical,7,8.05,83.7,85.2,0,6.8,1.5,1.0,4.2,3.1,4.6,3.8,1.0,0,1,2,2,0,7.3,7.5,4.7,5.6,5.8,5.2,2,0,Cybersecurity Specialist,1,SYNTHETIC,98.5,71.0
ST04366,Student ST04366,ECE,8,7.89,80.0,80.3,0,4.8,3.9,5.7,8.4,4.8,4.0,4.7,2.8,1,6,2,0,0,4.1,7.0,7.5,6.5,5.7,6.4,0,0,AI/ML Engineer,1,SYNTHETIC,97.6,80.8
ST04367,Student ST04367,Mechanical,8,6.72,66.9,64.6,0,5.1,2.6,2.8,4.1,1.1,4.2,3.4,3.3,2,3,1,0,0,5.4,5.8,4.3,8.5,8.0,5.9,1,0,Full-Stack Developer,1,SYNTHETIC,78.2,80.3
ST04368,Student ST04368,CSE,8,9.25,89.7,84.6,0,5.9,7.9,5.9,4.7,3.7,5.0,3.5,1.0,1,3,2,2,0,7.9,7.8,3.9,6.6,5.6,6.3,0,0,AI/ML Engineer,1,SYNTHETIC,94.0,84.3
ST04369,Student ST04369,Mechanical,8,6.13,64.7,69.1,0,4.7,5.5,4.5,6.1,4.2,6.5,3.4,2.7,1,3,2,1,0,4.8,4.2,5.3,6.5,5.4,4.8,0,0,Cybersecurity Specialist,0,SYNTHETIC,80.1,95.0
ST04370,Student ST04370,CSE,7,6.86,72.7,69.3,0,6.4,8.4,4.1,5.1,4.0,6.9,2.7,3.8,3,3,2,0,1,7.0,6.3,6.0,5.8,5.1,5.2,1,0,Cloud/DevOps Engineer,1,SYNTHETIC,96.2,68.3
ST04371,Student ST04371,Mechanical,8,7.49,77.7,73.0,0,4.2,5.0,5.8,7.6,2.9,5.2,6.2,2.9,1,1,2,0,0,5.2,6.2,6.6,7.7,8.9,6.4,1,1,Cloud/DevOps Engineer,1,SYNTHETIC,98.9,94.4
ST04372,Student ST04372,ECE,7,6.55,70.3,66.3,0,5.4,3.6,5.0,4.2,1.6,3.9,2.6,1.7,2,4,1,0,0,6.2,7.1,5.0,5.7,5.0,6.2,0,0,QA Specialist,1,SYNTHETIC,90.3,68.1
ST04373,Student ST04373,CSE,7,8.57,91.4,89.8,0,5.4,2.2,5.2,4.7,1.8,2.7,1.8,3.2,2,4,1,0,0,8.1,6.2,4.3,6.1,5.1,5.0,0,0,Data Analyst,1,SYNTHETIC,82.5,61.4
ST04374,Student ST04374,ECE,8,5.86,66.7,61.3,0,2.9,4.1,2.6,4.1,2.3,1.6,2.2,2.7,0,6,1,1,0,4.7,5.6,4.3,4.4,3.6,2.9,1,0,Full-Stack Developer,0,SYNTHETIC,75.7,80.5
ST04375,Student ST04375,ISE,7,6.28,63.6,64.0,0,3.9,3.6,3.7,2.8,2.3,2.6,4.0,1.0,1,4,1,0,0,6.1,4.9,3.9,6.7,6.3,4.0,0,0,Cloud/DevOps Engineer,0,SYNTHETIC,90.5,94.1
ST04376,Student ST04376,ISE,7,7.26,69.8,78.0,0,5.2,1.6,4.6,3.3,3.8,4.2,4.0,1.9,2,3,1,0,0,6.2,4.4,4.3,7.9,7.7,5.2,0,0,Cloud/DevOps Engineer,0,SYNTHETIC,76.4,81.8
ST04377,Student ST04377,CSE,7,7.6,74.8,74.3,0,6.3,5.4,4.5,4.1,5.7,4.5,2.5,6.1,2,1,1,0,1,3.6,5.5,4.6,3.8,4.0,3.7,0,0,Full-Stack Developer,0,SYNTHETIC,95.3,69.3
ST04378,Student ST04378,ISE,7,9.36,94.2,90.5,0,5.9,5.9,9.4,7.4,3.9,8.4,4.0,5.6,3,2,2,3,0,7.9,8.3,7.1,7.1,8.5,7.7,0,0,QA Specialist,1,SYNTHETIC,78.2,67.9
ST04379,Student ST04379,Mechanical,8,7.71,75.9,68.5,0,4.0,4.0,2.8,3.6,2.3,3.1,2.3,3.8,5,6,1,0,1,5.4,8.5,4.4,5.6,4.5,3.3,0,0,AI/ML Engineer,0,SYNTHETIC,98.3,82.1
ST04380,Student ST04380,ISE,8,5.99,73.2,70.3,1,2.0,4.1,4.6,4.4,3.7,2.2,1.0,2.5,0,6,1,0,0,6.2,3.9,4.3,6.2,4.4,4.7,0,0,Full-Stack Developer,1,SYNTHETIC,82.0,64.9
ST04381,Student ST04381,ECE,8,5.99,65.3,65.8,0,4.1,5.3,4.6,2.2,2.1,4.0,2.8,4.0,0,1,1,0,0,5.6,4.3,3.8,10.0,7.7,6.1,1,0,QA Specialist,1,SYNTHETIC,86.5,70.7
ST04382,Student ST04382,ECE,7,7.91,84.3,78.0,0,4.4,3.7,5.8,4.1,2.3,2.7,2.7,2.6,1,3,1,0,0,5.2,6.2,5.2,5.6,5.8,5.8,0,0,Full-Stack Developer,0,SYNTHETIC,98.7,79.4
ST04383,Student ST04383,ECE,8,7.96,80.9,76.6,0,4.5,5.6,4.0,4.1,3.8,4.4,1.8,1.0,1,5,1,0,3,6.8,7.1,5.7,5.6,5.7,5.3,0,0,Cybersecurity Specialist,0,SYNTHETIC,98.1,84.8
ST04384,Student ST04384,CSE,7,6.94,72.6,75.2,0,4.4,5.3,5.2,4.3,5.5,5.0,4.4,2.1,1,2,1,0,0,5.9,6.4,4.7,7.1,5.7,5.4,1,1,Full-Stack Developer,0,SYNTHETIC,79.4,67.7
ST04385,Student ST04385,Mechanical,7,6.59,61.9,67.8,0,5.2,3.5,2.9,1.1,4.4,4.3,3.3,3.3,2,3,1,0,0,6.5,6.0,2.5,6.3,7.0,5.1,0,0,Full-Stack Developer,0,SYNTHETIC,76.2,70.6
ST04386,Student ST04386,CSE,7,7.34,73.8,77.4,0,4.8,6.3,5.2,6.3,5.4,6.0,4.5,2.0,0,3,2,2,0,5.0,5.0,5.5,6.2,5.6,5.5,0,0,Full-Stack Developer,0,SYNTHETIC,95.4,61.5
ST04387,Student ST04387,CSE,8,7.89,78.1,80.2,0,7.4,4.7,6.0,7.8,6.0,5.1,4.7,3.2,5,3,2,1,0,7.6,7.9,7.5,6.1,5.5,7.5,3,0,Cloud/DevOps Engineer,1,SYNTHETIC,77.0,91.3
ST04388,Student ST04388,CSE,7,8.26,85.0,74.6,0,6.4,4.9,6.9,6.4,3.3,5.4,5.7,5.1,0,1,2,2,0,6.3,9.0,6.7,7.9,4.8,6.6,0,1,Cloud/DevOps Engineer,1,SYNTHETIC,97.0,65.0
ST04389,Student ST04389,CSE,8,6.48,68.5,70.6,0,6.1,5.8,4.9,2.6,3.2,4.6,3.4,1.0,1,3,1,1,0,6.6,6.2,3.8,6.5,5.0,5.8,1,0,Data Analyst,1,SYNTHETIC,78.6,72.8
ST04390,Student ST04390,ECE,8,8.18,79.3,75.7,0,5.8,6.7,6.4,6.1,3.7,5.7,2.6,4.6,2,1,2,0,0,9.2,8.4,5.8,6.0,5.1,6.4,1,0,QA Specialist,1,SYNTHETIC,77.7,89.2
ST04391,Student ST04391,ISE,8,6.78,70.4,73.2,0,5.9,5.3,4.9,2.8,3.2,5.2,1.4,5.9,2,2,1,0,0,6.6,7.5,5.1,5.4,4.6,5.1,0,0,QA Specialist,1,SYNTHETIC,85.8,84.5
ST04392,Student ST04392,Mechanical,7,8.61,81.1,84.6,0,7.0,4.2,4.0,7.3,4.1,3.1,2.1,2.9,1,2,2,1,1,6.5,7.5,8.9,5.2,2.6,6.2,0,0,Cybersecurity Specialist,0,SYNTHETIC,96.3,77.9
ST04393,Student ST04393,CSE,8,7.44,80.3,71.6,0,5.1,4.2,5.4,4.0,4.7,2.8,1.0,1.4,2,3,1,1,0,3.3,6.0,4.1,6.7,7.3,7.6,0,0,AI/ML Engineer,0,SYNTHETIC,87.0,61.2
ST04394,Student ST04394,CSE,8,8.36,84.8,80.1,0,7.9,5.4,8.0,7.2,4.1,5.1,7.5,5.0,0,2,2,3,0,4.3,7.8,8.6,7.3,7.2,7.9,0,0,Data Analyst,1,SYNTHETIC,84.8,85.1
ST04395,Student ST04395,ECE,8,8.67,81.8,82.0,0,5.3,5.3,6.4,6.7,4.4,5.2,2.7,1.0,1,6,2,0,0,8.9,7.8,5.5,6.1,5.3,7.2,1,0,QA Specialist,0,SYNTHETIC,98.7,84.6
ST04396,Student ST04396,CSE,7,6.5,74.0,69.8,0,5.1,5.4,3.9,4.3,1.8,4.5,3.8,7.1,3,1,1,0,0,5.1,5.9,4.4,6.7,5.2,4.7,1,0,QA Specialist,1,SYNTHETIC,78.7,65.8
ST04397,Student ST04397,Mechanical,7,7.4,75.3,81.1,0,4.8,5.7,6.0,3.3,1.0,5.8,2.1,4.9,2,2,1,1,0,6.0,8.8,4.1,3.1,2.9,2.6,1,0,Cybersecurity Specialist,0,SYNTHETIC,83.9,67.8
ST04398,Student ST04398,CSE,8,7.9,81.8,82.1,0,5.8,3.8,5.8,4.8,5.6,3.2,2.7,4.6,1,1,2,0,1,4.9,6.3,5.8,6.2,7.4,5.3,1,0,Cloud/DevOps Engineer,0,SYNTHETIC,83.0,81.8
ST04399,Student ST04399,Mechanical,7,8.68,85.9,81.9,0,4.7,4.2,7.2,8.3,4.0,6.8,5.3,1.5,2,3,2,0,0,6.1,6.2,6.9,6.2,5.5,4.8,1,0,Cloud/DevOps Engineer,1,SYNTHETIC,97.7,68.1
ST04400,Student ST04400,ISE,7,7.06,70.8,66.9,0,3.0,7.8,6.7,5.0,3.7,4.9,4.6,3.1,1,3,1,3,0,6.0,6.4,3.9,6.0,6.4,5.5,0,0,Full-Stack Developer,1,SYNTHETIC,85.7,72.4
ST04401,Student ST04401,CSE,8,7.85,84.4,80.5,0,6.5,5.2,5.0,4.6,4.0,4.9,1.3,2.2,0,1,2,0,0,7.3,7.7,4.5,5.3,4.8,6.6,0,0,QA Specialist,1,SYNTHETIC,98.4,87.2
ST04402,Student ST04402,Mechanical,7,5.95,67.1,60.6,0,4.5,3.9,5.3,4.8,2.8,3.9,4.1,1.3,3,1,1,0,0,6.2,5.7,5.2,6.3,5.4,5.1,0,0,AI/ML Engineer,1,SYNTHETIC,96.3,71.8
ST04403,Student ST04403,Mechanical,7,6.76,73.5,75.3,0,6.0,1.1,4.0,7.1,2.2,4.6,4.4,4.7,1,2,2,1,1,6.7,6.1,6.1,4.3,4.7,6.7,1,0,Cloud/DevOps Engineer,0,SYNTHETIC,89.8,77.1
ST04404,Student ST04404,CSE,7,7.36,79.3,72.6,0,3.5,5.2,7.6,4.2,3.6,4.1,4.0,2.6,2,2,1,0,0,6.0,5.8,2.6,5.9,5.1,4.8,0,0,Full-Stack Developer,1,SYNTHETIC,75.6,90.9
ST04405,Student ST04405,ECE,7,7.19,70.9,63.1,0,5.9,3.7,5.2,5.1,3.5,3.5,3.5,2.6,1,1,2,0,1,8.5,6.8,5.2,6.6,7.2,6.6,4,0,QA Specialist,1,SYNTHETIC,92.4,77.7
ST04406,Student ST04406,ISE,8,6.22,61.0,59.3,0,3.6,5.1,5.1,2.1,1.9,4.4,3.2,4.1,0,5,1,0,0,6.2,7.4,1.0,5.8,5.8,5.4,0,0,Data Analyst,0,SYNTHETIC,82.0,67.7
ST04407,Student ST04407,Mechanical,8,8.0,84.3,84.7,0,6.3,7.1,9.0,6.7,5.1,5.7,3.6,4.3,3,3,2,2,1,7.7,6.7,6.1,7.9,6.5,7.0,0,1,QA Specialist,1,SYNTHETIC,85.0,78.4
ST04408,Student ST04408,ISE,7,7.65,77.1,79.6,0,7.0,4.6,3.7,4.2,3.8,1.0,2.0,1.2,1,5,2,0,0,5.5,8.0,5.6,7.4,6.9,6.9,2,0,AI/ML Engineer,1,SYNTHETIC,79.5,85.8
ST04409,Student ST04409,Mechanical,8,6.28,66.6,68.6,0,5.5,4.7,6.4,3.7,2.0,5.0,2.2,1.3,3,2,1,0,0,6.7,5.7,5.0,8.6,8.7,5.2,0,0,Cybersecurity Specialist,1,SYNTHETIC,89.5,84.0
ST04410,Student ST04410,ISE,7,6.47,71.7,63.5,0,6.4,5.7,4.2,4.7,5.2,5.7,2.5,3.9,2,1,2,0,0,5.2,5.2,5.0,4.2,3.7,5.2,0,0,Cybersecurity Specialist,0,SYNTHETIC,84.4,73.5
ST04411,Student ST04411,ISE,7,6.98,71.1,73.3,0,3.3,2.0,5.4,2.9,1.8,4.1,1.4,1.0,1,1,1,0,0,5.8,8.2,4.2,9.2,8.7,5.9,1,1,Cybersecurity Specialist,0,SYNTHETIC,90.4,64.1
ST04412,Student ST04412,CSE,7,6.09,61.2,67.1,0,1.0,1.0,1.0,3.0,1.4,1.2,2.8,1.0,2,1,1,0,1,3.4,4.3,2.9,6.8,7.5,4.3,0,0,AI/ML Engineer,0,SYNTHETIC,77.2,74.5
ST04413,Student ST04413,Mechanical,7,6.51,69.2,66.5,0,5.2,5.7,4.1,2.6,4.5,6.2,1.0,1.4,1,1,1,0,1,7.0,6.4,3.3,7.0,6.2,7.2,0,0,Cloud/DevOps Engineer,0,SYNTHETIC,97.1,82.6
ST04414,Student ST04414,Mechanical,7,8.87,86.0,88.1,0,5.1,6.2,8.5,7.3,5.0,4.5,3.2,3.8,2,2,2,2,0,9.0,5.8,6.3,8.5,9.6,7.1,0,0,AI/ML Engineer,1,SYNTHETIC,77.6,90.9
ST04415,Student ST04415,ISE,8,7.18,76.2,72.8,0,5.2,7.1,5.6,4.7,5.1,3.7,4.2,4.3,1,2,1,0,1,9.2,6.2,4.7,8.8,8.7,7.2,1,1,Cloud/DevOps Engineer,1,SYNTHETIC,95.6,89.0
ST04416,Student ST04416,CSE,8,7.17,77.3,72.9,0,3.9,5.1,4.9,4.2,2.2,3.8,3.8,1.3,1,4,1,0,0,4.2,4.6,4.5,6.4,7.1,5.5,0,0,QA Specialist,1,SYNTHETIC,91.4,64.2
ST04417,Student ST04417,ECE,8,8.46,83.5,85.2,0,5.7,5.8,6.4,5.8,5.0,3.9,5.6,3.3,3,3,2,0,0,7.4,6.6,6.6,5.1,3.5,6.2,1,0,QA Specialist,1,SYNTHETIC,81.0,67.9
ST04418,Student ST04418,ECE,8,8.73,91.4,83.3,0,6.0,2.3,6.8,5.4,5.3,5.7,3.6,4.9,1,3,2,1,0,6.0,7.6,6.1,6.8,5.9,6.3,0,0,Cybersecurity Specialist,1,SYNTHETIC,92.8,84.2
ST04419,Student ST04419,CSE,8,7.22,70.7,69.7,0,5.6,3.7,4.4,5.9,3.0,5.5,3.8,4.2,1,3,2,0,2,7.6,5.9,4.8,3.4,3.2,5.4,0,0,Full-Stack Developer,0,SYNTHETIC,97.6,62.9
ST04420,Student ST04420,ISE,7,7.34,70.1,76.7,0,8.1,7.4,7.1,5.0,7.0,6.8,4.1,1.8,0,3,2,0,0,7.8,6.4,6.3,4.4,4.0,6.5,0,0,AI/ML Engineer,1,SYNTHETIC,87.1,84.2
ST04421,Student ST04421,CSE,7,6.67,61.4,66.8,0,4.4,6.9,5.0,5.9,5.4,3.4,5.1,3.8,2,2,1,0,0,8.1,5.8,5.2,4.5,6.9,3.5,0,0,Cloud/DevOps Engineer,0,SYNTHETIC,85.0,65.4
ST04422,Student ST04422,CSE,7,6.9,69.8,59.3,0,3.8,5.3,7.0,3.8,4.4,4.2,2.3,2.2,0,2,1,0,0,5.4,6.5,4.4,6.5,4.1,4.4,0,0,AI/ML Engineer,0,SYNTHETIC,76.1,73.1
ST04423,Student ST04423,CSE,7,8.05,80.4,78.9,0,5.3,4.7,5.6,4.0,3.5,5.2,5.0,5.6,3,1,1,0,0,5.5,7.7,4.1,7.7,8.0,6.1,0,0,Cloud/DevOps Engineer,1,SYNTHETIC,95.1,60.3
ST04424,Student ST04424,Mechanical,7,6.7,72.1,65.0,0,6.2,4.4,6.3,5.3,6.1,4.5,1.1,3.1,1,2,2,0,1,5.5,6.3,4.9,4.6,5.3,6.6,0,0,Data Analyst,1,SYNTHETIC,83.7,70.3
ST04425,Student ST04425,ISE,7,7.05,69.3,70.7,0,4.8,3.2,4.6,4.2,1.7,2.4,2.2,2.1,1,6,1,1,0,4.3,7.2,4.3,6.2,5.9,5.3,0,0,QA Specialist,0,SYNTHETIC,95.1,66.0
ST04426,Student ST04426,Mechanical,8,7.73,75.3,70.5,0,1.8,2.4,3.7,4.1,3.8,3.4,3.2,2.2,1,1,1,0,0,7.1,5.8,2.8,6.4,5.2,4.2,0,0,AI/ML Engineer,0,SYNTHETIC,87.3,72.0
ST04427,Student ST04427,CSE,8,7.07,65.5,75.8,0,4.5,4.1,5.7,3.9,4.6,5.7,3.5,4.4,0,3,1,1,0,5.7,5.8,3.9,5.1,4.5,5.5,1,0,Full-Stack Developer,0,SYNTHETIC,93.1,83.4
ST04428,Student ST04428,ISE,7,9.01,87.8,90.2,0,8.2,6.3,8.5,7.6,4.0,4.5,3.6,3.3,1,2,2,0,0,7.9,8.0,8.4,4.9,5.4,5.7,1,0,QA Specialist,1,SYNTHETIC,81.4,80.5
ST04429,Student ST04429,ISE,8,9.24,92.8,84.8,0,7.5,7.7,4.5,5.6,3.7,3.4,3.3,1.9,3,4,2,1,0,5.8,8.2,6.5,5.7,3.3,6.2,1,0,Cybersecurity Specialist,1,SYNTHETIC,82.8,62.0
ST04430,Student ST04430,CSE,8,6.61,66.3,70.5,0,7.5,6.2,5.6,3.4,1.7,4.7,5.2,1.0,3,4,2,0,2,6.0,5.4,4.8,7.8,8.0,6.4,1,1,Data Analyst,1,SYNTHETIC,93.7,87.7
ST04431,Student ST04431,ECE,7,6.69,71.8,68.9,0,6.7,5.4,4.8,4.7,3.6,4.8,2.0,2.1,4,3,2,3,0,9.0,5.9,4.6,6.8,6.0,6.4,1,0,QA Specialist,1,SYNTHETIC,76.0,66.0
ST04432,Student ST04432,ECE,8,7.35,81.6,78.3,0,1.8,3.8,3.5,3.1,2.8,3.7,2.5,6.0,2,1,1,0,0,5.6,5.5,1.4,5.8,6.8,3.9,0,0,Cybersecurity Specialist,0,SYNTHETIC,82.6,76.0
ST04433,Student ST04433,CSE,8,6.94,76.3,68.6,0,5.5,5.4,5.2,5.2,4.0,4.2,2.2,3.8,4,2,2,0,0,6.6,7.8,4.5,7.8,7.8,7.7,1,1,QA Specialist,1,SYNTHETIC,90.7,68.2
ST04434,Student ST04434,CSE,7,7.6,72.2,77.6,0,4.4,2.2,4.9,5.8,3.6,4.0,1.0,1.9,0,1,1,0,0,5.6,6.9,5.2,5.4,5.3,5.5,1,0,Full-Stack Developer,1,SYNTHETIC,97.3,75.2
ST04435,Student ST04435,Mechanical,7,7.62,69.2,78.9,0,4.5,5.1,5.5,4.8,2.1,6.0,4.4,4.6,2,1,1,1,1,6.6,6.4,4.5,5.7,5.0,5.3,1,0,Full-Stack Developer,1,SYNTHETIC,87.1,73.2
ST04436,Student ST04436,ISE,8,7.74,74.3,77.9,0,6.3,6.1,6.3,4.8,2.6,3.8,5.5,2.5,1,2,2,1,0,7.4,7.3,5.0,9.0,7.9,7.6,1,0,Data Analyst,1,SYNTHETIC,77.9,70.6
ST04437,Student ST04437,ECE,8,8.54,79.4,82.1,0,3.5,6.1,4.3,4.8,4.1,4.0,4.7,4.0,1,5,1,0,0,7.4,7.3,3.8,6.1,5.0,4.6,0,0,QA Specialist,1,SYNTHETIC,91.5,73.7
ST04438,Student ST04438,ISE,7,7.88,81.8,77.0,0,7.1,4.0,5.9,6.8,2.4,3.6,2.3,2.9,0,1,2,1,1,5.6,6.4,6.4,6.5,5.7,6.9,0,0,Cloud/DevOps Engineer,1,SYNTHETIC,96.2,77.9
ST04439,Student ST04439,ECE,7,6.17,62.0,67.8,0,2.9,2.0,3.8,4.1,3.8,4.9,2.0,2.8,2,1,1,0,0,7.0,4.7,3.9,6.3,6.8,4.5,0,0,Full-Stack Developer,1,SYNTHETIC,86.0,62.2
ST04440,Student ST04440,Mechanical,8,6.18,62.1,60.3,0,4.2,2.0,2.3,5.2,4.8,6.7,2.1,1.0,2,2,1,0,0,5.9,6.9,5.7,4.9,4.7,6.0,0,0,Data Analyst,0,SYNTHETIC,81.6,67.0
ST04441,Student ST04441,ISE,7,5.0,57.3,59.8,0,1.0,2.3,2.0,1.9,1.0,2.6,1.0,1.9,0,3,1,0,1,6.7,5.0,3.0,5.5,5.8,3.3,1,0,Full-Stack Developer,0,SYNTHETIC,92.4,61.3
ST04442,Student ST04442,CSE,7,6.64,73.5,69.5,0,4.3,4.9,2.2,5.5,2.7,2.7,1.8,2.9,0,1,1,0,0,5.3,7.9,5.6,4.9,4.5,4.8,0,0,QA Specialist,0,SYNTHETIC,95.8,61.5
ST04443,Student ST04443,CSE,7,6.58,63.1,71.9,0,4.0,4.2,4.0,6.0,2.6,1.0,3.5,2.2,1,1,1,1,1,7.4,6.2,4.1,4.7,4.6,5.0,1,0,Cybersecurity Specialist,0,SYNTHETIC,82.8,71.6
ST04444,Student ST04444,Mechanical,7,8.41,88.2,84.5,0,6.1,8.0,9.6,7.3,6.0,7.3,3.6,4.0,1,1,2,0,0,8.0,4.9,7.7,6.5,5.2,6.0,1,0,Cybersecurity Specialist,1,SYNTHETIC,97.2,72.6
ST04445,Student ST04445,CSE,8,8.88,89.5,84.5,0,4.8,5.5,4.8,4.5,4.9,4.2,3.8,1.6,2,2,1,1,1,6.3,6.7,5.6,5.5,4.4,5.6,0,0,QA Specialist,0,SYNTHETIC,86.1,86.1
ST04446,Student ST04446,ISE,7,7.51,75.1,78.0,0,4.7,3.6,3.3,5.6,2.9,5.1,1.0,3.3,1,1,1,0,0,7.4,5.9,6.8,8.4,9.5,6.1,2,0,Cloud/DevOps Engineer,1,SYNTHETIC,76.9,62.0
ST04447,Student ST04447,CSE,8,7.11,76.4,76.9,0,3.7,3.4,4.7,5.8,3.1,1.9,1.0,2.5,0,1,1,0,1,6.4,6.8,5.3,3.7,3.0,4.1,0,0,Cybersecurity Specialist,1,SYNTHETIC,92.1,93.8
ST04448,Student ST04448,CSE,8,8.63,90.1,87.1,0,7.6,7.1,5.3,6.5,3.5,6.6,3.9,2.0,2,2,2,1,2,7.2,7.8,7.2,5.1,5.5,5.2,1,0,Cybersecurity Specialist,1,SYNTHETIC,96.0,92.4
ST04449,Student ST04449,Mechanical,8,7.56,74.4,73.0,0,4.3,8.0,6.4,5.6,4.7,5.4,4.2,2.3,1,1,1,1,0,5.7,5.3,4.2,6.2,6.9,6.1,0,0,AI/ML Engineer,1,SYNTHETIC,89.4,69.1
ST04450,Student ST04450,ECE,8,6.56,65.6,59.1,0,5.1,4.0,5.4,4.4,1.0,5.9,4.7,5.3,5,5,1,1,2,6.9,4.7,3.3,5.9,4.7,3.7,1,0,AI/ML Engineer,1,SYNTHETIC,76.0,83.9
ST04451,Student ST04451,ISE,7,8.35,87.7,78.4,0,5.2,6.4,5.4,5.8,3.6,5.9,4.5,2.3,0,2,2,0,0,6.0,6.0,5.4,3.2,2.3,5.9,0,0,QA Specialist,1,SYNTHETIC,97.9,66.5
ST04452,Student ST04452,ECE,8,7.71,72.8,80.5,0,3.4,3.1,5.8,2.5,2.2,5.5,3.8,4.5,3,1,1,0,0,6.2,6.7,1.7,6.6,5.8,4.9,1,0,QA Specialist,0,SYNTHETIC,90.7,93.0
ST04453,Student ST04453,CSE,7,7.25,78.2,73.1,0,2.7,4.8,4.8,5.9,5.0,4.3,1.5,3.1,1,1,1,0,0,5.9,3.5,5.0,8.4,8.6,4.6,0,1,Data Analyst,0,SYNTHETIC,78.1,86.1
ST04454,Student ST04454,Mechanical,8,6.77,70.1,65.5,0,6.2,7.3,5.2,2.6,3.6,2.3,3.9,4.7,0,2,1,0,0,6.1,5.3,3.6,4.7,2.9,4.8,1,0,Cybersecurity Specialist,0,SYNTHETIC,84.5,85.2
ST04455,Student ST04455,CSE,8,7.44,76.6,74.9,1,6.9,8.8,6.6,6.8,4.2,6.6,4.6,3.4,3,3,2,0,0,5.6,8.7,7.1,5.7,6.1,6.5,0,0,AI/ML Engineer,1,SYNTHETIC,90.1,72.3
ST04456,Student ST04456,ECE,8,5.29,58.5,54.7,0,4.1,2.4,2.9,3.3,3.2,1.6,2.8,2.4,0,1,1,1,0,5.5,5.2,3.8,6.3,5.0,4.9,1,0,Full-Stack Developer,0,SYNTHETIC,80.2,73.6
ST04457,Student ST04457,Mechanical,7,6.72,72.4,76.8,0,5.5,5.0,3.6,5.1,3.6,4.4,1.9,3.8,1,3,2,1,0,7.3,5.5,5.2,5.8,8.1,5.3,2,0,Cloud/DevOps Engineer,1,SYNTHETIC,84.3,94.0
ST04458,Student ST04458,CSE,8,7.29,79.1,71.5,0,3.8,4.0,4.7,4.6,3.2,4.5,3.5,3.0,3,1,1,0,0,6.7,6.7,4.0,6.6,5.1,6.0,0,0,Cybersecurity Specialist,1,SYNTHETIC,98.3,63.3
ST04459,Student ST04459,CSE,7,7.97,80.6,79.9,0,7.2,7.1,6.5,3.7,2.9,5.6,3.0,4.7,1,4,2,0,1,7.7,5.7,4.5,6.0,6.5,6.1,0,0,Cybersecurity Specialist,1,SYNTHETIC,81.8,91.4
ST04460,Student ST04460,CSE,7,6.05,68.4,57.4,0,6.5,4.7,2.8,5.4,2.5,3.6,1.0,2.4,1,5,2,0,0,3.3,6.0,6.2,6.7,6.7,6.0,2,0,Cloud/DevOps Engineer,1,SYNTHETIC,85.5,79.0
ST04461,Student ST04461,ECE,8,7.29,79.8,75.6,0,4.2,4.1,6.8,2.0,2.8,4.6,2.3,4.7,1,1,1,1,0,6.8,6.4,3.1,3.9,3.2,4.5,0,0,Cybersecurity Specialist,1,SYNTHETIC,90.9,75.7
ST04462,Student ST04462,ISE,7,7.06,71.7,70.6,0,2.1,2.2,4.2,3.1,2.2,4.2,3.9,1.0,2,2,1,0,0,5.7,5.8,3.2,6.9,5.8,4.4,0,0,Data Analyst,0,SYNTHETIC,79.3,75.7
ST04463,Student ST04463,CSE,8,5.67,55.0,62.9,0,3.9,3.6,5.3,1.9,1.4,4.8,1.6,1.8,0,2,1,0,0,4.4,5.6,1.9,6.1,6.7,4.1,0,0,Full-Stack Developer,0,SYNTHETIC,99.0,73.4
ST04464,Student ST04464,CSE,8,7.6,75.9,77.3,0,5.0,3.9,4.7,5.0,2.4,4.4,3.4,2.2,1,2,1,0,1,8.2,7.8,4.9,8.6,7.8,7.4,0,0,QA Specialist,0,SYNTHETIC,85.6,90.6
ST04465,Student ST04465,ECE,8,8.17,87.1,85.0,0,5.7,9.0,5.4,7.4,4.9,6.2,2.1,6.5,1,3,2,2,0,6.2,7.6,7.8,5.9,5.0,5.3,0,0,Cloud/DevOps Engineer,1,SYNTHETIC,77.5,90.8
ST04466,Student ST04466,CSE,8,8.42,84.3,85.0,0,6.8,5.9,10.0,7.2,6.6,7.5,5.3,4.6,3,2,2,2,1,7.2,7.2,7.3,4.8,5.1,5.8,0,0,Full-Stack Developer,1,SYNTHETIC,85.9,90.0
ST04467,Student ST04467,CSE,8,8.09,71.1,80.0,0,6.8,4.6,6.7,6.5,1.0,5.1,5.9,4.1,0,3,2,0,0,6.1,6.7,6.5,6.6,6.3,7.0,1,0,AI/ML Engineer,0,SYNTHETIC,76.1,66.2
ST04468,Student ST04468,CSE,8,7.83,79.0,78.7,0,5.3,3.8,6.3,7.9,5.4,4.8,2.2,2.8,1,5,2,0,2,7.7,7.5,6.8,6.8,7.3,7.4,1,0,AI/ML Engineer,1,SYNTHETIC,87.6,90.3
ST04469,Student ST04469,ECE,7,7.94,74.3,68.6,0,7.5,4.6,7.9,5.5,2.5,5.1,1.6,5.1,0,3,2,2,0,6.4,5.5,5.5,5.8,6.5,6.3,1,0,Data Analyst,0,SYNTHETIC,93.6,65.9
ST04470,Student ST04470,ECE,8,6.54,65.0,67.7,0,6.1,5.8,7.8,5.5,4.0,4.3,2.0,2.8,2,3,2,0,0,6.2,5.7,5.4,3.5,3.3,5.8,0,0,Data Analyst,1,SYNTHETIC,85.0,80.0
ST04471,Student ST04471,CSE,7,7.44,74.3,71.9,0,2.9,3.9,6.3,5.7,2.6,6.1,5.3,1.4,2,2,1,1,1,8.2,6.3,4.8,6.8,7.3,4.9,0,0,Cloud/DevOps Engineer,1,SYNTHETIC,92.0,70.3
ST04472,Student ST04472,ISE,7,7.45,76.1,81.5,0,4.3,3.8,5.0,6.5,5.0,4.3,5.4,3.5,1,2,2,0,0,6.3,7.1,5.3,5.6,5.4,6.4,0,0,Cybersecurity Specialist,0,SYNTHETIC,94.3,74.9
ST04473,Student ST04473,ECE,7,8.61,81.7,88.5,0,6.2,4.5,7.1,7.2,3.0,4.2,3.5,3.5,0,4,2,1,0,3.0,5.7,7.3,5.7,5.6,6.9,1,0,QA Specialist,1,SYNTHETIC,82.1,83.6
ST04474,Student ST04474,CSE,7,5.91,55.0,63.1,0,5.1,5.1,7.3,5.5,2.8,1.7,5.0,2.4,1,5,2,0,0,4.3,5.4,5.8,6.9,6.3,6.5,0,0,QA Specialist,1,SYNTHETIC,88.9,77.9
ST04475,Student ST04475,CSE,7,5.89,62.6,61.9,2,4.4,3.3,5.3,2.8,2.3,5.9,2.4,3.3,1,1,1,0,0,6.0,4.3,3.3,4.8,4.5,4.1,0,0,Cybersecurity Specialist,0,SYNTHETIC,81.4,68.4
ST04476,Student ST04476,CSE,8,6.03,64.3,67.1,0,5.2,5.3,4.3,3.8,4.7,2.2,3.2,2.7,1,2,1,0,1,5.9,5.5,3.6,5.5,5.0,5.1,1,0,Full-Stack Developer,1,SYNTHETIC,81.6,65.2
ST04477,Student ST04477,CSE,8,6.59,71.7,73.6,0,5.1,3.4,4.5,5.5,3.2,3.7,2.3,3.6,0,1,2,0,0,5.4,6.4,4.6,4.9,6.0,6.9,0,0,Cloud/DevOps Engineer,0,SYNTHETIC,96.4,86.6
ST04478,Student ST04478,Mechanical,7,9.86,98.0,97.0,0,6.4,4.0,6.2,3.9,5.4,6.1,2.3,3.1,1,6,1,1,2,9.6,7.9,4.4,5.4,5.8,4.9,0,0,AI/ML Engineer,1,SYNTHETIC,87.0,60.7
ST04479,Student ST04479,Mechanical,8,7.56,69.7,79.3,0,7.0,5.2,5.6,5.0,1.1,4.1,2.9,1.9,0,1,2,0,1,7.1,6.6,6.0,7.9,8.1,6.3,0,1,Data Analyst,1,SYNTHETIC,86.1,74.5
ST04480,Student ST04480,CSE,8,6.81,73.6,70.4,1,2.5,2.3,5.3,4.8,1.9,2.2,3.8,1.0,1,3,1,0,0,6.2,6.0,5.0,3.7,3.9,5.7,0,0,Full-Stack Developer,0,SYNTHETIC,83.2,93.8
ST04481,Student ST04481,ISE,7,7.71,82.4,76.7,0,4.7,1.0,6.2,3.9,4.5,4.1,2.7,3.5,0,3,1,0,0,6.8,7.6,2.6,5.1,5.0,4.1,2,0,Full-Stack Developer,1,SYNTHETIC,92.2,81.0
ST04482,Student ST04482,CSE,8,6.06,61.3,68.5,0,2.2,1.0,4.1,1.0,1.6,3.5,1.0,1.7,2,1,1,0,0,6.5,4.5,1.1,5.5,4.9,3.3,0,0,QA Specialist,0,SYNTHETIC,77.8,73.1
ST04483,Student ST04483,ISE,7,7.63,73.8,76.0,0,5.7,5.0,6.2,2.6,3.6,3.9,2.9,4.3,2,3,1,0,0,7.7,6.0,4.3,6.7,6.7,4.3,0,0,Data Analyst,1,SYNTHETIC,96.2,71.2
ST04484,Student ST04484,Mechanical,8,6.29,72.3,62.0,0,3.6,2.7,5.9,4.3,1.5,2.3,2.1,2.1,0,2,1,0,0,6.2,5.6,3.7,7.1,5.7,5.9,1,0,QA Specialist,0,SYNTHETIC,75.7,65.7
ST04485,Student ST04485,ISE,8,6.1,63.2,58.5,0,4.3,3.6,4.1,2.7,2.2,4.8,1.0,4.3,4,2,1,0,1,4.4,6.4,4.7,9.8,10.0,5.7,2,0,Full-Stack Developer,1,SYNTHETIC,76.3,63.9
ST04486,Student ST04486,ECE,8,9.19,94.7,95.5,0,8.5,5.6,6.0,7.5,6.8,5.9,7.0,1.0,1,4,2,1,0,8.6,6.7,9.7,5.0,3.4,6.0,0,0,AI/ML Engineer,1,SYNTHETIC,83.7,91.1
ST04487,Student ST04487,CSE,8,7.03,77.2,73.7,0,5.2,3.1,4.7,3.5,4.7,7.3,3.0,3.9,1,3,1,1,0,6.9,7.7,5.1,5.9,6.0,5.0,1,0,Data Analyst,1,SYNTHETIC,90.5,78.3
ST04488,Student ST04488,ECE,8,9.37,89.4,87.8,0,6.3,3.9,5.3,4.8,7.5,4.3,1.0,3.2,1,1,2,1,0,7.5,7.1,5.1,7.9,6.3,6.8,0,1,Data Analyst,1,SYNTHETIC,87.5,80.5
ST04489,Student ST04489,CSE,7,7.28,79.2,74.6,0,6.5,5.9,5.9,5.1,4.0,3.5,3.3,4.5,0,2,2,0,0,7.7,7.6,5.5,6.3,6.5,6.5,0,0,Cloud/DevOps Engineer,1,SYNTHETIC,86.0,92.9
ST04490,Student ST04490,ISE,8,8.84,89.7,88.2,0,8.5,7.4,6.4,7.4,3.3,8.2,4.7,3.8,3,3,2,1,0,5.4,8.7,6.6,5.7,4.9,7.5,1,0,Cloud/DevOps Engineer,1,SYNTHETIC,89.0,79.2
ST04491,Student ST04491,CSE,8,8.56,77.6,79.8,0,1.7,5.2,5.9,6.2,1.0,3.6,2.4,2.0,0,1,1,1,1,6.2,6.3,3.8,8.9,7.7,5.6,0,1,Full-Stack Developer,0,SYNTHETIC,96.4,82.2
ST04492,Student ST04492,CSE,8,9.7,97.4,87.6,0,6.2,7.3,7.3,6.6,6.4,5.4,7.3,3.3,1,1,2,3,0,8.6,7.3,7.0,7.0,6.0,5.9,2,0,Data Analyst,1,SYNTHETIC,79.7,92.3
ST04493,Student ST04493,CSE,8,7.68,79.0,74.8,0,6.1,3.9,4.3,3.8,4.7,5.5,4.7,2.2,1,1,1,0,0,6.0,6.0,4.3,6.7,5.4,5.5,0,0,Data Analyst,0,SYNTHETIC,78.6,71.2
ST04494,Student ST04494,ECE,8,7.61,75.5,77.3,0,6.2,6.1,7.2,8.3,4.4,2.1,2.4,1.0,0,2,2,0,1,7.0,5.5,7.6,5.9,5.5,6.8,0,0,Data Analyst,1,SYNTHETIC,82.2,90.3
ST04495,Student ST04495,Mechanical,8,7.64,77.8,76.9,0,1.5,7.3,5.4,4.3,3.0,2.8,1.0,3.4,0,6,1,0,0,5.4,6.1,2.7,7.4,8.3,5.4,0,1,Full-Stack Developer,1,SYNTHETIC,76.2,94.1
ST04496,Student ST04496,CSE,8,6.87,75.5,74.1,0,5.3,7.1,4.2,3.3,1.2,4.2,4.4,2.0,2,1,1,0,0,7.5,6.4,4.6,5.7,5.9,4.6,0,0,Full-Stack Developer,0,SYNTHETIC,78.7,88.4
ST04497,Student ST04497,Mechanical,8,7.4,79.1,77.1,0,5.8,6.2,7.4,3.6,4.1,6.3,4.8,1.5,0,1,1,0,1,7.5,5.7,5.0,7.0,8.1,6.1,1,0,Cybersecurity Specialist,0,SYNTHETIC,86.6,81.9
ST04498,Student ST04498,CSE,8,6.4,66.3,69.6,0,3.8,4.7,4.8,3.5,3.5,4.6,1.0,2.0,0,5,1,1,0,4.1,6.5,3.9,6.0,6.9,3.4,0,0,Cybersecurity Specialist,0,SYNTHETIC,79.1,93.7
ST04499,Student ST04499,Mechanical,7,8.94,87.4,84.6,0,5.9,4.9,7.5,3.8,3.5,2.8,1.3,1.5,2,3,1,0,1,7.3,6.8,5.2,7.6,6.3,6.6,2,0,Cybersecurity Specialist,1,SYNTHETIC,94.3,64.1
ST04500,Student ST04500,Mechanical,8,7.7,81.6,77.4,0,5.2,7.4,3.4,4.7,4.0,3.0,4.9,1.3,0,4,1,1,0,6.5,7.7,4.2,7.8,8.1,6.8,1,0,Cybersecurity Specialist,1,SYNTHETIC,80.8,94.8
ST04501,Student ST04501,ECE,7,6.46,68.3,64.0,0,5.7,4.8,8.1,5.3,5.2,3.9,3.2,1.0,1,3,2,1,1,4.6,6.3,5.9,6.8,6.3,5.6,0,0,Cloud/DevOps Engineer,1,SYNTHETIC,86.0,62.2
ST04502,Student ST04502,Mechanical,8,7.07,65.1,72.2,0,4.5,2.5,2.6,3.5,4.5,5.0,3.6,2.4,0,6,1,0,0,5.2,7.5,3.9,4.8,3.7,5.7,2,0,Cybersecurity Specialist,0,SYNTHETIC,85.8,85.7
ST04503,Student ST04503,ISE,8,7.65,73.3,80.5,0,5.7,2.9,6.5,4.5,2.2,4.7,4.2,2.2,0,3,1,0,0,7.8,7.6,4.0,7.7,7.4,6.1,1,0,Data Analyst,1,SYNTHETIC,78.6,70.5
ST04504,Student ST04504,ECE,8,8.92,89.1,89.8,0,8.1,8.1,8.7,6.5,5.0,6.4,7.0,6.7,5,2,2,0,1,8.7,6.8,7.4,6.3,6.3,7.1,2,0,AI/ML Engineer,1,SYNTHETIC,93.6,81.2
ST04505,Student ST04505,ECE,7,8.4,73.1,84.2,0,7.8,5.6,5.2,9.2,4.6,6.1,2.3,4.3,1,1,2,0,0,7.3,7.2,8.6,5.5,5.7,7.8,0,0,Full-Stack Developer,1,SYNTHETIC,97.5,89.2
ST04506,Student ST04506,CSE,7,8.05,79.9,78.6,0,4.2,3.7,6.0,6.8,2.4,5.1,2.4,1.9,2,2,2,1,0,7.6,7.0,6.3,5.7,6.0,5.7,1,0,AI/ML Engineer,1,SYNTHETIC,75.9,62.0
ST04507,Student ST04507,CSE,7,6.96,69.3,72.1,0,2.8,3.0,4.0,5.8,1.7,3.6,2.4,2.0,2,1,1,0,0,6.7,4.8,5.0,6.5,6.1,4.7,0,0,AI/ML Engineer,0,SYNTHETIC,90.2,65.2
ST04508,Student ST04508,CSE,8,7.46,68.0,65.4,0,5.3,4.6,5.6,7.1,3.0,6.0,2.3,2.1,0,4,2,0,1,6.1,8.4,6.3,4.7,4.3,4.2,1,0,Cybersecurity Specialist,1,SYNTHETIC,82.0,88.8
ST04509,Student ST04509,CSE,8,6.25,66.7,65.1,0,3.1,2.3,3.9,3.7,4.1,2.6,3.8,1.0,2,5,1,0,0,3.7,5.7,4.4,6.9,5.7,4.4,2,0,QA Specialist,1,SYNTHETIC,86.6,61.0
ST04510,Student ST04510,ISE,7,6.63,72.1,66.2,0,6.5,5.2,6.3,3.6,4.9,5.4,2.5,4.9,1,6,1,0,0,5.1,3.5,4.9,7.0,7.0,6.7,1,0,QA Specialist,1,SYNTHETIC,92.2,89.2
ST04511,Student ST04511,ISE,8,7.27,77.5,78.2,0,6.7,4.9,6.9,5.6,5.2,2.7,3.3,3.5,3,5,2,1,1,7.6,6.7,6.6,8.7,9.0,6.6,0,1,Cloud/DevOps Engineer,1,SYNTHETIC,91.5,87.0
ST04512,Student ST04512,Mechanical,7,7.55,77.2,70.3,0,4.4,4.9,4.2,5.0,3.2,4.1,1.8,4.6,3,1,1,0,0,7.3,4.5,4.9,6.2,5.4,4.8,1,0,Full-Stack Developer,0,SYNTHETIC,85.9,83.7
ST04513,Student ST04513,ECE,7,7.23,72.8,75.1,0,5.9,6.7,6.5,4.3,5.9,6.4,5.8,2.0,4,3,1,1,0,5.6,7.4,5.0,6.0,6.4,5.6,1,0,Cybersecurity Specialist,1,SYNTHETIC,93.6,70.5
ST04514,Student ST04514,CSE,7,5.67,65.5,54.0,0,2.1,2.6,2.6,4.8,2.2,3.6,1.0,1.0,2,2,1,0,0,6.1,5.2,4.2,8.9,7.6,4.2,1,0,Data Analyst,0,SYNTHETIC,90.0,90.8
ST04515,Student ST04515,CSE,8,6.83,72.8,71.5,0,3.6,3.8,5.9,4.4,5.3,5.4,1.9,1.9,1,2,1,0,0,6.8,3.7,3.9,6.5,5.9,3.3,0,0,Data Analyst,1,SYNTHETIC,77.2,77.7
ST04516,Student ST04516,CSE,8,8.19,76.9,81.9,0,5.9,4.6,6.2,4.6,4.2,5.7,3.8,2.3,1,5,1,0,0,5.3,6.0,5.7,7.7,8.4,5.1,3,0,AI/ML Engineer,1,SYNTHETIC,86.5,82.7
ST04517,Student ST04517,ISE,7,8.91,83.2,86.2,0,8.3,4.4,8.6,4.1,5.8,5.7,5.8,3.8,0,4,2,0,0,6.6,6.6,5.8,4.1,4.2,6.2,1,0,Cloud/DevOps Engineer,0,SYNTHETIC,95.9,90.4
ST04518,Student ST04518,Mechanical,7,6.61,73.5,65.9,0,5.2,8.1,5.5,5.3,3.3,4.1,2.9,2.8,1,2,1,0,0,5.8,6.0,6.6,5.2,4.1,5.9,1,0,QA Specialist,1,SYNTHETIC,83.8,84.2
ST04519,Student ST04519,ECE,8,6.34,69.7,66.5,0,4.4,5.2,5.1,3.6,2.5,3.0,3.2,2.5,3,1,1,1,0,5.5,6.3,4.6,7.3,7.5,5.8,1,1,Full-Stack Developer,1,SYNTHETIC,87.3,63.2
ST04520,Student ST04520,CSE,8,5.99,62.6,61.0,0,1.5,5.1,2.3,2.5,4.4,2.9,1.0,1.3,2,1,1,0,0,3.4,5.6,1.6,4.8,5.0,2.6,0,0,Cloud/DevOps Engineer,1,SYNTHETIC,77.8,87.7
ST04521,Student ST04521,ECE,7,7.41,73.3,68.9,0,3.1,3.9,4.7,3.2,3.6,5.3,5.8,3.6,2,1,1,0,0,6.9,6.9,3.3,7.3,6.4,4.1,0,0,QA Specialist,1,SYNTHETIC,76.3,77.4
ST04522,Student ST04522,CSE,8,8.39,87.0,81.3,0,8.1,4.6,6.3,4.3,4.6,2.5,4.1,4.5,1,1,2,2,0,5.2,8.0,5.4,5.4,3.3,5.6,0,0,Cloud/DevOps Engineer,1,SYNTHETIC,98.4,78.1
ST04523,Student ST04523,CSE,7,8.75,86.8,83.5,0,7.0,7.1,5.6,5.8,6.0,6.0,4.0,1.4,1,2,2,1,1,4.9,6.9,6.6,2.6,1.8,5.9,1,0,Cloud/DevOps Engineer,1,SYNTHETIC,81.2,71.4
ST04524,Student ST04524,CSE,8,7.38,80.4,72.8,0,5.6,6.1,6.2,6.4,1.7,4.6,3.0,2.0,1,4,2,0,0,6.2,6.5,5.6,8.0,6.4,5.8,1,0,Data Analyst,1,SYNTHETIC,84.2,91.9
ST04525,Student ST04525,Mechanical,8,7.79,80.3,78.5,0,4.9,6.6,5.8,3.5,1.0,4.9,5.3,5.4,2,4,1,1,1,6.0,6.5,5.0,5.5,6.6,6.6,0,0,Cloud/DevOps Engineer,1,SYNTHETIC,94.4,88.0
ST04526,Student ST04526,ISE,7,6.57,65.8,71.7,0,4.6,4.1,5.5,4.5,4.7,3.0,2.5,4.5,0,3,1,0,0,5.7,5.3,4.1,8.0,5.9,5.1,0,1,Data Analyst,0,SYNTHETIC,98.7,65.0
ST04527,Student ST04527,Mechanical,8,6.95,69.2,72.2,0,5.6,5.0,7.7,5.9,4.1,6.4,2.5,2.6,1,3,2,0,1,4.9,5.1,5.8,2.7,1.1,4.7,1,0,Data Analyst,1,SYNTHETIC,81.9,82.3
ST04528,Student ST04528,Mechanical,7,5.73,61.8,62.9,1,3.4,2.4,4.8,5.6,3.9,6.2,1.9,1.7,0,4,1,1,2,5.3,5.8,3.5,5.5,5.3,4.8,0,0,Full-Stack Developer,0,SYNTHETIC,84.3,67.6
ST04529,Student ST04529,ISE,8,5.09,55.0,57.7,2,5.2,5.2,4.1,2.2,4.4,3.0,1.0,1.8,0,2,1,0,0,3.6,5.3,3.0,6.0,7.3,4.7,1,0,Cybersecurity Specialist,0,SYNTHETIC,94.0,76.0
ST04530,Student ST04530,ISE,8,7.57,79.0,79.2,0,3.3,6.8,6.1,5.5,2.5,3.0,2.7,4.5,1,2,1,0,0,5.6,6.5,4.4,7.8,7.9,5.7,1,1,Data Analyst,1,SYNTHETIC,88.4,93.4
ST04531,Student ST04531,ECE,8,7.14,72.9,74.3,0,3.8,5.4,7.6,3.5,4.1,5.8,3.4,5.6,1,2,1,1,0,6.4,7.0,2.8,5.7,4.9,3.1,2,0,AI/ML Engineer,1,SYNTHETIC,83.1,69.5
ST04532,Student ST04532,ECE,8,7.16,78.1,77.4,0,5.9,5.6,6.5,6.5,4.5,6.2,4.5,3.7,1,1,2,2,0,4.4,5.5,6.2,5.7,6.4,5.6,2,0,Data Analyst,1,SYNTHETIC,79.7,65.7
ST04533,Student ST04533,CSE,8,5.91,65.2,62.3,1,4.0,5.5,3.2,4.4,4.0,4.1,1.0,3.6,2,4,1,0,1,4.1,5.6,3.9,6.9,7.3,6.4,2,0,Cybersecurity Specialist,1,SYNTHETIC,98.8,71.5
ST04534,Student ST04534,CSE,8,6.67,63.8,67.7,0,6.6,6.1,8.9,6.8,3.7,4.2,6.0,4.4,1,5,2,1,0,6.6,6.2,7.5,6.2,6.1,7.5,1,0,Full-Stack Developer,1,SYNTHETIC,77.9,85.2
ST04535,Student ST04535,ISE,8,7.41,74.9,72.3,0,3.1,4.0,3.8,2.1,5.2,3.7,2.4,1.0,2,1,1,0,0,6.6,6.0,2.6,7.7,8.9,6.3,0,0,Cloud/DevOps Engineer,1,SYNTHETIC,87.5,79.3
ST04536,Student ST04536,ISE,7,6.69,72.5,67.7,0,4.0,5.4,5.5,3.4,1.8,5.3,4.2,1.4,1,4,1,0,0,5.5,6.2,3.1,6.2,5.9,4.7,1,0,AI/ML Engineer,0,SYNTHETIC,81.6,62.8
ST04537,Student ST04537,Mechanical,8,7.0,69.4,67.0,0,5.1,3.7,3.5,5.2,1.0,4.2,3.3,1.9,2,6,1,0,0,4.7,6.2,5.9,7.1,6.3,5.2,0,0,QA Specialist,1,SYNTHETIC,95.8,75.6
ST04538,Student ST04538,Mechanical,7,7.71,80.8,78.2,0,5.5,5.6,7.2,3.6,4.1,5.3,4.4,3.6,0,4,1,1,0,5.8,7.1,4.5,8.4,6.0,6.1,1,0,QA Specialist,0,SYNTHETIC,76.3,79.4
ST04539,Student ST04539,ISE,8,7.58,72.8,84.3,0,5.1,6.5,5.8,9.1,3.3,3.3,2.2,3.1,0,3,2,1,0,4.1,7.0,6.0,7.4,9.3,7.4,0,0,QA Specialist,1,SYNTHETIC,92.0,86.0
ST04540,Student ST04540,ISE,7,8.25,81.2,80.3,0,5.8,6.0,6.4,7.5,4.1,5.8,3.7,1.0,0,1,2,0,0,5.1,7.0,7.7,9.0,9.1,8.4,0,1,Cybersecurity Specialist,1,SYNTHETIC,87.4,90.1
ST04541,Student ST04541,CSE,8,7.38,75.2,78.0,0,5.0,4.9,5.7,6.1,3.4,3.6,4.0,1.0,1,2,2,1,0,6.7,4.7,5.7,6.2,5.8,5.8,0,0,Cloud/DevOps Engineer,0,SYNTHETIC,79.5,72.3
ST04542,Student ST04542,CSE,8,6.58,65.1,73.1,1,2.8,2.8,4.4,4.2,1.0,2.5,1.8,1.0,2,3,1,0,0,6.3,5.7,3.7,8.6,7.9,5.7,2,0,Full-Stack Developer,0,SYNTHETIC,84.2,74.4
ST04543,Student ST04543,CSE,7,7.77,80.5,73.1,0,5.5,5.9,5.3,3.1,3.5,5.0,5.0,2.3,2,4,1,1,0,5.3,6.5,4.3,8.4,8.6,6.9,1,1,Cybersecurity Specialist,1,SYNTHETIC,78.4,77.6
ST04544,Student ST04544,CSE,8,8.04,84.8,77.7,0,7.1,6.1,7.6,8.6,7.3,5.9,5.9,6.2,1,6,2,0,0,6.0,7.9,8.0,8.1,8.2,6.8,1,1,AI/ML Engineer,1,SYNTHETIC,87.2,62.5
ST04545,Student ST04545,CSE,8,7.86,80.1,77.2,0,5.9,3.2,4.3,5.8,2.9,5.1,3.5,1.0,1,3,2,1,1,6.8,7.3,5.5,5.9,5.2,5.5,0,0,Cybersecurity Specialist,1,SYNTHETIC,97.4,77.4
ST04546,Student ST04546,ECE,7,5.93,60.9,63.9,0,3.3,2.8,6.2,4.3,1.1,3.9,3.1,3.3,1,4,1,0,0,7.4,4.7,3.1,6.8,7.6,4.7,0,0,AI/ML Engineer,0,SYNTHETIC,86.9,78.4
ST04547,Student ST04547,CSE,8,7.66,80.8,73.4,0,4.0,5.2,6.1,4.0,3.1,6.9,3.2,1.8,1,2,1,1,1,6.8,6.5,4.0,3.0,3.6,4.5,1,0,Cybersecurity Specialist,0,SYNTHETIC,84.9,61.0
ST04548,Student ST04548,ECE,7,7.65,82.5,69.1,0,6.3,6.5,6.0,5.4,7.0,4.3,3.8,6.4,1,3,2,0,2,6.9,7.8,7.3,6.7,7.8,6.8,2,0,Cybersecurity Specialist,0,SYNTHETIC,85.0,61.7
ST04549,Student ST04549,ISE,8,6.96,72.3,70.2,0,3.9,5.5,6.6,3.7,1.5,4.8,2.1,1.0,1,2,1,2,2,6.6,4.8,3.5,6.0,5.2,4.7,0,0,QA Specialist,1,SYNTHETIC,97.5,80.4
ST04550,Student ST04550,CSE,7,7.53,77.0,71.9,0,5.1,4.4,5.9,5.4,5.7,6.5,1.8,3.3,1,3,1,0,0,6.8,5.3,4.8,5.4,4.6,6.7,1,0,QA Specialist,0,SYNTHETIC,93.8,80.4
ST04551,Student ST04551,CSE,7,8.79,87.2,86.7,0,6.9,5.0,7.6,7.0,2.8,4.7,4.1,1.8,1,2,2,1,0,7.6,7.7,6.9,8.1,7.8,7.3,2,0,Cloud/DevOps Engineer,1,SYNTHETIC,86.7,71.9
ST04552,Student ST04552,ISE,7,6.55,66.3,66.5,0,4.9,3.9,2.6,5.8,1.6,2.2,1.4,4.0,2,1,2,0,0,6.6,5.3,5.2,9.8,7.9,6.5,0,0,Cloud/DevOps Engineer,1,SYNTHETIC,81.4,69.6
ST04553,Student ST04553,ECE,8,6.17,60.9,63.7,0,4.8,4.2,4.5,5.2,1.2,2.8,1.8,2.0,3,4,1,0,0,4.7,5.2,6.2,6.2,6.1,3.9,2,0,AI/ML Engineer,0,SYNTHETIC,92.6,62.5
ST04554,Student ST04554,Mechanical,8,9.28,96.9,85.2,0,5.3,7.4,5.6,8.8,3.0,4.4,2.3,2.9,3,2,2,2,1,6.6,8.9,7.9,9.6,8.9,8.3,1,0,QA Specialist,1,SYNTHETIC,95.0,90.6
ST04555,Student ST04555,ECE,8,6.8,65.0,66.8,0,5.8,4.9,3.4,3.8,5.2,4.4,4.6,2.9,0,3,1,0,1,7.1,7.0,4.1,4.8,4.7,5.9,0,0,QA Specialist,0,SYNTHETIC,81.3,90.8
ST04556,Student ST04556,ECE,7,6.93,72.8,66.6,0,1.0,4.5,4.9,4.8,1.0,3.1,3.8,6.0,3,2,1,0,0,6.5,5.3,2.5,6.5,5.8,4.4,0,0,Cloud/DevOps Engineer,0,SYNTHETIC,81.9,92.2
ST04557,Student ST04557,Mechanical,8,6.93,71.1,67.9,0,5.0,3.5,6.7,3.1,2.4,1.5,1.7,2.7,0,3,1,0,0,6.5,7.2,4.1,6.5,5.6,3.5,1,0,QA Specialist,1,SYNTHETIC,89.8,69.2
ST04558,Student ST04558,CSE,7,7.33,70.4,80.2,0,4.7,4.3,2.9,6.9,4.8,5.2,4.8,3.5,2,2,2,1,0,6.5,5.3,6.2,7.0,5.9,6.2,0,0,Data Analyst,0,SYNTHETIC,91.9,84.2
ST04559,Student ST04559,Mechanical,8,8.07,90.8,83.9,0,4.7,4.9,5.2,5.3,2.3,4.5,2.4,1.5,1,3,1,0,0,6.3,8.4,5.3,6.8,6.0,6.3,0,0,Cloud/DevOps Engineer,1,SYNTHETIC,91.3,89.5
ST04560,Student ST04560,CSE,8,6.85,74.4,69.5,0,5.9,6.1,3.7,2.6,5.5,3.6,5.7,3.6,2,1,1,0,0,6.2,7.0,3.9,5.5,5.9,4.5,0,0,Full-Stack Developer,0,SYNTHETIC,98.9,70.8
ST04561,Student ST04561,ECE,8,6.48,68.5,64.9,0,7.4,3.2,6.0,7.2,4.9,6.7,2.5,1.0,1,6,2,2,0,6.2,3.3,7.9,7.4,6.6,7.7,0,0,Cloud/DevOps Engineer,1,SYNTHETIC,93.4,91.6
ST04562,Student ST04562,ISE,8,7.29,73.7,70.0,0,6.1,7.2,8.5,7.1,4.4,5.1,6.0,5.5,0,2,2,1,0,5.7,6.5,5.2,4.9,5.7,6.4,0,0,Cloud/DevOps Engineer,1,SYNTHETIC,79.4,91.7
ST04563,Student ST04563,CSE,8,7.42,74.5,79.7,0,5.2,4.7,4.7,4.4,3.2,4.2,2.3,4.3,0,3,1,0,0,7.7,5.4,5.5,6.7,7.1,4.6,0,0,Cloud/DevOps Engineer,1,SYNTHETIC,95.5,90.9
ST04564,Student ST04564,ISE,8,5.37,59.6,59.6,0,6.1,5.2,4.9,3.2,4.3,4.2,2.8,1.7,0,3,1,0,0,4.5,4.8,3.9,5.9,4.8,3.1,0,0,QA Specialist,1,SYNTHETIC,94.7,85.5
ST04565,Student ST04565,ISE,7,6.75,67.6,76.2,0,4.9,5.6,6.2,5.0,1.0,2.6,3.5,3.5,1,3,1,2,0,6.7,6.5,5.0,6.1,5.6,4.5,0,0,QA Specialist,0,SYNTHETIC,88.0,92.6
ST04566,Student ST04566,ISE,8,8.46,81.8,88.8,0,5.8,6.9,4.6,5.2,4.6,5.8,1.0,2.2,0,1,2,2,0,6.2,6.0,5.7,5.7,5.4,5.0,0,0,Cloud/DevOps Engineer,1,SYNTHETIC,84.7,91.3
ST04567,Student ST04567,ISE,8,5.11,55.0,51.5,0,4.3,1.2,4.8,4.0,3.4,4.9,3.0,3.4,1,4,1,1,0,4.1,4.4,3.9,3.8,4.4,3.3,1,0,AI/ML Engineer,1,SYNTHETIC,92.9,77.7
ST04568,Student ST04568,ISE,8,7.16,70.8,74.1,0,4.3,6.5,4.4,4.5,5.1,5.1,2.9,5.4,1,5,1,0,1,6.7,6.1,4.8,5.2,4.7,3.7,0,0,QA Specialist,0,SYNTHETIC,87.0,91.2
ST04569,Student ST04569,ISE,7,6.23,67.1,60.7,0,2.1,3.1,4.4,5.1,2.1,4.3,2.9,2.1,1,4,1,0,0,5.4,7.3,3.7,7.0,4.7,5.3,1,0,AI/ML Engineer,0,SYNTHETIC,92.7,75.3
ST04570,Student ST04570,Mechanical,7,7.44,81.4,76.4,0,6.5,4.1,4.5,5.0,3.3,4.9,3.3,3.4,0,2,2,2,0,5.6,5.6,5.4,6.6,6.2,6.7,1,0,Cloud/DevOps Engineer,1,SYNTHETIC,98.9,73.0
ST04571,Student ST04571,Mechanical,7,8.34,81.6,90.5,0,5.2,3.8,5.6,3.2,1.1,3.8,1.6,2.5,0,3,1,0,0,8.4,6.2,2.9,4.2,4.2,4.2,0,0,Cloud/DevOps Engineer,0,SYNTHETIC,89.9,68.0
ST04572,Student ST04572,CSE,8,6.92,73.7,66.6,0,4.1,6.7,4.5,6.2,3.7,2.9,3.5,3.0,1,1,1,1,1,7.0,5.7,4.3,7.9,8.1,5.0,0,0,Data Analyst,1,SYNTHETIC,81.4,73.2
ST04573,Student ST04573,ISE,8,6.75,76.1,77.6,0,5.5,4.8,4.0,2.2,4.1,3.6,3.5,1.0,0,1,1,0,0,5.2,3.4,4.3,1.8,3.1,3.0,0,0,Cybersecurity Specialist,0,SYNTHETIC,88.3,70.8
ST04574,Student ST04574,CSE,7,9.68,97.7,96.2,0,6.0,7.5,7.6,5.9,6.2,5.3,4.4,5.3,3,1,2,0,0,10.0,7.9,7.4,5.9,6.3,5.7,0,0,Full-Stack Developer,1,SYNTHETIC,91.6,74.5
ST04575,Student ST04575,Mechanical,8,7.06,65.5,65.7,0,4.1,8.5,5.2,6.6,4.6,4.7,3.3,1.9,1,1,2,2,0,4.7,3.9,5.1,6.5,5.6,6.7,1,0,Data Analyst,1,SYNTHETIC,91.1,60.4
ST04576,Student ST04576,CSE,8,8.6,82.9,83.1,0,5.5,3.1,5.7,3.7,3.6,7.5,2.4,1.7,1,1,1,2,0,4.9,8.4,4.1,5.9,6.0,3.7,0,0,Data Analyst,1,SYNTHETIC,95.4,77.7
ST04577,Student ST04577,CSE,8,5.84,63.5,61.8,0,5.6,2.9,5.6,1.9,4.6,4.0,4.0,2.6,2,2,1,0,0,4.0,7.1,4.3,3.8,2.9,3.9,0,0,Cloud/DevOps Engineer,0,SYNTHETIC,98.5,94.4
ST04578,Student ST04578,CSE,8,5.36,64.7,57.8,0,2.9,3.9,6.1,2.3,3.8,5.0,1.8,1.0,2,3,1,0,1,4.5,5.0,3.2,5.3,6.1,3.5,1,0,AI/ML Engineer,0,SYNTHETIC,78.9,60.1
ST04579,Student ST04579,CSE,8,7.53,65.0,67.4,0,4.1,4.8,5.0,3.2,3.0,3.5,2.0,1.6,1,1,1,0,1,5.1,6.5,3.6,9.7,8.8,6.3,0,1,Data Analyst,1,SYNTHETIC,77.4,78.3
ST04580,Student ST04580,ISE,8,7.32,73.0,78.4,0,2.9,4.5,3.5,2.7,2.8,3.0,1.0,1.0,3,3,1,0,0,5.5,7.8,1.9,7.6,5.8,4.5,1,0,Cloud/DevOps Engineer,1,SYNTHETIC,87.5,73.1
ST04581,Student ST04581,ISE,8,8.34,80.6,80.3,0,4.2,3.5,3.3,3.1,1.3,3.9,2.4,2.6,0,2,1,0,1,7.2,6.2,3.6,6.2,5.7,4.5,1,0,Data Analyst,0,SYNTHETIC,94.1,73.0
ST04582,Student ST04582,ECE,8,5.19,57.1,57.9,0,2.6,4.2,2.8,1.0,2.3,2.7,2.5,2.7,1,3,1,0,0,4.2,5.0,1.6,4.8,5.3,4.2,0,0,QA Specialist,0,SYNTHETIC,75.7,93.9
ST04583,Student ST04583,CSE,7,8.02,79.4,90.2,0,5.2,4.0,6.1,9.2,4.0,5.4,2.3,2.9,1,1,2,0,0,6.0,6.0,8.1,4.7,3.4,7.1,0,0,Cybersecurity Specialist,1,SYNTHETIC,96.6,76.8
ST04584,Student ST04584,CSE,8,7.39,72.6,76.9,0,5.7,8.7,6.9,6.2,6.2,5.9,2.7,4.1,2,4,2,1,0,5.7,6.6,6.6,8.0,8.1,6.9,1,0,QA Specialist,1,SYNTHETIC,89.8,90.2
ST04585,Student ST04585,ISE,7,5.68,55.0,61.2,0,2.7,2.9,2.7,3.3,2.3,1.0,1.0,3.2,3,1,1,0,1,4.0,5.1,2.5,10.0,9.5,5.8,2,0,AI/ML Engineer,0,SYNTHETIC,83.4,73.6
ST04586,Student ST04586,ISE,8,9.65,93.2,86.5,0,5.9,7.0,8.3,7.5,6.4,6.4,3.4,1.7,4,1,2,0,0,7.7,6.7,6.7,7.4,6.5,6.9,1,0,Full-Stack Developer,1,SYNTHETIC,85.3,67.9
ST04587,Student ST04587,Mechanical,7,6.16,66.6,61.2,0,3.5,2.9,3.3,3.1,2.5,5.3,2.5,1.8,0,2,1,0,0,5.9,5.8,1.8,8.1,7.6,6.5,2,1,Full-Stack Developer,1,SYNTHETIC,90.9,76.5
ST04588,Student ST04588,CSE,8,5.94,64.6,54.7,0,1.9,3.3,5.1,1.9,2.6,3.0,1.0,3.3,2,5,1,0,0,4.3,5.5,2.7,7.7,6.2,4.2,3,0,Cloud/DevOps Engineer,0,SYNTHETIC,89.4,84.5
ST04589,Student ST04589,ISE,8,7.51,72.7,76.8,0,5.7,6.2,5.1,6.6,4.0,4.2,5.3,5.2,0,1,2,0,0,5.7,6.2,6.6,4.0,4.9,4.7,1,0,QA Specialist,1,SYNTHETIC,89.1,87.7
ST04590,Student ST04590,CSE,8,7.44,72.2,74.9,0,3.1,4.8,6.2,4.3,5.7,3.6,1.6,6.1,0,1,1,0,0,6.4,6.5,3.4,6.3,5.6,3.7,0,0,Cloud/DevOps Engineer,1,SYNTHETIC,82.3,62.2
ST04591,Student ST04591,Mechanical,7,8.18,71.7,79.9,0,5.7,6.7,6.7,5.6,1.7,5.3,4.7,5.2,2,2,2,1,1,6.1,6.6,5.8,6.5,7.1,6.7,0,0,QA Specialist,1,SYNTHETIC,91.1,60.5
ST04592,Student ST04592,Mechanical,8,7.8,79.1,79.4,0,4.4,7.5,6.8,5.3,5.4,6.9,5.0,3.8,0,1,1,0,0,5.5,5.1,7.2,5.7,7.5,3.8,0,0,Cloud/DevOps Engineer,0,SYNTHETIC,89.8,72.9
ST04593,Student ST04593,CSE,7,8.02,82.2,75.8,0,5.4,3.7,5.7,4.7,2.8,5.4,1.5,5.5,2,5,1,0,0,7.5,6.7,4.2,4.6,3.5,5.0,1,0,Cybersecurity Specialist,1,SYNTHETIC,79.1,76.4
ST04594,Student ST04594,CSE,8,7.68,73.8,78.0,0,4.5,5.1,5.0,4.2,3.0,3.3,4.1,1.2,0,1,1,0,0,6.3,8.2,5.6,6.2,6.6,6.1,0,0,Cybersecurity Specialist,1,SYNTHETIC,89.1,80.5
ST04595,Student ST04595,Mechanical,8,6.27,63.8,58.4,0,3.3,1.0,5.5,5.9,4.4,4.8,1.0,4.9,4,4,1,0,1,6.0,5.6,5.0,10.0,9.1,7.4,0,0,Cloud/DevOps Engineer,1,SYNTHETIC,87.8,89.5
ST04596,Student ST04596,ECE,8,6.74,65.5,71.5,1,4.8,6.9,8.2,5.0,5.5,5.6,3.8,1.3,0,4,1,1,1,7.6,4.6,5.9,4.6,4.4,4.4,1,0,Data Analyst,0,SYNTHETIC,98.5,94.2
ST04597,Student ST04597,CSE,7,7.59,82.5,71.9,0,3.7,3.0,5.9,5.3,4.8,7.8,1.4,2.2,0,2,1,0,1,7.8,5.9,5.4,3.9,5.5,4.1,1,0,AI/ML Engineer,1,SYNTHETIC,97.6,77.0
ST04598,Student ST04598,CSE,8,6.66,64.9,67.7,0,4.7,4.5,4.5,1.0,3.9,3.3,1.9,2.3,0,1,1,0,0,5.9,4.4,2.0,7.3,7.3,4.9,1,0,Data Analyst,0,SYNTHETIC,78.3,79.4
ST04599,Student ST04599,Mechanical,8,6.27,64.4,64.1,0,4.9,5.6,3.9,2.2,3.4,3.1,2.1,1.5,0,1,1,0,1,5.0,4.2,3.8,4.3,4.3,4.2,1,0,AI/ML Engineer,0,SYNTHETIC,85.0,69.3
ST04600,Student ST04600,ISE,7,8.26,80.3,72.9,0,5.7,5.8,6.1,7.2,6.3,7.7,6.0,3.3,1,3,2,0,0,7.5,8.3,6.1,3.8,5.1,4.9,0,0,Cloud/DevOps Engineer,1,SYNTHETIC,76.7,61.1
ST04601,Student ST04601,ECE,7,8.41,86.1,73.7,0,5.4,3.6,5.3,5.4,4.4,5.1,5.2,1.1,1,5,2,1,0,7.8,7.4,4.9,5.1,5.0,4.5,0,0,Cloud/DevOps Engineer,1,SYNTHETIC,92.2,92.0
ST04602,Student ST04602,CSE,7,7.63,79.5,79.5,0,6.4,7.4,6.2,7.2,5.3,5.0,2.0,5.5,0,2,2,0,0,6.8,6.9,7.1,7.0,7.1,7.1,0,1,QA Specialist,1,SYNTHETIC,88.0,81.2
ST04603,Student ST04603,CSE,7,7.07,66.6,69.6,0,7.7,4.3,7.1,5.3,2.7,3.0,2.8,1.6,0,1,2,0,0,4.7,4.6,6.3,6.3,5.0,6.3,0,0,Cybersecurity Specialist,1,SYNTHETIC,80.0,82.3
ST04604,Student ST04604,CSE,8,7.65,74.6,86.3,0,6.5,5.4,7.5,6.0,3.2,6.0,3.7,1.0,1,2,2,1,1,5.8,4.7,7.1,3.1,2.9,4.8,1,0,Cloud/DevOps Engineer,0,SYNTHETIC,83.9,90.7
ST04605,Student ST04605,ISE,8,6.67,71.4,64.7,0,5.3,4.2,4.6,5.4,4.2,4.2,5.3,1.0,1,1,2,0,0,4.0,4.8,6.4,6.1,6.1,6.9,0,0,Cybersecurity Specialist,0,SYNTHETIC,90.5,91.0
ST04606,Student ST04606,CSE,8,6.11,63.5,67.3,0,2.1,3.4,3.9,3.0,2.1,2.0,1.3,1.0,2,2,1,1,0,5.6,5.3,4.0,4.0,3.1,1.7,1,0,Cloud/DevOps Engineer,0,SYNTHETIC,82.6,85.2
ST04607,Student ST04607,Mechanical,8,7.59,67.1,77.5,0,4.8,5.5,6.7,7.1,2.3,3.9,4.4,2.3,1,3,2,3,0,6.3,5.5,6.1,7.5,8.2,5.4,2,1,Cloud/DevOps Engineer,1,SYNTHETIC,86.3,74.5
ST04608,Student ST04608,ECE,7,7.82,78.2,77.4,0,3.9,2.5,4.0,1.0,4.1,3.3,1.0,4.7,1,2,1,1,0,6.6,7.6,1.9,7.4,7.6,3.4,0,1,QA Specialist,0,SYNTHETIC,75.8,91.5
ST04609,Student ST04609,ECE,8,7.51,81.1,72.2,0,5.5,3.5,4.0,6.2,3.2,5.2,3.2,3.4,1,4,2,0,0,7.6,7.2,4.9,6.5,5.9,6.9,2,0,Data Analyst,1,SYNTHETIC,76.6,80.4
ST04610,Student ST04610,Mechanical,8,5.45,56.8,61.5,0,3.7,2.3,1.8,4.0,5.8,4.4,3.0,1.1,2,4,1,0,0,5.4,4.5,3.6,6.5,5.2,4.8,1,0,Data Analyst,0,SYNTHETIC,86.1,80.8
ST04611,Student ST04611,ISE,8,7.95,79.4,82.2,0,8.6,5.6,8.0,7.8,2.8,6.0,1.4,3.5,0,2,2,1,0,7.2,5.6,8.2,5.0,5.0,7.1,3,0,Cybersecurity Specialist,1,SYNTHETIC,88.1,91.6
ST04612,Student ST04612,CSE,8,6.56,65.8,68.8,0,6.1,6.5,6.3,5.3,4.2,5.1,4.0,4.0,0,2,2,0,2,5.1,5.0,5.2,5.0,4.6,4.5,1,0,QA Specialist,0,SYNTHETIC,78.1,82.6
ST04613,Student ST04613,Mechanical,7,7.59,77.2,66.4,0,3.4,5.0,3.9,5.3,3.7,1.3,3.6,1.1,0,2,1,1,1,6.3,8.3,4.6,4.8,5.4,3.8,0,0,QA Specialist,1,SYNTHETIC,78.7,65.0
ST04614,Student ST04614,CSE,7,7.85,75.5,76.0,0,2.8,3.2,2.9,2.7,3.4,3.9,1.0,4.4,1,3,1,0,0,7.7,7.7,3.7,7.0,5.8,4.4,0,0,AI/ML Engineer,1,SYNTHETIC,81.1,84.6
ST04615,Student ST04615,Mechanical,7,6.16,67.5,61.5,0,3.7,6.8,5.7,2.6,5.6,3.7,1.0,5.9,2,5,1,0,1,7.5,5.9,4.6,5.3,4.4,4.1,0,0,Data Analyst,1,SYNTHETIC,95.0,64.4
ST04616,Student ST04616,ISE,7,8.2,75.4,80.5,0,7.0,6.2,5.6,7.9,3.3,7.1,2.5,4.4,0,1,2,2,0,8.1,6.5,7.3,7.5,7.7,8.0,0,0,Data Analyst,1,SYNTHETIC,77.9,69.9
ST04617,Student ST04617,Mechanical,7,6.79,70.9,70.9,0,5.2,5.2,4.9,4.7,3.5,3.5,1.0,2.9,1,4,1,1,0,4.0,5.2,5.3,7.0,6.2,4.8,0,0,Cybersecurity Specialist,1,SYNTHETIC,97.8,83.5
ST04618,Student ST04618,Mechanical,8,8.49,78.7,85.7,0,6.6,4.2,6.0,6.9,3.3,3.5,2.7,4.6,2,6,2,1,0,6.8,8.2,6.4,6.7,8.0,7.3,0,0,Data Analyst,1,SYNTHETIC,96.7,78.9
ST04619,Student ST04619,CSE,7,7.19,72.9,73.8,0,7.0,4.8,6.4,7.0,5.9,8.8,2.5,4.5,2,5,2,0,1,7.6,6.8,7.8,6.2,5.9,4.9,2,0,QA Specialist,1,SYNTHETIC,90.0,90.2
ST04620,Student ST04620,CSE,8,8.74,84.4,90.5,0,5.0,4.8,3.5,6.2,2.7,4.5,1.3,2.7,1,1,2,1,2,7.0,6.4,5.9,6.5,7.6,6.4,0,0,AI/ML Engineer,1,SYNTHETIC,83.0,78.0
ST04621,Student ST04621,CSE,7,7.75,78.2,76.6,0,7.5,6.3,4.2,3.3,3.3,6.7,5.1,1.9,3,2,2,0,0,4.4,5.7,4.9,4.0,3.6,6.0,0,0,QA Specialist,1,SYNTHETIC,96.1,91.6
ST04622,Student ST04622,CSE,8,7.66,80.0,75.7,0,7.5,8.0,7.8,6.3,4.3,5.9,5.7,3.7,1,4,2,1,0,7.0,8.2,6.2,6.8,5.0,7.2,1,0,Cybersecurity Specialist,1,SYNTHETIC,84.5,61.0
ST04623,Student ST04623,ISE,8,6.13,69.7,60.5,0,6.9,2.9,5.3,5.2,1.4,2.4,1.0,1.0,1,4,2,0,1,6.9,5.5,6.2,7.2,8.0,5.8,0,0,Cybersecurity Specialist,1,SYNTHETIC,91.7,67.3
ST04624,Student ST04624,CSE,8,6.03,70.9,66.7,0,4.2,3.6,4.7,3.9,4.0,2.7,1.0,2.2,3,1,1,0,0,4.7,6.7,3.2,6.0,6.2,4.2,0,0,QA Specialist,0,SYNTHETIC,86.8,82.1
ST04625,Student ST04625,Mechanical,8,7.65,66.9,77.6,0,6.3,6.0,4.3,4.8,4.1,4.6,3.0,1.0,0,2,2,1,3,5.6,6.3,5.5,2.8,5.0,4.6,0,0,AI/ML Engineer,0,SYNTHETIC,82.9,72.3
ST04626,Student ST04626,ISE,7,7.45,75.6,78.9,0,3.4,3.7,7.0,2.2,2.9,5.1,5.3,4.4,2,3,1,0,0,5.3,6.5,3.1,8.9,6.5,5.4,1,1,AI/ML Engineer,1,SYNTHETIC,91.8,91.3
ST04627,Student ST04627,CSE,7,8.37,85.3,80.4,0,4.4,5.5,6.8,7.3,5.9,4.6,2.8,5.7,3,5,2,0,1,6.8,7.7,7.7,4.6,6.3,4.6,0,0,AI/ML Engineer,1,SYNTHETIC,85.5,64.8
ST04628,Student ST04628,ISE,8,7.11,79.0,70.5,0,6.1,3.2,6.6,3.3,2.4,3.0,3.4,2.5,1,2,1,1,0,5.1,6.5,4.9,6.6,4.9,4.8,0,0,Cybersecurity Specialist,0,SYNTHETIC,81.8,63.9
ST04629,Student ST04629,ECE,7,6.7,72.3,73.7,0,3.4,4.4,5.0,5.0,2.1,3.3,1.6,2.0,0,2,1,1,1,5.5,6.7,4.0,3.7,2.6,4.2,2,0,AI/ML Engineer,1,SYNTHETIC,81.5,76.8
ST04630,Student ST04630,Mechanical,7,9.5,96.0,96.2,0,6.8,8.0,6.2,6.1,2.8,6.1,2.8,6.2,2,6,2,1,0,5.9,6.7,7.1,4.0,4.0,6.9,0,0,Cybersecurity Specialist,1,SYNTHETIC,93.5,78.1
ST04631,Student ST04631,Mechanical,7,6.66,71.9,65.1,0,7.8,2.9,1.7,3.6,3.3,4.1,3.4,1.5,0,1,2,0,0,7.3,5.3,6.4,6.5,4.3,5.8,0,0,Full-Stack Developer,0,SYNTHETIC,90.8,78.9
ST04632,Student ST04632,ISE,8,8.36,85.9,86.8,0,6.5,5.9,5.6,4.5,4.2,5.2,2.8,4.2,2,3,2,2,1,6.1,7.3,3.8,7.0,6.1,5.3,0,0,Data Analyst,1,SYNTHETIC,80.4,82.8
ST04633,Student ST04633,CSE,7,8.16,80.2,86.1,0,8.1,7.3,9.0,8.1,5.1,9.2,5.7,4.7,3,3,2,1,0,7.6,6.1,6.9,6.3,3.8,6.1,2,0,Data Analyst,1,SYNTHETIC,97.4,92.2
ST04634,Student ST04634,CSE,7,8.12,81.1,86.5,0,9.0,5.3,5.2,5.7,2.7,3.3,3.3,5.7,2,1,2,2,0,8.1,6.7,6.7,4.8,4.4,5.9,0,0,Full-Stack Developer,0,SYNTHETIC,97.0,67.3
ST04635,Student ST04635,CSE,8,8.52,88.5,83.5,0,5.0,4.7,6.0,8.3,4.0,3.5,3.7,2.7,2,1,2,0,0,9.9,7.8,8.3,4.4,5.7,5.2,1,0,Data Analyst,0,SYNTHETIC,84.4,69.3
ST04636,Student ST04636,ECE,7,5.24,56.2,61.7,0,6.1,4.4,5.1,3.3,1.4,1.1,2.8,3.6,0,6,1,0,0,6.0,4.2,4.2,5.4,5.7,5.2,1,0,QA Specialist,0,SYNTHETIC,97.4,82.3
ST04637,Student ST04637,CSE,8,7.06,66.3,71.8,0,5.8,6.4,6.1,3.4,6.2,4.9,3.5,2.0,1,1,1,1,0,7.2,6.9,4.2,5.4,4.4,5.2,0,0,Cloud/DevOps Engineer,1,SYNTHETIC,85.4,64.1
ST04638,Student ST04638,Mechanical,8,8.66,87.9,79.6,0,8.1,7.9,8.1,9.3,4.2,6.5,4.0,6.8,1,1,2,0,0,8.3,7.2,8.7,4.1,3.1,5.8,0,0,AI/ML Engineer,1,SYNTHETIC,92.5,86.9
ST04639,Student ST04639,ISE,8,8.05,78.3,67.9,0,8.7,4.4,8.8,7.1,2.4,5.5,3.7,3.2,2,1,2,1,1,8.0,7.0,7.9,10.0,9.0,9.9,1,0,Cloud/DevOps Engineer,1,SYNTHETIC,97.5,84.7
ST04640,Student ST04640,CSE,8,7.48,79.9,75.9,0,7.0,6.9,5.9,4.9,4.4,5.2,5.3,2.6,2,2,2,1,2,5.5,6.9,5.1,9.0,7.7,8.0,1,0,Cloud/DevOps Engineer,1,SYNTHETIC,82.5,81.0
ST04641,Student ST04641,ISE,7,9.27,97.2,97.0,0,5.4,3.4,5.6,4.4,5.2,7.6,1.2,5.5,1,3,1,2,2,5.7,6.7,4.7,5.9,5.7,6.4,0,0,AI/ML Engineer,1,SYNTHETIC,87.5,85.6
ST04642,Student ST04642,Mechanical,7,8.01,81.9,72.6,0,6.6,4.4,5.2,4.5,3.2,1.8,5.9,4.4,2,2,2,1,1,7.1,6.9,5.5,8.1,7.3,6.3,0,1,Cybersecurity Specialist,1,SYNTHETIC,86.7,90.4
ST04643,Student ST04643,CSE,8,7.6,76.0,72.0,0,6.0,6.3,6.9,4.6,3.2,5.2,6.0,2.1,2,3,2,1,0,5.4,8.3,4.6,6.0,5.2,5.8,0,0,Full-Stack Developer,0,SYNTHETIC,94.9,86.1
ST04644,Student ST04644,CSE,7,7.96,77.7,80.7,0,6.2,5.0,5.4,3.3,4.8,5.5,2.8,2.6,3,3,1,0,1,5.4,7.3,4.8,8.5,7.4,6.6,0,0,Cloud/DevOps Engineer,1,SYNTHETIC,87.8,75.2
ST04645,Student ST04645,CSE,7,7.25,71.9,72.8,0,6.9,7.6,7.9,5.8,3.2,7.7,3.5,2.3,0,1,2,1,0,7.0,5.9,7.4,6.1,7.1,7.1,0,0,Cybersecurity Specialist,0,SYNTHETIC,99.0,63.5
ST04646,Student ST04646,CSE,8,5.11,56.0,61.1,0,1.4,1.0,1.0,3.1,2.6,1.0,1.3,2.4,0,2,1,0,1,2.9,3.9,2.3,8.7,7.9,4.9,1,0,Full-Stack Developer,0,SYNTHETIC,96.9,82.1
ST04647,Student ST04647,CSE,8,6.32,68.0,63.7,0,4.2,5.6,3.3,4.3,3.6,5.1,2.9,1.6,0,4,1,0,0,4.5,6.5,4.9,1.9,4.1,3.3,0,0,AI/ML Engineer,1,SYNTHETIC,93.0,67.8
ST04648,Student ST04648,CSE,8,6.67,70.0,66.4,0,5.2,5.6,3.5,2.9,4.1,2.1,6.6,4.1,0,3,1,0,0,8.3,6.7,4.2,7.8,6.4,6.1,0,0,QA Specialist,1,SYNTHETIC,85.4,74.8
ST04649,Student ST04649,ISE,7,9.15,90.7,88.5,0,7.0,10.0,8.7,6.4,4.2,6.6,4.4,6.1,2,4,2,0,1,5.8,8.2,7.3,6.8,5.9,6.1,1,0,Cloud/DevOps Engineer,1,SYNTHETIC,83.7,89.9
ST04650,Student ST04650,ECE,8,6.29,62.3,64.3,0,3.9,3.4,4.8,5.1,3.9,3.7,3.0,1.0,1,3,1,0,1,6.4,5.7,3.9,5.1,5.1,6.1,2,0,Cloud/DevOps Engineer,1,SYNTHETIC,84.1,88.5
ST04651,Student ST04651,ISE,8,6.54,72.4,74.1,0,7.0,4.5,4.5,7.6,4.8,6.0,1.6,4.2,0,5,2,0,1,6.6,5.3,8.8,7.5,7.5,6.9,0,0,Cybersecurity Specialist,1,SYNTHETIC,89.5,74.0
ST04652,Student ST04652,Mechanical,8,7.14,71.8,75.6,0,6.5,6.3,5.4,8.6,1.3,5.5,3.9,4.2,0,1,2,2,0,5.6,4.6,8.0,6.4,4.9,8.8,0,0,Cybersecurity Specialist,1,SYNTHETIC,97.9,72.8
ST04653,Student ST04653,ISE,7,7.7,73.0,78.5,0,4.4,6.4,6.0,6.2,2.1,6.5,2.7,3.7,1,4,2,0,0,7.3,5.3,5.0,6.4,4.2,4.5,1,0,QA Specialist,0,SYNTHETIC,87.0,87.5
ST04654,Student ST04654,ECE,7,7.68,74.1,81.6,0,5.8,3.6,7.7,6.1,4.6,6.6,2.2,4.0,2,2,2,0,0,8.5,6.0,5.2,5.6,5.5,5.7,1,0,Data Analyst,1,SYNTHETIC,89.0,91.0
ST04655,Student ST04655,CSE,7,6.71,71.6,69.7,0,3.9,4.4,3.8,2.5,2.6,2.7,3.6,1.8,0,3,1,1,2,6.9,6.8,3.1,5.4,3.9,3.8,0,0,Cloud/DevOps Engineer,0,SYNTHETIC,89.8,74.8
ST04656,Student ST04656,ISE,8,8.51,79.8,81.9,0,8.3,5.9,5.8,5.8,1.3,7.0,5.9,3.3,1,5,2,0,0,7.6,7.0,7.5,6.1,5.8,7.6,0,0,Full-Stack Developer,1,SYNTHETIC,88.2,85.6
ST04657,Student ST04657,ECE,7,5.23,55.6,57.9,0,6.0,6.3,5.0,4.0,3.0,4.0,1.0,1.2,2,2,1,0,1,7.0,6.7,4.1,7.5,6.2,5.4,0,0,Full-Stack Developer,0,SYNTHETIC,85.5,82.1
ST04658,Student ST04658,ECE,7,8.28,84.8,90.5,0,6.0,3.6,5.0,1.8,3.5,3.0,1.0,1.6,1,1,1,0,0,6.9,6.5,2.8,6.0,6.7,5.1,0,0,Cybersecurity Specialist,1,SYNTHETIC,96.8,64.8
ST04659,Student ST04659,Mechanical,8,5.47,55.0,69.4,0,1.2,4.0,4.5,2.7,1.0,2.3,2.4,1.0,0,3,1,0,0,5.5,3.8,3.6,5.2,5.1,2.9,0,0,QA Specialist,0,SYNTHETIC,80.8,84.1
ST04660,Student ST04660,ISE,7,7.35,66.2,72.3,0,3.7,4.7,4.7,4.3,1.0,4.3,4.2,1.0,2,5,1,0,0,5.1,6.3,4.2,4.4,4.6,3.1,0,0,AI/ML Engineer,0,SYNTHETIC,88.5,76.9
ST04661,Student ST04661,CSE,7,7.3,76.5,67.8,0,3.0,4.8,5.2,1.6,1.8,4.4,2.7,3.5,1,1,1,0,0,5.8,6.2,3.0,6.9,7.0,3.8,0,0,Full-Stack Developer,0,SYNTHETIC,85.2,89.5
ST04662,Student ST04662,Mechanical,7,6.61,74.5,66.2,0,5.5,3.7,2.6,4.4,3.0,3.2,1.8,2.0,1,3,1,0,1,6.6,5.9,5.9,5.9,7.3,4.9,3,0,Cybersecurity Specialist,0,SYNTHETIC,76.5,61.4
ST04663,Student ST04663,CSE,8,7.32,73.1,74.1,0,4.8,7.1,4.8,3.6,4.0,2.5,5.0,2.7,0,1,1,1,0,7.5,6.1,4.4,3.6,4.7,3.9,1,0,Cloud/DevOps Engineer,1,SYNTHETIC,96.6,73.7
ST04664,Student ST04664,ECE,8,7.82,84.1,79.8,0,6.9,8.0,6.9,5.9,6.0,6.5,4.5,2.8,1,2,2,1,0,4.8,5.5,5.6,7.7,6.7,7.6,1,0,Cloud/DevOps Engineer,0,SYNTHETIC,97.5,61.0
ST04665,Student ST04665,CSE,8,6.4,63.9,65.3,0,6.2,4.8,7.4,4.9,3.7,5.1,3.5,2.8,1,3,2,0,0,6.8,4.2,4.9,7.2,5.9,5.1,0,0,AI/ML Engineer,0,SYNTHETIC,88.0,61.9
ST04666,Student ST04666,CSE,7,8.71,91.1,84.5,0,6.2,7.4,5.6,9.3,4.8,5.2,5.6,2.4,1,3,2,0,0,5.2,6.8,8.5,5.1,5.3,6.8,2,0,AI/ML Engineer,0,SYNTHETIC,94.7,85.6
ST04667,Student ST04667,CSE,7,7.31,78.0,76.2,0,4.3,7.7,5.9,5.0,2.9,3.7,3.3,1.2,0,1,1,0,0,8.0,7.9,5.2,5.6,6.8,6.3,3,0,Full-Stack Developer,0,SYNTHETIC,87.9,71.3
ST04668,Student ST04668,CSE,8,7.8,76.2,76.6,0,6.7,6.9,7.8,6.9,5.0,6.2,1.9,5.1,3,4,2,2,0,8.2,6.5,7.1,5.5,6.2,7.4,0,0,Cloud/DevOps Engineer,1,SYNTHETIC,87.5,88.3
ST04669,Student ST04669,Mechanical,7,5.11,55.0,51.2,1,4.1,1.0,1.8,4.7,1.1,3.3,1.0,2.9,0,5,1,0,0,3.6,5.6,3.5,7.0,7.1,5.1,1,0,Cybersecurity Specialist,0,SYNTHETIC,92.6,66.5
ST04670,Student ST04670,CSE,8,6.11,63.0,73.7,0,2.5,1.1,4.6,6.6,1.0,2.1,3.3,2.2,0,1,1,0,0,5.5,6.6,5.3,4.9,5.6,4.6,0,0,Data Analyst,0,SYNTHETIC,79.2,94.2
ST04671,Student ST04671,CSE,7,6.47,70.2,73.3,0,7.4,4.4,4.6,2.9,4.0,3.6,2.4,1.7,2,3,1,0,0,4.7,3.9,5.2,3.6,3.2,4.5,1,0,Cloud/DevOps Engineer,1,SYNTHETIC,76.1,68.2
ST04672,Student ST04672,ISE,7,7.38,72.9,76.8,0,5.7,5.6,5.9,4.4,4.1,5.2,3.4,5.8,3,2,1,0,0,4.0,6.2,3.3,5.2,3.4,5.9,0,0,AI/ML Engineer,0,SYNTHETIC,82.6,60.7
ST04673,Student ST04673,ISE,8,6.32,73.6,67.2,0,3.6,4.1,5.1,5.2,3.2,2.5,2.4,1.8,2,1,1,0,0,6.9,6.0,4.3,8.8,7.9,6.9,1,1,Full-Stack Developer,1,SYNTHETIC,96.8,81.4
ST04674,Student ST04674,ISE,7,7.79,81.8,79.2,0,7.0,5.5,5.9,6.3,3.7,4.8,4.4,3.1,1,6,2,0,0,7.4,7.4,5.1,5.3,4.9,6.7,0,0,Data Analyst,1,SYNTHETIC,92.8,65.5
ST04675,Student ST04675,Mechanical,8,8.53,86.7,79.9,0,6.1,9.2,9.3,6.6,3.0,7.2,5.3,3.5,2,2,2,1,0,8.9,7.5,6.2,5.6,4.1,5.2,0,0,AI/ML Engineer,1,SYNTHETIC,98.6,86.2
ST04676,Student ST04676,CSE,8,8.53,88.4,76.4,0,5.9,8.2,7.5,5.1,3.8,8.0,5.6,2.6,0,2,2,0,0,7.1,6.9,5.9,5.3,5.2,4.8,1,0,Full-Stack Developer,1,SYNTHETIC,81.5,91.7
ST04677,Student ST04677,Mechanical,7,9.04,88.4,85.7,0,4.5,1.9,5.3,4.2,1.3,3.5,1.0,1.0,0,2,1,0,0,6.7,7.2,5.7,5.2,4.7,4.4,2,0,AI/ML Engineer,1,SYNTHETIC,95.0,91.0
ST04678,Student ST04678,ECE,7,7.71,75.7,84.3,0,5.2,7.7,5.3,9.0,4.7,7.2,5.2,2.2,2,2,2,0,0,7.5,6.1,7.7,5.2,4.8,5.6,0,0,Full-Stack Developer,1,SYNTHETIC,92.2,91.2
ST04679,Student ST04679,ISE,8,8.15,82.3,86.3,0,7.0,5.5,4.0,7.0,4.2,4.6,5.2,4.5,0,3,2,1,1,7.2,7.0,7.1,5.8,4.1,7.9,2,0,QA Specialist,1,SYNTHETIC,89.4,65.7
ST04680,Student ST04680,CSE,7,7.12,69.8,70.2,0,2.7,1.0,3.0,1.0,3.2,3.4,3.9,1.0,0,3,1,1,1,7.3,5.7,2.4,7.5,6.8,4.8,1,0,Data Analyst,1,SYNTHETIC,81.8,73.2
ST04681,Student ST04681,ISE,8,6.93,71.8,69.0,0,4.1,3.2,2.5,3.2,1.5,3.2,1.8,2.5,1,1,1,1,0,6.2,4.7,3.4,8.5,8.2,6.4,0,0,QA Specialist,1,SYNTHETIC,82.7,91.8
ST04682,Student ST04682,ECE,7,8.17,79.9,80.9,0,4.7,4.9,6.1,6.1,6.2,4.1,4.9,4.1,0,2,2,1,1,5.8,4.8,5.5,6.0,6.0,5.9,0,0,QA Specialist,1,SYNTHETIC,77.1,74.3
ST04683,Student ST04683,Mechanical,7,7.88,78.7,79.8,0,9.1,7.5,7.7,9.2,5.7,6.9,2.9,4.3,0,4,3,1,0,7.0,6.4,9.5,6.5,5.2,7.4,0,0,AI/ML Engineer,1,SYNTHETIC,87.6,82.8
ST04684,Student ST04684,CSE,7,6.78,71.3,66.6,0,2.8,4.1,4.5,3.5,3.8,5.3,1.0,3.5,0,2,1,2,1,5.5,5.6,2.3,6.4,6.4,4.3,0,0,Cloud/DevOps Engineer,1,SYNTHETIC,92.0,92.3
ST04685,Student ST04685,ISE,7,7.14,65.5,68.4,0,5.7,5.3,5.7,5.5,1.9,4.1,4.1,4.4,3,2,2,0,0,7.5,7.7,4.6,5.8,6.6,4.6,0,0,AI/ML Engineer,1,SYNTHETIC,98.3,83.1
ST04686,Student ST04686,ISE,8,6.83,70.1,72.8,0,6.9,2.9,7.5,5.5,5.3,4.8,2.0,3.9,0,5,2,0,0,5.2,4.9,6.5,5.9,5.8,6.9,1,0,QA Specialist,1,SYNTHETIC,78.5,62.1
ST04687,Student ST04687,Mechanical,7,6.12,55.0,69.7,0,4.7,2.5,3.8,1.0,1.6,2.8,2.9,1.8,0,3,1,0,1,4.8,6.1,2.3,2.9,4.2,1.7,1,0,Full-Stack Developer,0,SYNTHETIC,88.2,77.4
ST04688,Student ST04688,CSE,7,7.21,69.6,80.3,0,5.2,4.5,4.9,2.2,4.6,3.8,3.0,1.0,1,3,1,1,0,7.0,4.0,2.6,6.5,5.7,5.1,1,0,Full-Stack Developer,0,SYNTHETIC,84.2,82.5
ST04689,Student ST04689,Mechanical,8,7.54,84.9,74.2,0,5.7,4.4,6.2,3.8,4.0,3.5,3.1,2.4,2,1,1,0,0,5.8,6.6,4.2,6.7,5.5,5.3,0,0,Cloud/DevOps Engineer,1,SYNTHETIC,97.5,71.5
ST04690,Student ST04690,ECE,8,6.96,72.4,65.9,0,5.2,3.0,6.2,4.5,1.0,2.8,3.4,3.6,2,2,1,1,0,6.4,7.5,5.0,6.4,6.0,5.9,0,0,Cybersecurity Specialist,1,SYNTHETIC,81.7,79.2
ST04691,Student ST04691,Mechanical,8,8.99,88.9,93.9,0,6.7,5.0,5.0,5.6,5.4,6.3,6.8,2.5,0,3,2,1,2,6.4,6.2,5.2,5.3,5.8,5.8,1,0,Cybersecurity Specialist,1,SYNTHETIC,76.4,87.1
ST04692,Student ST04692,CSE,7,7.52,74.1,74.5,0,5.0,4.0,5.0,4.6,2.9,4.3,1.2,2.8,1,5,1,0,0,8.0,7.1,5.3,7.8,6.8,7.1,1,1,Data Analyst,1,SYNTHETIC,82.6,61.3
ST04693,Student ST04693,ISE,7,7.74,80.6,76.6,0,6.0,7.0,6.2,7.7,4.1,4.5,6.0,4.6,4,2,2,0,0,7.4,6.3,6.6,7.5,6.0,7.2,0,0,Cybersecurity Specialist,1,SYNTHETIC,84.1,74.9
ST04694,Student ST04694,CSE,8,8.5,89.3,76.8,0,4.8,5.3,6.1,5.3,5.6,8.7,1.9,4.8,2,1,1,0,0,6.0,9.7,5.1,6.8,5.1,5.8,0,0,QA Specialist,1,SYNTHETIC,92.6,85.8
ST04695,Student ST04695,CSE,8,7.29,78.8,71.8,0,5.6,6.5,6.8,6.5,2.3,6.4,4.7,6.3,1,2,2,2,0,6.5,3.9,6.7,5.7,5.1,5.9,0,0,Cybersecurity Specialist,1,SYNTHETIC,82.9,86.7
ST04696,Student ST04696,ECE,7,7.81,79.7,74.7,0,3.5,4.3,4.4,6.5,3.2,4.3,1.4,3.2,3,1,1,1,1,6.8,5.2,6.9,6.2,7.1,5.5,0,0,Cloud/DevOps Engineer,1,SYNTHETIC,84.4,88.7
ST04697,Student ST04697,ECE,7,7.67,77.3,77.0,0,10.0,6.6,5.5,5.2,3.9,4.7,2.9,4.8,1,3,2,0,0,5.6,6.8,6.7,5.7,5.4,6.0,1,0,Data Analyst,1,SYNTHETIC,92.9,82.8
ST04698,Student ST04698,ECE,7,7.62,77.5,78.4,0,6.4,4.2,6.7,7.6,3.4,3.5,5.2,3.8,0,2,2,0,1,5.6,6.9,6.6,4.1,3.4,4.3,0,0,AI/ML Engineer,0,SYNTHETIC,98.5,77.9
ST04699,Student ST04699,ISE,7,7.18,72.9,73.5,0,5.1,2.7,4.1,4.4,2.6,3.1,3.9,1.5,1,1,1,0,0,5.1,6.4,5.2,4.7,3.2,5.9,1,0,Cybersecurity Specialist,1,SYNTHETIC,88.7,66.7
ST04700,Student ST04700,CSE,7,8.07,78.3,74.3,0,4.2,3.9,1.4,3.1,2.4,4.2,1.9,3.3,1,3,1,0,0,6.4,7.1,3.4,6.4,5.3,5.4,0,0,AI/ML Engineer,1,SYNTHETIC,82.5,85.0
ST04701,Student ST04701,CSE,8,6.42,68.5,64.8,0,4.1,4.3,5.5,3.2,1.9,2.2,5.6,1.5,0,3,1,0,1,6.8,6.0,5.0,7.2,7.2,6.0,0,0,Cybersecurity Specialist,1,SYNTHETIC,98.4,83.9
ST04702,Student ST04702,CSE,7,8.44,83.1,90.1,0,5.4,4.5,3.3,5.1,3.3,2.9,1.0,3.0,3,4,2,1,1,4.8,7.6,6.0,10.0,7.3,5.8,0,0,Full-Stack Developer,1,SYNTHETIC,84.9,65.0
ST04703,Student ST04703,CSE,7,5.05,55.0,50.0,0,3.2,2.4,2.7,3.4,1.0,2.7,2.5,1.0,2,3,1,0,0,3.9,4.3,4.1,7.4,6.9,5.0,0,1,Cloud/DevOps Engineer,0,SYNTHETIC,96.7,87.8
ST04704,Student ST04704,CSE,7,7.64,79.0,77.3,0,4.7,5.7,3.5,5.6,4.5,4.9,4.7,2.7,2,4,1,1,0,7.2,6.9,6.8,6.1,4.5,5.9,2,0,Cybersecurity Specialist,1,SYNTHETIC,75.4,68.3
ST04705,Student ST04705,CSE,7,7.98,82.3,77.5,0,6.8,5.3,6.5,9.4,4.6,5.9,2.1,3.0,1,2,2,2,1,5.8,6.7,10.0,5.3,7.0,6.8,1,0,Cloud/DevOps Engineer,1,SYNTHETIC,91.2,89.8
ST04706,Student ST04706,CSE,7,6.92,74.6,76.9,0,2.9,1.4,4.4,7.0,5.1,1.0,1.1,4.7,0,4,1,0,1,4.6,7.2,5.2,4.2,4.5,5.9,1,0,AI/ML Engineer,0,SYNTHETIC,94.8,92.8
ST04707,Student ST04707,CSE,7,8.07,79.8,83.9,0,4.3,4.4,6.1,7.5,3.9,7.9,5.3,2.7,1,2,2,3,1,6.4,6.3,5.5,7.9,7.8,6.8,1,1,QA Specialist,1,SYNTHETIC,76.0,65.6
ST04708,Student ST04708,CSE,7,6.18,68.9,58.8,0,4.9,1.1,4.7,3.5,1.3,4.6,1.6,2.7,0,2,1,0,1,5.1,4.6,3.5,8.2,7.3,4.7,1,1,Cybersecurity Specialist,0,SYNTHETIC,91.1,91.5
ST04709,Student ST04709,CSE,7,6.7,71.0,71.8,0,4.9,3.1,2.0,1.4,1.6,3.6,3.3,1.6,0,1,1,0,0,6.4,4.4,3.1,7.7,7.2,4.0,0,0,Data Analyst,0,SYNTHETIC,88.4,66.9
ST04710,Student ST04710,CSE,7,6.7,75.7,74.4,0,2.4,5.3,2.4,3.7,5.2,4.4,3.0,2.7,0,3,1,0,0,7.2,6.0,2.9,8.3,7.0,4.5,1,1,Data Analyst,1,SYNTHETIC,86.6,70.0
ST04711,Student ST04711,CSE,7,6.95,71.2,75.8,0,4.1,2.6,5.3,4.4,3.2,5.6,3.2,1.0,1,2,1,0,0,6.4,6.9,4.2,8.8,7.2,6.2,2,1,Data Analyst,1,SYNTHETIC,83.4,80.6
ST04712,Student ST04712,CSE,8,7.3,70.0,71.0,0,3.1,2.4,3.7,2.1,5.5,3.0,2.7,2.3,3,4,1,1,0,6.6,5.7,3.5,6.5,5.3,3.4,0,0,Full-Stack Developer,0,SYNTHETIC,76.5,67.3
ST04713,Student ST04713,ISE,8,6.01,66.6,59.2,0,4.2,3.5,6.2,3.5,3.8,3.3,4.1,1.0,1,1,1,0,1,4.8,4.6,3.3,6.8,5.9,5.2,1,0,AI/ML Engineer,0,SYNTHETIC,98.3,94.0
ST04714,Student ST04714,ISE,8,7.98,72.0,78.3,0,6.1,7.5,4.8,7.3,4.1,3.8,3.2,2.7,1,1,2,3,0,5.1,6.8,8.2,4.1,4.4,5.5,1,0,Cloud/DevOps Engineer,1,SYNTHETIC,82.7,82.6
ST04715,Student ST04715,CSE,8,7.09,75.5,75.4,0,5.2,3.4,6.5,2.5,2.6,5.8,2.6,1.9,2,1,1,1,0,5.2,6.3,3.3,6.0,5.3,5.4,0,0,Cloud/DevOps Engineer,0,SYNTHETIC,97.7,68.8
ST04716,Student ST04716,CSE,8,7.06,70.4,69.3,0,5.3,5.1,6.7,6.8,4.4,6.1,4.3,3.1,2,6,2,0,1,3.9,6.3,6.0,6.2,6.3,6.8,1,0,Cybersecurity Specialist,1,SYNTHETIC,98.2,84.9
ST04717,Student ST04717,CSE,7,8.48,84.1,77.6,0,5.9,5.4,5.1,6.8,1.9,7.4,4.5,3.9,2,1,2,1,0,8.3,7.0,5.7,7.2,7.0,5.9,0,0,Cybersecurity Specialist,1,SYNTHETIC,79.3,78.0
ST04718,Student ST04718,ISE,8,8.86,97.9,85.1,0,4.8,5.3,6.5,4.3,4.9,4.8,4.0,3.0,1,1,1,2,0,6.7,7.1,3.4,6.6,6.1,5.4,3,0,Cybersecurity Specialist,1,SYNTHETIC,81.7,69.9
ST04719,Student ST04719,CSE,8,7.45,75.0,73.1,0,6.4,4.3,2.8,3.7,1.7,3.4,3.4,1.0,1,1,1,0,0,7.6,6.5,4.4,8.7,7.7,6.9,0,0,Data Analyst,1,SYNTHETIC,79.7,84.1
ST04720,Student ST04720,CSE,8,8.45,81.3,84.6,0,7.7,8.0,6.7,5.0,5.6,6.7,1.4,4.0,0,2,2,0,1,6.6,7.7,5.6,4.4,3.9,5.8,0,0,Cloud/DevOps Engineer,0,SYNTHETIC,97.7,63.0
ST04721,Student ST04721,ISE,7,6.67,68.6,72.4,0,2.8,5.8,7.7,4.0,4.2,2.9,4.6,4.4,2,3,1,0,1,6.4,6.3,2.6,7.2,6.8,5.7,0,1,Cloud/DevOps Engineer,0,SYNTHETIC,98.8,62.8
ST04722,Student ST04722,ISE,8,7.85,80.1,79.8,0,6.0,5.4,6.3,6.8,1.0,5.4,4.3,1.5,1,6,2,3,0,6.4,4.6,6.2,7.3,6.0,6.1,0,0,QA Specialist,1,SYNTHETIC,83.2,80.4
ST04723,Student ST04723,ECE,7,6.93,70.7,69.3,0,7.0,5.4,5.4,3.8,3.7,4.5,1.0,2.6,1,1,2,0,0,7.1,7.5,4.2,5.0,4.8,6.0,0,0,Full-Stack Developer,1,SYNTHETIC,82.8,72.0
ST04724,Student ST04724,CSE,7,9.65,95.7,88.4,0,6.3,6.8,4.5,8.5,5.6,4.8,4.0,1.0,2,1,2,0,0,6.1,7.8,7.9,4.9,5.2,6.2,1,0,Full-Stack Developer,1,SYNTHETIC,82.0,75.6
ST04725,Student ST04725,ISE,8,8.09,79.7,79.5,0,7.8,5.3,6.6,8.4,4.7,5.0,6.6,1.5,2,6,2,1,0,5.5,6.4,8.7,6.0,5.8,5.2,0,0,Full-Stack Developer,1,SYNTHETIC,96.7,88.2
ST04726,Student ST04726,ECE,7,8.71,75.2,84.9,0,6.9,5.2,5.4,4.8,5.1,6.6,5.7,5.3,2,2,2,0,0,5.3,5.8,5.5,5.5,4.5,5.1,0,0,Full-Stack Developer,1,SYNTHETIC,78.1,85.2
ST04727,Student ST04727,Mechanical,8,6.14,64.3,61.3,0,2.8,4.9,4.8,5.3,1.0,1.6,2.7,1.0,2,2,1,0,1,3.6,5.8,3.9,9.9,8.0,6.7,0,0,AI/ML Engineer,0,SYNTHETIC,77.1,75.2
ST04728,Student ST04728,CSE,8,6.96,69.1,75.8,0,4.0,6.8,4.8,5.8,4.3,3.1,3.8,3.0,1,1,1,0,0,7.0,5.1,5.5,3.4,4.2,4.7,0,0,Cybersecurity Specialist,1,SYNTHETIC,90.4,87.2
ST04729,Student ST04729,ECE,8,8.43,81.9,84.1,0,8.2,6.4,7.3,10.0,5.4,7.6,4.2,3.1,3,4,3,0,0,7.1,5.7,9.2,6.0,6.4,8.0,0,0,Data Analyst,1,SYNTHETIC,76.8,74.3
ST04730,Student ST04730,ECE,8,7.91,70.9,80.1,0,4.5,5.4,5.4,6.0,2.6,4.0,2.6,3.0,1,1,1,0,1,5.7,7.8,5.4,6.8,5.4,5.3,1,0,Cybersecurity Specialist,0,SYNTHETIC,92.2,80.9
ST04731,Student ST04731,CSE,8,6.45,74.8,69.7,0,3.6,3.3,4.8,5.9,4.8,4.8,1.9,4.7,0,2,1,2,0,6.3,5.5,5.3,6.2,4.9,5.0,0,0,AI/ML Engineer,1,SYNTHETIC,87.8,81.2
ST04732,Student ST04732,ISE,8,9.87,97.1,97.0,0,8.8,9.9,7.5,9.8,5.7,5.0,4.5,5.2,4,1,3,1,0,6.1,8.1,10.0,6.8,6.0,8.3,3,0,Cloud/DevOps Engineer,1,SYNTHETIC,79.2,91.9
ST04733,Student ST04733,Mechanical,7,9.17,92.6,81.9,0,3.9,7.7,6.3,6.9,4.6,4.4,6.0,1.8,1,4,2,1,0,5.5,8.6,5.7,4.7,3.3,4.7,0,0,QA Specialist,1,SYNTHETIC,89.6,64.5
ST04734,Student ST04734,ECE,7,6.94,73.5,76.7,0,7.2,3.8,8.7,5.6,2.9,3.1,3.7,4.2,1,3,2,0,1,5.5,6.4,6.2,6.9,6.9,5.9,0,0,QA Specialist,1,SYNTHETIC,93.3,87.6
ST04735,Student ST04735,ISE,7,8.31,89.0,85.1,0,6.3,6.7,4.9,5.3,2.6,7.3,1.1,1.0,2,3,2,0,1,8.0,5.7,7.5,4.8,5.8,4.3,1,0,AI/ML Engineer,1,SYNTHETIC,79.3,69.8
ST04736,Student ST04736,ECE,7,7.11,64.2,67.1,1,3.2,4.7,7.4,3.7,4.3,4.7,4.6,5.3,1,1,1,1,0,4.3,5.0,3.5,6.7,6.2,4.9,0,0,Cybersecurity Specialist,0,SYNTHETIC,86.7,73.7
ST04737,Student ST04737,CSE,7,5.78,60.9,63.3,0,5.0,3.5,5.7,6.8,4.4,6.0,2.7,2.5,1,4,2,0,0,6.1,5.9,6.9,6.3,4.3,5.7,0,0,Cybersecurity Specialist,0,SYNTHETIC,81.3,74.4
ST04738,Student ST04738,ECE,8,9.36,98.0,92.1,0,5.2,5.2,6.7,7.3,2.3,5.1,3.0,8.8,1,4,2,2,0,5.5,5.5,7.0,9.5,8.4,5.7,0,1,AI/ML Engineer,1,SYNTHETIC,84.8,83.7
ST04739,Student ST04739,CSE,7,8.16,76.2,81.2,0,4.9,6.6,5.3,4.5,3.4,4.3,1.0,5.0,0,1,1,3,0,4.9,5.9,5.5,7.0,6.8,5.9,1,0,Data Analyst,1,SYNTHETIC,82.7,61.1
ST04740,Student ST04740,ISE,7,9.62,94.8,85.3,0,7.0,7.6,6.4,6.8,5.2,7.2,4.6,3.7,1,5,2,1,0,6.7,7.2,6.6,3.8,5.0,5.7,0,0,Cloud/DevOps Engineer,1,SYNTHETIC,76.4,70.3
ST04741,Student ST04741,Mechanical,7,10.0,93.3,94.2,0,7.3,7.6,7.4,5.6,6.6,6.1,3.9,3.2,2,5,2,3,0,7.1,6.5,6.4,5.7,5.7,6.9,0,0,Full-Stack Developer,1,SYNTHETIC,90.4,65.3
ST04742,Student ST04742,CSE,8,5.51,57.3,54.3,0,1.0,2.8,2.3,1.9,1.6,3.0,3.8,1.0,0,1,1,0,1,4.2,6.0,2.2,6.8,7.1,3.0,1,0,Full-Stack Developer,0,SYNTHETIC,75.0,88.9
ST04743,Student ST04743,CSE,8,6.91,70.0,71.9,0,6.2,2.3,3.1,3.9,2.7,3.7,2.8,1.0,2,3,1,0,0,6.2,4.9,4.9,4.1,5.0,5.7,1,0,Cloud/DevOps Engineer,1,SYNTHETIC,97.8,74.7
ST04744,Student ST04744,CSE,7,7.66,75.3,71.9,0,8.2,6.2,6.0,6.9,4.2,4.0,5.2,3.7,0,5,2,1,0,7.0,7.8,6.9,6.8,5.7,8.8,0,0,AI/ML Engineer,1,SYNTHETIC,77.7,67.2
ST04745,Student ST04745,ECE,7,8.08,86.0,86.6,0,4.9,4.7,3.4,2.2,1.1,1.8,1.7,3.3,0,2,1,2,0,5.0,6.3,3.2,4.7,4.2,3.8,0,0,Cloud/DevOps Engineer,1,SYNTHETIC,95.5,79.2
ST04746,Student ST04746,CSE,8,9.56,92.3,89.3,0,6.5,3.4,7.8,4.6,5.4,3.4,5.4,4.1,1,3,2,0,0,7.5,6.3,5.3,7.5,6.7,7.1,2,0,QA Specialist,1,SYNTHETIC,83.5,62.6
ST04747,Student ST04747,CSE,7,7.84,71.2,75.6,0,4.7,5.5,4.3,5.2,1.3,4.0,3.2,1.4,2,6,1,1,0,6.8,5.8,4.2,5.3,6.0,3.9,1,0,Full-Stack Developer,0,SYNTHETIC,81.1,84.3
ST04748,Student ST04748,CSE,8,9.34,97.0,97.0,0,6.1,4.6,5.0,6.4,3.5,5.3,3.4,1.1,2,1,2,1,0,8.4,5.7,7.0,6.2,4.9,6.0,0,0,Cloud/DevOps Engineer,1,SYNTHETIC,75.2,68.1
ST04749,Student ST04749,Mechanical,7,6.09,66.2,61.5,0,5.7,2.1,4.0,4.6,2.9,1.9,2.1,4.6,0,2,1,1,1,7.2,7.2,4.5,8.6,8.0,7.2,1,0,Cybersecurity Specialist,1,SYNTHETIC,89.0,81.8
ST04750,Student ST04750,ECE,8,7.87,83.6,74.5,0,3.2,2.6,4.2,4.6,2.4,3.7,4.2,1.8,2,1,1,0,0,8.0,8.2,3.0,5.3,6.6,4.6,1,0,AI/ML Engineer,0,SYNTHETIC,87.5,85.5
ST04751,Student ST04751,CSE,7,6.2,65.1,69.2,0,2.5,6.0,6.4,4.7,6.1,5.1,4.0,3.1,1,5,1,0,0,8.0,6.9,4.3,3.2,2.5,3.6,0,0,Cloud/DevOps Engineer,1,SYNTHETIC,94.5,68.1
ST04752,Student ST04752,CSE,7,6.58,65.5,66.1,0,2.4,5.3,5.1,1.4,1.7,4.7,3.1,4.1,3,4,1,0,0,5.7,7.0,2.2,7.1,8.6,5.5,0,0,Cloud/DevOps Engineer,1,SYNTHETIC,95.0,64.5
ST04753,Student ST04753,Mechanical,7,5.75,60.3,58.4,0,4.1,3.8,4.4,5.8,2.6,6.6,1.0,2.4,2,3,1,0,0,4.5,7.1,5.1,4.0,5.0,4.0,0,0,Data Analyst,0,SYNTHETIC,92.3,81.8
ST04754,Student ST04754,CSE,7,8.42,84.2,85.1,0,3.3,5.2,5.0,8.8,1.3,4.6,5.1,5.6,1,4,2,0,1,6.7,8.8,7.7,6.9,6.5,6.5,0,0,Full-Stack Developer,1,SYNTHETIC,97.3,61.2
ST04755,Student ST04755,ECE,8,7.47,68.4,74.0,0,5.3,4.6,5.5,5.4,3.4,2.1,5.7,6.1,1,3,2,1,0,7.0,6.2,4.8,7.0,7.2,5.8,0,0,AI/ML Engineer,1,SYNTHETIC,80.6,62.0
ST04756,Student ST04756,Mechanical,8,5.67,55.0,61.8,0,3.8,4.6,4.9,3.7,2.5,2.7,2.0,2.3,1,3,1,0,0,6.3,5.2,5.4,5.8,4.2,3.5,1,0,QA Specialist,1,SYNTHETIC,93.0,72.2
ST04757,Student ST04757,CSE,8,8.22,83.0,84.2,0,6.0,6.5,5.5,9.7,4.0,3.2,3.6,3.2,5,4,2,0,1,7.2,4.6,8.6,5.5,6.6,5.6,0,0,Cloud/DevOps Engineer,0,SYNTHETIC,98.8,65.2
ST04758,Student ST04758,Mechanical,7,5.74,62.9,64.6,0,5.3,3.9,4.2,3.6,2.1,2.9,4.1,1.9,4,5,1,0,0,4.5,6.6,4.9,6.4,5.2,4.4,2,0,Full-Stack Developer,1,SYNTHETIC,86.2,79.5
ST04759,Student ST04759,CSE,7,6.44,63.1,75.2,0,4.9,5.0,5.1,4.1,2.9,5.5,2.6,3.7,0,2,1,0,0,7.7,6.2,4.0,4.0,5.2,4.8,1,0,QA Specialist,0,SYNTHETIC,98.4,69.3
ST04760,Student ST04760,CSE,7,7.5,70.6,72.2,0,4.6,3.2,2.2,3.8,1.4,2.7,1.0,1.5,0,3,1,0,0,6.2,4.5,5.0,5.2,4.2,4.5,1,0,AI/ML Engineer,1,SYNTHETIC,80.9,81.1
ST04761,Student ST04761,CSE,8,8.27,76.9,82.8,0,6.5,5.1,6.8,5.2,1.6,7.1,5.1,2.4,3,2,2,1,1,6.0,8.0,5.0,4.4,3.4,6.5,0,0,Cloud/DevOps Engineer,1,SYNTHETIC,88.7,65.3
ST04762,Student ST04762,CSE,7,8.88,95.6,87.5,0,6.3,6.1,5.9,4.6,7.2,4.3,6.2,4.5,1,4,2,0,0,5.6,6.0,4.9,4.7,3.7,6.1,1,0,Data Analyst,1,SYNTHETIC,92.1,91.0
ST04763,Student ST04763,Mechanical,7,7.3,72.8,78.4,0,6.0,3.5,5.9,4.6,1.0,2.2,3.2,2.3,0,3,2,0,0,6.3,7.6,4.6,6.1,6.3,6.0,1,0,AI/ML Engineer,1,SYNTHETIC,88.3,88.9
ST04764,Student ST04764,CSE,8,8.12,79.4,76.6,0,8.8,6.4,7.4,6.0,6.7,6.5,6.0,6.0,0,3,2,0,0,7.4,5.8,6.2,6.7,7.3,8.2,0,0,Full-Stack Developer,0,SYNTHETIC,95.2,66.0
ST04765,Student ST04765,Mechanical,7,8.59,84.8,85.6,0,3.0,6.1,5.1,5.6,2.4,4.0,2.0,2.2,1,4,1,1,0,8.0,8.6,4.5,5.3,4.9,4.1,1,0,Data Analyst,1,SYNTHETIC,81.5,79.5
ST04766,Student ST04766,ISE,8,8.34,76.4,71.9,0,4.2,5.3,6.4,6.6,2.7,5.4,4.7,4.3,1,2,2,1,0,5.8,7.6,6.1,4.6,3.0,4.7,1,0,Cybersecurity Specialist,1,SYNTHETIC,84.7,84.0
ST04767,Student ST04767,Mechanical,7,8.11,83.7,73.3,0,3.8,6.0,4.9,4.9,3.0,4.9,2.1,2.1,0,2,1,1,0,7.7,5.5,3.5,7.4,6.1,5.7,4,1,QA Specialist,0,SYNTHETIC,97.6,61.7
ST04768,Student ST04768,CSE,8,8.73,85.8,90.7,0,6.7,4.1,3.8,4.7,4.5,3.8,3.0,1.0,2,2,2,1,1,5.8,6.0,4.9,6.9,6.8,5.8,0,0,Data Analyst,1,SYNTHETIC,93.3,67.5
ST04769,Student ST04769,ECE,7,7.54,65.8,82.2,0,3.4,6.4,3.2,4.9,2.2,4.7,3.4,2.4,2,1,1,0,0,3.6,7.7,4.6,7.2,8.4,5.6,1,0,Cloud/DevOps Engineer,1,SYNTHETIC,80.4,64.6
ST04770,Student ST04770,CSE,8,7.41,79.2,73.5,0,4.8,5.9,4.7,2.5,5.6,4.4,2.1,3.0,1,6,1,1,0,6.4,7.2,4.6,5.9,5.3,2.9,0,0,Data Analyst,0,SYNTHETIC,85.4,77.7
ST04771,Student ST04771,CSE,7,6.53,76.8,70.1,0,6.3,5.4,6.7,5.4,2.1,6.1,1.8,2.1,2,2,2,0,0,5.6,4.9,6.0,5.9,6.3,6.5,0,0,Cloud/DevOps Engineer,1,SYNTHETIC,87.0,86.7
ST04772,Student ST04772,CSE,7,6.61,72.6,64.5,0,3.5,5.2,3.5,6.1,5.1,1.2,1.0,3.6,2,1,1,0,0,5.5,5.0,5.3,4.6,4.0,5.1,0,0,Cybersecurity Specialist,0,SYNTHETIC,98.3,69.0
ST04773,Student ST04773,ISE,8,6.79,68.0,73.7,0,4.3,2.3,5.2,4.5,2.3,4.3,3.9,4.8,1,1,1,0,0,5.9,6.4,5.3,7.1,6.5,5.8,0,1,Cybersecurity Specialist,0,SYNTHETIC,86.4,81.7
ST04774,Student ST04774,ISE,7,6.26,63.7,67.1,0,6.2,6.2,5.8,5.2,5.2,4.8,6.2,4.3,2,1,2,0,0,6.5,5.9,5.9,4.4,3.9,4.5,1,0,Cybersecurity Specialist,0,SYNTHETIC,83.3,90.1
ST04775,Student ST04775,Mechanical,8,7.56,80.5,75.9,0,4.8,5.6,6.1,4.9,6.0,4.3,2.7,1.0,0,6,1,1,1,8.2,7.7,5.2,7.4,7.8,5.8,0,0,Full-Stack Developer,1,SYNTHETIC,85.7,76.4
ST04776,Student ST04776,ECE,7,7.33,71.6,68.8,0,7.3,7.0,6.0,6.9,3.6,5.6,3.6,2.1,0,1,2,1,0,7.9,6.1,6.4,5.1,6.0,7.3,2,0,QA Specialist,1,SYNTHETIC,95.6,93.3
ST04777,Student ST04777,CSE,8,6.83,75.2,61.5,0,4.3,3.6,3.9,5.6,4.9,3.6,2.4,4.7,0,2,1,0,2,6.8,4.4,5.0,9.7,9.5,7.4,0,0,Cybersecurity Specialist,1,SYNTHETIC,83.8,66.4
ST04778,Student ST04778,ISE,7,6.17,57.1,59.1,0,3.3,2.2,5.8,1.7,1.0,5.1,4.3,1.0,2,2,1,0,0,5.9,6.1,2.2,5.6,4.9,2.6,0,0,Cloud/DevOps Engineer,1,SYNTHETIC,93.5,81.6
ST04779,Student ST04779,Mechanical,7,9.23,94.0,93.4,0,6.7,5.9,7.7,9.5,4.5,6.4,5.4,2.5,2,3,2,2,0,6.9,7.4,8.8,4.0,3.9,7.1,0,0,Cybersecurity Specialist,1,SYNTHETIC,91.9,60.9
ST04780,Student ST04780,CSE,7,7.12,77.2,72.5,0,5.8,3.1,4.7,4.8,3.5,1.9,1.0,3.8,1,1,2,0,0,7.5,6.8,5.2,5.7,5.7,5.8,2,0,Data Analyst,0,SYNTHETIC,80.3,64.7
ST04781,Student ST04781,CSE,8,6.91,75.2,72.1,0,3.1,3.7,2.0,5.5,2.6,4.4,2.2,1.0,0,2,1,0,0,6.0,6.3,5.1,8.7,8.7,4.6,0,1,QA Specialist,1,SYNTHETIC,86.2,89.0
ST04782,Student ST04782,CSE,8,7.35,72.0,78.5,0,5.6,2.4,4.6,4.5,2.6,3.9,3.0,2.8,1,2,1,1,1,5.6,5.3,4.9,6.1,6.7,5.9,0,0,Full-Stack Developer,1,SYNTHETIC,88.2,62.3
ST04783,Student ST04783,ISE,8,6.85,73.2,68.7,0,4.7,3.3,3.6,6.8,3.7,3.6,3.6,1.0,1,1,2,0,0,4.9,5.5,6.4,5.4,5.6,5.7,0,0,Cybersecurity Specialist,1,SYNTHETIC,79.3,69.2
ST04784,Student ST04784,ISE,8,7.46,79.7,68.3,0,4.8,5.4,5.1,5.3,3.6,4.1,3.9,2.7,3,3,1,1,0,6.6,7.5,5.6,3.7,3.0,5.2,1,0,Cybersecurity Specialist,1,SYNTHETIC,92.0,80.9
ST04785,Student ST04785,ISE,8,8.28,83.9,83.2,0,5.3,6.2,7.5,7.4,4.0,6.6,6.9,3.6,1,2,2,0,1,8.1,4.3,7.3,6.0,5.2,5.8,3,0,Cybersecurity Specialist,1,SYNTHETIC,85.2,78.9
ST04786,Student ST04786,Mechanical,8,6.05,66.2,59.3,0,3.8,5.4,6.3,3.6,3.8,6.2,1.0,3.2,1,2,1,0,0,8.0,3.9,4.1,6.4,6.6,3.0,0,0,Full-Stack Developer,0,SYNTHETIC,82.6,67.8
ST04787,Student ST04787,ECE,7,7.91,77.3,80.3,0,7.9,6.0,8.5,7.9,6.7,4.5,3.6,3.2,0,5,2,1,1,6.9,6.7,9.2,7.9,7.6,8.1,2,1,QA Specialist,1,SYNTHETIC,87.0,75.4
ST04788,Student ST04788,CSE,8,7.73,81.8,76.4,0,6.3,5.8,5.2,4.4,1.8,4.5,4.2,4.9,0,1,2,1,0,7.8,7.2,5.2,4.7,4.6,5.3,1,0,Cybersecurity Specialist,1,SYNTHETIC,79.6,61.2
ST04789,Student ST04789,ECE,8,6.41,61.5,63.3,0,4.4,5.5,5.3,2.9,1.6,2.5,1.6,3.4,1,6,1,0,0,4.9,5.6,4.7,8.0,7.9,4.3,1,0,AI/ML Engineer,0,SYNTHETIC,83.7,92.8
ST04790,Student ST04790,ISE,7,8.65,85.4,84.9,0,7.0,6.9,5.9,5.9,4.8,9.2,3.1,2.6,0,2,2,0,1,7.2,6.4,5.4,5.9,4.9,6.5,2,0,AI/ML Engineer,1,SYNTHETIC,89.2,93.3
ST04791,Student ST04791,ECE,8,7.12,75.9,78.2,0,5.7,4.0,5.7,3.5,4.4,5.6,4.8,4.9,2,1,1,0,1,6.5,6.6,4.9,6.6,6.7,4.2,0,0,AI/ML Engineer,1,SYNTHETIC,77.8,74.6
ST04792,Student ST04792,ECE,8,8.43,79.2,86.2,0,5.6,5.5,6.9,8.4,7.1,4.4,3.4,2.6,1,1,2,2,0,7.9,7.7,7.1,5.3,5.4,5.6,0,0,Cloud/DevOps Engineer,1,SYNTHETIC,75.1,73.4
ST04793,Student ST04793,CSE,7,8.22,79.5,80.6,0,7.2,5.2,5.5,7.9,3.3,5.6,5.8,5.1,0,1,2,2,1,6.6,6.7,7.5,7.0,5.6,7.9,1,0,Cloud/DevOps Engineer,1,SYNTHETIC,79.8,90.5
ST04794,Student ST04794,CSE,7,7.89,75.7,72.8,0,5.5,5.6,3.6,3.9,5.1,2.3,1.9,5.6,0,3,1,0,0,7.3,7.1,2.9,8.1,8.7,6.9,2,0,Full-Stack Developer,0,SYNTHETIC,80.9,87.0
ST04795,Student ST04795,CSE,8,8.97,92.3,95.6,0,5.3,7.2,7.2,6.9,5.2,5.5,4.7,4.9,4,6,2,0,0,8.6,6.1,5.3,5.8,4.7,4.9,0,0,QA Specialist,1,SYNTHETIC,77.4,70.3
ST04796,Student ST04796,CSE,8,8.15,80.2,77.2,0,6.2,7.3,7.7,6.1,4.5,5.8,5.6,2.5,5,3,2,3,1,5.7,7.8,5.2,6.6,6.3,7.0,3,0,QA Specialist,1,SYNTHETIC,91.6,81.5
ST04797,Student ST04797,CSE,8,7.58,73.5,78.2,0,5.3,6.2,3.3,6.4,2.2,1.8,1.5,5.3,1,2,2,2,1,5.9,6.4,5.2,6.6,7.2,5.9,0,0,Cybersecurity Specialist,1,SYNTHETIC,86.6,71.2
ST04798,Student ST04798,ECE,7,6.83,72.9,69.2,0,3.0,1.6,4.0,3.4,2.1,2.9,3.2,3.5,1,3,1,0,1,6.5,6.3,4.4,6.2,5.3,3.3,1,0,Full-Stack Developer,1,SYNTHETIC,93.5,71.9
ST04799,Student ST04799,ECE,8,6.55,68.0,65.6,0,6.3,3.6,5.3,4.5,5.5,3.6,2.1,1.1,1,4,2,0,1,6.8,6.9,5.1,6.4,5.9,6.7,0,0,Cloud/DevOps Engineer,1,SYNTHETIC,84.1,89.8
ST04800,Student ST04800,CSE,8,6.62,69.3,63.6,0,5.3,3.3,3.7,7.0,5.0,3.0,2.3,2.3,2,1,2,0,0,5.7,6.3,6.6,4.2,5.0,5.8,1,0,Data Analyst,0,SYNTHETIC,80.6,63.9
ST04801,Student ST04801,CSE,7,7.33,79.7,75.1,0,5.6,6.5,7.8,3.8,3.7,4.1,3.8,3.6,3,4,1,0,0,6.3,7.1,4.7,4.9,4.3,5.2,1,0,AI/ML Engineer,1,SYNTHETIC,90.8,84.5
ST04802,Student ST04802,CSE,8,8.1,81.5,76.7,0,3.0,1.8,2.6,1.5,5.0,3.1,1.6,1.6,1,1,1,2,0,6.6,8.2,1.8,7.5,7.5,4.9,0,1,Cloud/DevOps Engineer,0,SYNTHETIC,89.8,80.7
ST04803,Student ST04803,CSE,8,7.5,71.7,74.5,0,4.7,5.7,5.3,5.3,2.8,4.7,3.4,2.5,0,3,1,1,1,6.7,6.3,4.2,6.8,5.9,5.1,2,0,QA Specialist,1,SYNTHETIC,86.4,83.9
ST04804,Student ST04804,CSE,8,6.07,63.9,68.3,0,3.5,2.0,6.3,5.9,4.5,4.9,1.5,1.0,1,4,1,0,0,4.8,4.0,4.8,7.3,8.4,4.1,0,1,QA Specialist,0,SYNTHETIC,84.6,88.9
ST04805,Student ST04805,ECE,7,8.89,93.4,81.8,0,4.3,4.7,2.6,2.7,4.3,5.2,4.7,1.0,3,3,1,2,0,5.9,7.9,3.0,9.6,9.7,6.2,1,1,Data Analyst,1,SYNTHETIC,84.9,63.1
ST04806,Student ST04806,CSE,7,7.48,76.0,80.3,0,4.9,5.3,4.6,4.9,1.0,5.4,4.1,2.2,2,2,1,2,0,5.3,7.3,4.1,7.5,6.7,5.7,0,1,Full-Stack Developer,0,SYNTHETIC,95.6,91.8
ST04807,Student ST04807,ISE,7,8.53,88.0,84.4,0,7.3,6.7,6.1,5.2,4.1,6.0,4.3,2.6,2,1,2,1,0,6.3,6.9,5.8,7.0,6.2,6.5,1,0,AI/ML Engineer,0,SYNTHETIC,92.0,84.9
ST04808,Student ST04808,CSE,8,9.11,89.7,90.0,0,6.9,8.3,3.7,7.6,6.7,7.1,1.9,1.2,0,4,2,1,0,8.8,5.6,7.0,5.4,5.9,8.3,0,0,Data Analyst,1,SYNTHETIC,85.0,87.9
ST04809,Student ST04809,ECE,7,8.89,88.5,85.2,0,5.5,5.6,7.6,3.8,2.9,4.5,3.6,2.4,4,3,1,2,0,8.1,6.0,4.7,5.1,4.2,5.1,0,0,Cloud/DevOps Engineer,1,SYNTHETIC,79.7,85.9
ST04810,Student ST04810,CSE,8,5.85,61.0,55.3,0,6.1,1.0,5.0,5.9,3.7,2.1,4.0,1.6,1,2,2,0,2,4.8,7.2,6.9,7.3,6.5,5.0,2,0,Data Analyst,0,SYNTHETIC,77.4,77.1
ST04811,Student ST04811,CSE,7,7.6,75.0,74.3,0,5.8,3.4,6.6,6.5,2.2,7.2,2.8,2.8,0,3,2,1,0,7.2,8.9,5.9,7.7,8.2,6.7,0,0,Full-Stack Developer,1,SYNTHETIC,87.7,85.9
ST04812,Student ST04812,ISE,7,7.94,78.1,81.5,0,6.6,4.2,7.4,8.4,4.3,3.4,5.4,7.1,1,5,2,2,0,7.3,7.4,7.4,5.7,5.3,6.4,3,0,AI/ML Engineer,1,SYNTHETIC,98.6,65.1
ST04813,Student ST04813,ISE,8,6.2,62.6,62.5,1,2.9,3.6,2.3,3.5,3.7,3.9,1.3,2.1,0,5,1,1,0,6.9,4.5,3.4,5.1,4.0,3.9,1,0,Cloud/DevOps Engineer,0,SYNTHETIC,95.7,61.9
ST04814,Student ST04814,CSE,7,7.53,71.2,72.8,0,6.9,6.8,8.0,6.6,5.5,6.8,5.6,4.6,0,1,2,0,2,7.2,8.4,6.3,5.0,5.2,5.4,2,0,Cybersecurity Specialist,1,SYNTHETIC,75.7,78.0
ST04815,Student ST04815,CSE,7,5.99,64.4,63.3,0,3.4,2.4,3.8,2.3,2.6,2.0,2.9,1.0,1,5,1,0,1,6.6,5.9,4.0,5.0,5.6,2.9,2,0,Cloud/DevOps Engineer,0,SYNTHETIC,90.5,74.1
ST04816,Student ST04816,CSE,7,5.85,55.5,60.7,0,3.4,3.8,4.0,2.8,3.4,6.6,1.9,2.2,1,3,1,0,1,5.5,6.3,2.4,5.9,6.0,4.8,2,0,Data Analyst,0,SYNTHETIC,86.1,89.7
ST04817,Student ST04817,CSE,8,6.21,64.4,69.3,0,1.4,3.8,2.3,2.9,1.8,1.0,1.9,4.9,2,1,1,0,1,4.9,5.9,1.7,8.4,8.4,4.2,1,0,Cybersecurity Specialist,0,SYNTHETIC,77.3,66.9
ST04818,Student ST04818,ISE,8,6.56,71.2,70.1,0,3.2,1.1,4.4,4.5,1.5,2.7,4.7,2.1,0,2,1,0,1,5.5,5.3,4.1,6.0,6.1,6.4,0,0,Cybersecurity Specialist,0,SYNTHETIC,93.4,74.6
ST04819,Student ST04819,Mechanical,8,8.05,75.2,79.6,0,6.6,7.7,6.6,5.9,3.8,3.8,6.8,1.9,3,4,2,0,0,5.6,7.2,5.7,5.9,6.1,4.1,0,0,Full-Stack Developer,1,SYNTHETIC,77.6,92.9
ST04820,Student ST04820,ISE,8,7.65,79.2,80.4,0,3.7,2.9,4.3,1.5,1.4,5.6,1.0,1.7,3,1,1,1,1,4.7,6.5,1.6,6.7,6.8,3.6,0,0,QA Specialist,0,SYNTHETIC,95.6,72.1
ST04821,Student ST04821,CSE,7,6.18,62.1,60.5,0,2.1,4.1,3.5,3.0,3.2,4.7,1.0,1.0,1,4,1,1,0,4.6,5.4,2.5,5.7,7.6,4.0,0,0,QA Specialist,1,SYNTHETIC,90.0,73.6
ST04822,Student ST04822,ECE,8,7.69,78.6,81.9,0,6.3,2.3,5.3,3.5,3.8,6.3,1.5,2.6,2,1,1,3,0,5.8,9.0,4.8,7.7,7.2,7.6,1,0,Cybersecurity Specialist,1,SYNTHETIC,96.5,68.6
ST04823,Student ST04823,ISE,7,6.54,68.1,65.9,0,6.3,5.3,3.4,4.0,3.4,3.4,1.0,2.3,0,1,1,0,0,4.8,6.4,6.3,7.2,6.5,4.0,2,0,Cloud/DevOps Engineer,0,SYNTHETIC,81.5,78.4
ST04824,Student ST04824,ECE,8,9.98,96.4,97.0,0,8.7,8.9,6.8,4.2,4.8,6.8,4.3,2.3,0,3,2,1,0,7.6,6.6,5.7,6.8,6.5,7.2,0,0,Full-Stack Developer,1,SYNTHETIC,87.3,82.0
ST04825,Student ST04825,ECE,8,8.84,89.9,84.1,0,6.9,6.2,8.4,5.8,5.1,5.3,5.8,3.0,1,3,2,0,0,8.9,7.9,5.2,4.6,3.8,6.6,0,0,Full-Stack Developer,1,SYNTHETIC,88.1,87.7
ST04826,Student ST04826,ECE,8,9.02,91.7,87.0,0,5.9,6.5,6.2,9.5,6.2,7.3,1.3,3.1,0,3,2,1,0,6.8,6.3,7.6,7.7,5.6,6.0,1,1,Cloud/DevOps Engineer,1,SYNTHETIC,79.1,61.2
ST04827,Student ST04827,CSE,7,7.12,78.8,64.8,0,3.1,4.0,2.7,2.4,1.2,4.2,3.6,2.1,1,1,1,0,1,4.2,6.4,2.3,4.6,4.4,3.6,1,0,QA Specialist,0,SYNTHETIC,88.2,82.0
ST04828,Student ST04828,ISE,8,8.81,81.2,86.9,0,6.5,7.1,6.8,7.8,5.3,7.8,2.8,1.3,1,3,2,1,0,9.7,7.5,7.6,6.0,5.4,5.9,1,0,AI/ML Engineer,1,SYNTHETIC,77.7,69.9
ST04829,Student ST04829,CSE,8,5.0,55.0,52.0,0,2.9,2.2,3.4,3.7,1.0,2.7,1.0,1.0,0,3,1,0,0,6.4,5.3,2.6,5.7,5.9,5.9,0,0,AI/ML Engineer,0,SYNTHETIC,79.8,81.8
ST04830,Student ST04830,ECE,8,7.5,80.0,72.5,0,1.7,3.3,6.9,3.9,4.6,6.3,2.5,1.6,2,4,1,0,1,4.0,3.7,2.5,3.6,2.9,3.2,0,0,QA Specialist,1,SYNTHETIC,84.6,93.5
ST04831,Student ST04831,ISE,7,8.4,86.3,79.0,0,7.1,5.5,6.7,6.8,6.4,3.4,2.3,2.8,2,1,2,0,0,7.8,7.1,6.7,5.4,4.8,6.1,1,0,Cloud/DevOps Engineer,1,SYNTHETIC,86.2,91.7
ST04832,Student ST04832,ISE,8,9.77,98.0,94.4,0,7.7,6.8,4.6,7.0,7.7,6.1,2.9,4.5,0,6,2,2,0,7.8,7.2,5.5,3.8,3.6,5.8,0,0,QA Specialist,1,SYNTHETIC,88.4,71.4
ST04833,Student ST04833,CSE,7,6.06,64.5,71.1,0,3.4,5.0,7.7,6.4,2.4,6.6,2.7,3.4,1,1,1,0,1,5.7,3.5,4.5,5.5,5.8,5.3,0,0,Full-Stack Developer,1,SYNTHETIC,86.6,62.7
ST04834,Student ST04834,CSE,8,7.43,65.7,68.0,0,7.7,5.9,6.8,8.0,3.3,3.5,3.9,3.6,3,6,2,3,1,6.6,6.3,10.0,7.6,6.4,8.6,0,1,Data Analyst,1,SYNTHETIC,80.0,87.5
ST04835,Student ST04835,CSE,7,6.5,66.0,68.7,0,7.3,5.1,7.0,6.3,3.9,6.2,7.2,7.1,0,2,2,0,1,6.0,5.5,5.7,3.9,3.7,4.7,0,0,Full-Stack Developer,0,SYNTHETIC,91.7,92.5
ST04836,Student ST04836,ECE,8,7.77,77.7,75.7,0,6.7,6.5,7.1,4.9,3.3,5.5,4.0,3.7,1,3,2,1,2,7.0,7.9,5.5,5.5,6.3,6.0,0,0,Full-Stack Developer,1,SYNTHETIC,98.2,81.4
ST04837,Student ST04837,ECE,8,8.33,74.8,78.3,0,8.2,6.7,5.1,5.9,4.0,2.9,2.8,1.0,1,1,2,0,0,7.8,8.0,6.0,6.7,7.0,7.4,2,0,Data Analyst,0,SYNTHETIC,90.6,88.9
ST04838,Student ST04838,CSE,8,5.0,56.9,59.6,0,4.6,4.2,4.6,4.7,4.0,2.6,4.2,1.4,0,2,1,0,0,9.3,5.2,5.2,7.7,6.1,6.6,0,0,AI/ML Engineer,1,SYNTHETIC,89.3,73.8
ST04839,Student ST04839,CSE,7,6.37,66.2,68.8,0,3.4,3.3,7.7,7.5,5.5,7.0,1.8,2.0,1,3,2,0,1,7.4,6.0,6.2,6.6,5.3,5.5,0,0,AI/ML Engineer,1,SYNTHETIC,91.4,69.2
ST04840,Student ST04840,CSE,7,6.46,68.9,67.0,0,6.2,7.2,7.0,2.5,4.4,3.3,4.0,1.2,1,2,1,0,0,5.5,6.0,3.8,8.1,6.4,6.4,0,1,Full-Stack Developer,0,SYNTHETIC,83.2,89.7
ST04841,Student ST04841,CSE,7,8.05,83.7,70.9,0,5.0,7.4,5.5,6.5,3.1,5.5,2.4,3.6,2,3,2,0,1,6.9,7.9,5.8,4.6,3.6,4.9,0,0,QA Specialist,1,SYNTHETIC,85.7,82.8
ST04842,Student ST04842,Mechanical,7,7.08,75.2,73.2,0,2.1,3.5,1.8,5.5,2.4,2.8,3.6,2.4,1,2,1,1,0,7.0,4.7,4.9,6.1,5.8,4.3,0,0,Data Analyst,1,SYNTHETIC,81.2,78.6
ST04843,Student ST04843,Mechanical,7,7.54,69.7,78.1,0,5.8,4.6,5.5,8.5,2.5,5.3,2.1,3.0,1,1,2,0,0,7.4,8.5,7.7,7.1,6.9,7.5,0,1,QA Specialist,0,SYNTHETIC,88.6,86.7
ST04844,Student ST04844,ECE,7,5.88,60.7,58.7,0,1.0,4.2,2.3,2.3,3.0,3.2,1.0,1.9,2,5,1,0,0,7.2,4.1,1.7,7.1,7.4,2.1,0,0,QA Specialist,0,SYNTHETIC,87.3,77.8
ST04845,Student ST04845,CSE,7,8.57,86.4,90.0,0,3.7,4.4,2.7,3.9,2.3,4.2,3.1,1.0,1,1,1,0,1,6.6,5.7,3.1,6.8,8.3,6.8,0,0,Cloud/DevOps Engineer,1,SYNTHETIC,97.4,81.7
ST04846,Student ST04846,CSE,8,7.55,81.4,76.8,0,5.0,6.4,7.4,5.0,4.2,5.4,3.5,5.0,3,1,1,0,2,5.8,5.7,5.7,5.5,5.8,3.9,0,0,AI/ML Engineer,1,SYNTHETIC,76.4,71.9
ST04847,Student ST04847,ECE,8,7.75,73.6,78.7,0,4.1,4.6,5.9,5.3,3.0,4.0,1.9,2.1,0,1,1,0,0,8.1,5.9,4.9,8.4,7.9,5.4,1,0,Data Analyst,0,SYNTHETIC,84.3,66.9
ST04848,Student ST04848,CSE,7,7.36,75.1,71.3,0,3.3,4.0,5.4,1.1,2.5,5.6,6.5,1.0,0,5,1,0,1,6.3,6.9,1.9,9.0,7.2,5.0,0,0,AI/ML Engineer,0,SYNTHETIC,83.2,71.2
ST04849,Student ST04849,CSE,8,7.68,75.0,77.3,0,4.1,1.3,6.0,7.0,3.2,4.5,1.3,1.0,0,3,2,1,1,4.7,6.0,5.6,4.9,5.0,6.1,0,0,Full-Stack Developer,1,SYNTHETIC,89.8,88.5
ST04850,Student ST04850,CSE,7,8.02,82.0,84.0,0,4.6,6.3,6.0,6.2,6.8,6.9,1.6,2.2,1,4,2,0,0,6.8,6.2,5.7,9.7,10.0,7.6,1,1,QA Specialist,1,SYNTHETIC,80.6,81.8
ST04851,Student ST04851,CSE,7,7.75,76.9,78.7,0,4.4,4.0,5.6,5.7,3.1,8.8,5.4,1.4,0,1,1,1,0,6.0,5.8,5.0,8.4,8.6,6.0,0,0,QA Specialist,1,SYNTHETIC,84.0,68.1
ST04852,Student ST04852,ECE,7,8.67,89.5,79.9,0,6.6,6.4,8.5,7.2,4.3,4.7,3.2,3.1,1,4,2,2,0,4.8,8.4,6.6,7.2,6.8,6.8,1,1,Data Analyst,1,SYNTHETIC,92.9,72.6
ST04853,Student ST04853,CSE,7,7.46,75.4,79.6,0,4.1,3.1,6.4,3.6,6.7,6.2,4.2,1.0,1,1,1,0,0,7.1,5.3,5.3,5.2,6.3,4.2,0,0,Cloud/DevOps Engineer,0,SYNTHETIC,76.7,93.5
ST04854,Student ST04854,ECE,8,6.3,62.1,69.9,0,5.5,4.7,5.2,5.5,4.3,3.4,5.1,4.7,3,3,2,0,0,4.1,5.9,7.4,4.3,5.4,4.4,1,0,Cloud/DevOps Engineer,0,SYNTHETIC,90.2,83.9
ST04855,Student ST04855,ECE,8,7.73,79.6,68.4,0,8.3,6.2,8.7,5.1,3.5,5.4,5.7,4.2,1,3,2,0,2,6.7,6.9,7.3,7.0,7.5,7.5,0,0,Full-Stack Developer,1,SYNTHETIC,79.2,92.5
ST04856,Student ST04856,CSE,7,9.35,87.5,85.5,0,10.0,4.8,6.1,5.3,4.7,9.1,5.3,3.4,2,1,2,1,1,6.8,9.1,7.4,7.9,6.7,8.7,0,0,AI/ML Engineer,1,SYNTHETIC,95.7,78.6
ST04857,Student ST04857,CSE,7,8.68,88.1,87.9,0,8.1,9.2,6.5,4.9,3.3,4.2,5.3,7.3,0,1,2,1,0,6.5,7.5,5.8,8.0,7.6,7.8,3,0,AI/ML Engineer,1,SYNTHETIC,88.3,71.5
ST04858,Student ST04858,CSE,8,6.63,68.3,75.8,0,2.9,3.1,5.2,1.0,2.5,1.6,3.9,1.0,4,6,1,0,0,6.9,6.0,1.8,5.2,5.0,4.0,0,0,Cybersecurity Specialist,0,SYNTHETIC,86.0,83.4
ST04859,Student ST04859,ECE,8,7.14,69.0,79.8,0,5.7,4.0,5.0,5.8,1.9,4.2,2.8,1.5,2,1,2,0,1,5.2,6.2,5.7,5.6,6.6,4.6,1,0,Data Analyst,0,SYNTHETIC,92.5,72.7
ST04860,Student ST04860,ISE,7,6.93,68.5,74.5,0,5.2,6.8,5.4,6.7,3.9,5.3,3.8,1.1,0,1,2,0,0,7.7,5.0,6.4,4.8,3.5,6.2,0,0,Full-Stack Developer,1,SYNTHETIC,93.0,80.7
ST04861,Student ST04861,ECE,7,6.79,73.4,71.9,0,5.9,3.8,3.6,5.8,4.7,2.2,5.0,1.0,2,1,2,0,1,5.8,4.9,4.5,7.5,6.0,5.4,1,0,Full-Stack Developer,0,SYNTHETIC,86.3,84.3
ST04862,Student ST04862,Mechanical,8,6.57,70.2,62.4,0,3.9,5.7,5.0,7.0,1.7,3.7,1.0,1.9,0,1,2,0,0,5.8,6.4,5.3,7.9,8.0,7.0,0,1,Cloud/DevOps Engineer,1,SYNTHETIC,87.5,65.4
ST04863,Student ST04863,ECE,7,7.56,68.8,79.2,0,6.6,5.3,6.3,6.3,4.1,3.4,2.9,5.7,2,1,2,0,1,5.2,5.4,6.5,7.6,6.6,6.1,0,0,Full-Stack Developer,1,SYNTHETIC,90.8,66.1
ST04864,Student ST04864,ECE,7,9.3,87.7,83.1,0,6.4,2.5,7.3,3.3,3.5,5.3,3.2,2.4,1,6,1,0,0,6.6,7.1,4.2,5.1,4.7,5.4,1,0,Data Analyst,1,SYNTHETIC,89.9,89.3
ST04865,Student ST04865,CSE,8,7.02,65.7,62.2,0,6.0,3.9,5.8,6.4,4.4,5.1,1.0,3.8,0,1,2,0,0,7.2,5.4,6.5,5.8,4.9,5.1,0,0,Data Analyst,1,SYNTHETIC,89.7,86.3
ST04866,Student ST04866,ECE,7,7.34,72.3,70.6,0,3.6,6.8,7.4,5.1,3.7,5.4,3.8,4.1,0,4,1,1,0,6.9,6.1,3.7,6.6,6.1,5.1,0,0,Data Analyst,1,SYNTHETIC,86.8,83.9
ST04867,Student ST04867,CSE,8,6.83,61.5,74.6,0,7.6,4.6,8.0,8.4,3.7,4.8,6.2,4.9,2,1,2,2,0,7.4,7.0,8.8,6.8,6.3,8.5,0,0,Data Analyst,1,SYNTHETIC,89.3,77.4
ST04868,Student ST04868,ECE,7,9.05,90.2,92.7,0,5.7,3.9,5.0,4.6,3.1,3.4,1.4,1.2,2,2,1,2,0,7.8,5.9,4.1,5.4,6.6,6.4,0,0,Cloud/DevOps Engineer,1,SYNTHETIC,98.4,75.8
ST04869,Student ST04869,ECE,7,6.82,74.3,65.8,0,5.9,3.8,6.1,4.5,4.8,6.9,1.1,4.2,0,1,1,0,0,7.2,7.7,3.4,6.8,5.2,7.4,1,0,Cloud/DevOps Engineer,1,SYNTHETIC,83.5,73.0
ST04870,Student ST04870,ISE,8,8.3,84.0,85.4,0,4.9,5.9,5.7,5.5,4.7,5.7,4.9,1.0,0,2,1,0,0,8.2,8.5,5.2,7.2,7.6,5.5,1,1,Data Analyst,1,SYNTHETIC,79.8,67.6
ST04871,Student ST04871,Mechanical,8,7.92,81.9,80.8,0,1.8,4.4,6.5,3.2,4.6,3.4,2.0,3.1,3,1,1,0,1,6.5,6.8,3.6,6.9,8.1,4.0,0,0,Cloud/DevOps Engineer,0,SYNTHETIC,90.1,87.6
ST04872,Student ST04872,Mechanical,8,7.5,80.8,75.2,0,4.9,4.3,5.1,5.3,3.7,3.3,1.1,2.2,0,1,1,0,0,5.3,6.1,6.3,7.8,7.2,6.5,1,1,Data Analyst,1,SYNTHETIC,81.8,80.2
ST04873,Student ST04873,CSE,7,7.91,80.7,74.5,0,7.6,6.1,7.1,5.8,3.6,5.3,7.2,2.0,0,1,2,0,1,6.9,6.9,6.4,6.0,6.3,6.7,2,0,Data Analyst,1,SYNTHETIC,96.1,88.0
ST04874,Student ST04874,CSE,7,8.43,82.5,83.2,0,6.2,2.6,6.9,6.1,3.8,4.6,6.0,5.6,3,1,2,0,1,5.8,7.3,5.8,8.5,7.5,7.7,1,1,QA Specialist,0,SYNTHETIC,84.2,63.0
ST04875,Student ST04875,CSE,8,8.59,88.7,88.1,0,5.6,6.6,4.5,7.3,3.8,5.2,3.6,5.1,0,4,2,0,0,6.2,6.0,6.1,7.4,5.2,5.8,0,1,Cloud/DevOps Engineer,1,SYNTHETIC,90.7,67.8
ST04876,Student ST04876,Mechanical,8,8.05,79.2,77.4,0,3.9,5.6,3.0,5.4,5.1,3.8,4.2,3.1,2,1,1,0,0,6.6,9.8,4.3,5.5,5.4,5.3,0,0,Cloud/DevOps Engineer,1,SYNTHETIC,93.8,76.5
ST04877,Student ST04877,Mechanical,8,8.08,77.3,82.9,0,6.0,5.1,7.2,5.7,5.3,4.9,3.4,5.9,4,2,2,1,0,6.0,5.1,5.7,5.5,6.1,6.3,0,0,QA Specialist,0,SYNTHETIC,80.5,70.0
ST04878,Student ST04878,CSE,8,7.07,63.2,67.8,0,1.5,3.6,4.5,3.4,2.8,1.7,5.6,1.8,2,1,1,0,1,7.2,7.7,3.4,7.3,6.7,4.7,0,0,Cloud/DevOps Engineer,0,SYNTHETIC,87.4,91.8
ST04879,Student ST04879,ISE,7,6.71,62.5,66.9,0,4.7,2.5,5.1,6.3,1.9,5.0,2.6,3.4,2,3,2,0,0,5.6,6.0,6.5,6.7,6.1,5.8,0,0,Full-Stack Developer,0,SYNTHETIC,90.3,62.0
ST04880,Student ST04880,Mechanical,7,8.34,80.3,87.6,0,6.1,5.0,7.6,7.5,5.3,5.8,2.8,2.8,0,1,2,1,2,4.8,6.6,6.7,7.6,6.1,7.1,0,1,Cybersecurity Specialist,1,SYNTHETIC,84.3,72.4
ST04881,Student ST04881,ECE,7,7.53,68.6,68.5,0,7.0,6.5,6.2,4.3,2.3,6.5,1.7,3.3,1,2,2,0,1,5.2,5.9,6.1,8.5,7.7,6.9,1,1,Full-Stack Developer,1,SYNTHETIC,76.3,79.0
ST04882,Student ST04882,ECE,8,6.64,69.9,64.4,0,4.2,6.2,6.0,4.8,3.8,2.5,2.0,1.0,0,1,1,0,0,7.2,7.3,2.6,6.6,8.7,4.0,1,0,AI/ML Engineer,0,SYNTHETIC,96.2,72.7
ST04883,Student ST04883,CSE,8,6.88,65.8,82.6,0,4.4,4.8,5.4,7.0,4.7,3.9,4.8,2.8,1,4,2,2,0,5.3,6.3,6.6,1.8,2.3,6.0,2,0,Full-Stack Developer,1,SYNTHETIC,78.4,62.7
ST04884,Student ST04884,ISE,8,7.8,73.9,76.9,0,4.8,4.5,5.1,3.3,3.5,1.5,2.8,1.4,1,4,1,0,1,6.8,5.9,3.6,6.9,5.7,6.1,0,0,AI/ML Engineer,0,SYNTHETIC,79.2,83.6
ST04885,Student ST04885,ISE,8,9.06,98.0,86.8,0,8.0,4.1,6.7,9.6,4.6,5.3,3.9,4.5,1,2,3,0,0,7.2,7.0,10.0,6.6,5.8,7.0,0,0,Cloud/DevOps Engineer,1,SYNTHETIC,95.8,82.3
ST04886,Student ST04886,ECE,8,7.69,77.1,74.7,0,7.0,4.6,6.2,4.7,1.0,6.1,1.2,3.0,1,1,2,1,2,5.7,5.8,5.7,5.6,6.2,6.5,1,0,Full-Stack Developer,1,SYNTHETIC,87.6,85.9
ST04887,Student ST04887,CSE,8,7.47,70.1,75.0,0,3.0,6.3,2.5,2.7,1.0,2.5,5.7,5.2,2,2,1,0,1,7.8,5.3,2.3,5.7,6.3,4.1,2,0,QA Specialist,0,SYNTHETIC,86.0,71.2
ST04888,Student ST04888,ISE,7,5.93,70.0,57.7,0,4.6,6.1,6.3,5.0,2.1,2.3,2.6,1.0,1,2,1,0,2,4.2,5.4,4.1,4.5,3.8,5.3,1,0,Cloud/DevOps Engineer,1,SYNTHETIC,93.4,72.7
ST04889,Student ST04889,ISE,8,7.09,71.9,72.8,0,3.2,4.6,5.1,1.1,3.2,2.7,2.5,1.6,2,6,1,1,0,6.1,6.6,3.3,7.8,5.2,4.7,1,0,QA Specialist,1,SYNTHETIC,80.9,95.0
ST04890,Student ST04890,ISE,7,6.82,65.1,67.3,0,5.7,5.4,8.6,5.1,3.8,2.3,4.2,3.8,1,3,2,1,0,6.4,5.9,5.5,4.7,5.3,5.9,0,0,Data Analyst,0,SYNTHETIC,77.1,87.0
ST04891,Student ST04891,CSE,8,7.79,72.4,78.4,0,6.3,3.1,5.3,5.6,1.9,5.2,2.9,4.3,0,6,2,0,0,6.7,4.5,4.7,6.4,4.9,5.5,0,0,Cloud/DevOps Engineer,0,SYNTHETIC,98.1,87.5
ST04892,Student ST04892,ECE,7,6.53,66.4,68.6,0,2.8,5.0,3.4,5.2,1.5,3.1,2.4,1.0,2,1,1,0,0,5.7,3.7,3.4,7.2,9.2,4.8,0,0,Cybersecurity Specialist,0,SYNTHETIC,93.9,86.6
ST04893,Student ST04893,Mechanical,8,7.84,74.8,77.8,0,3.7,5.6,3.4,4.0,5.1,2.1,3.5,1.0,1,4,1,0,1,6.6,8.3,3.1,6.4,6.5,6.4,0,0,Full-Stack Developer,0,SYNTHETIC,84.9,77.4
ST04894,Student ST04894,CSE,8,7.53,77.7,78.7,0,5.4,4.9,8.3,4.6,3.6,4.1,1.8,3.9,1,3,1,1,0,6.7,8.0,4.9,7.4,7.9,5.9,0,0,Cybersecurity Specialist,1,SYNTHETIC,87.4,84.3
ST04895,Student ST04895,CSE,8,8.39,80.7,85.1,0,4.9,6.9,5.0,6.4,6.1,6.2,4.6,1.4,0,1,2,2,0,8.2,8.2,6.2,9.2,7.6,6.9,1,0,Cloud/DevOps Engineer,1,SYNTHETIC,97.3,92.9
ST04896,Student ST04896,Mechanical,7,8.89,84.1,89.7,0,4.7,3.4,6.2,3.3,4.2,5.0,3.3,2.4,1,3,1,3,1,7.1,8.0,3.3,6.2,6.6,5.2,1,0,Cybersecurity Specialist,1,SYNTHETIC,88.7,93.5
ST04897,Student ST04897,ISE,8,7.44,75.7,73.1,0,3.2,2.9,3.5,3.7,2.4,5.1,1.8,1.9,1,1,1,0,0,6.5,6.0,2.8,6.6,7.1,5.3,1,0,Cybersecurity Specialist,0,SYNTHETIC,97.9,66.8
ST04898,Student ST04898,CSE,7,7.03,77.1,80.0,0,3.5,3.9,4.7,3.5,2.1,2.2,2.4,1.0,0,3,1,1,0,6.4,5.7,4.4,8.1,8.3,5.4,1,0,Cybersecurity Specialist,1,SYNTHETIC,89.0,84.5
ST04899,Student ST04899,ECE,7,8.42,80.2,79.4,0,6.5,6.5,4.9,5.3,4.3,6.4,4.4,4.3,4,1,2,2,1,5.8,7.9,5.3,4.9,6.0,4.2,2,0,QA Specialist,1,SYNTHETIC,77.6,81.9
ST04900,Student ST04900,CSE,7,9.09,87.8,90.0,0,4.9,5.4,7.0,9.2,7.2,8.0,3.7,4.0,0,3,2,1,0,7.6,7.5,7.2,6.1,5.5,7.4,2,0,AI/ML Engineer,1,SYNTHETIC,91.9,82.0
ST04901,Student ST04901,CSE,7,7.6,83.9,74.0,0,6.9,7.0,9.3,7.1,3.8,7.2,5.4,4.7,1,3,2,2,1,7.0,7.7,6.3,6.0,4.2,6.0,1,0,AI/ML Engineer,1,SYNTHETIC,83.8,77.0
ST04902,Student ST04902,Mechanical,8,8.77,88.7,82.2,0,5.2,6.2,7.3,4.8,2.8,3.9,2.9,4.9,1,2,1,1,0,6.4,8.0,4.9,4.6,4.0,5.0,0,0,Data Analyst,1,SYNTHETIC,98.3,91.6
ST04903,Student ST04903,ECE,8,7.13,79.9,69.8,0,2.2,3.5,4.3,5.7,5.6,3.6,1.0,1.4,2,6,1,0,0,6.1,5.7,4.1,5.8,5.1,5.5,0,0,Data Analyst,0,SYNTHETIC,97.8,66.5
ST04904,Student ST04904,CSE,8,7.85,78.9,77.3,0,6.4,7.0,4.8,5.1,5.5,2.7,5.4,2.2,1,2,2,1,1,8.4,5.6,5.8,6.5,5.8,5.9,2,0,AI/ML Engineer,1,SYNTHETIC,88.9,86.9
ST04905,Student ST04905,CSE,7,6.75,71.3,68.1,0,4.4,2.2,5.0,2.2,4.7,2.1,3.1,2.8,1,1,1,0,0,4.9,5.6,2.8,4.7,4.1,3.6,1,0,AI/ML Engineer,1,SYNTHETIC,97.3,71.5
ST04906,Student ST04906,CSE,8,8.98,87.7,86.1,0,10.0,7.0,7.0,8.3,4.7,5.6,5.1,4.4,0,1,3,0,0,5.3,7.9,9.4,8.0,6.9,8.2,0,0,Cybersecurity Specialist,1,SYNTHETIC,93.8,72.5
ST04907,Student ST04907,Mechanical,7,7.56,75.8,73.7,0,3.8,1.9,5.7,7.8,4.4,3.4,2.9,2.7,1,1,2,1,0,5.8,6.5,5.7,7.9,8.6,6.4,0,1,QA Specialist,0,SYNTHETIC,89.9,78.3
ST04908,Student ST04908,CSE,8,6.59,66.8,68.1,0,4.3,4.4,6.9,6.4,4.1,5.5,3.9,1.9,3,6,2,1,1,6.1,7.9,5.1,7.6,7.5,7.0,2,1,Cybersecurity Specialist,0,SYNTHETIC,86.6,79.4
ST04909,Student ST04909,CSE,8,7.66,73.5,78.7,0,6.8,3.9,6.1,4.4,1.9,2.5,1.0,4.2,1,1,2,0,1,5.3,5.9,4.8,6.9,6.7,7.3,0,0,Cybersecurity Specialist,1,SYNTHETIC,83.5,92.3
ST04910,Student ST04910,ECE,7,8.33,84.3,85.7,0,6.7,5.6,7.7,3.4,4.9,5.7,5.3,2.4,3,4,1,0,1,5.3,6.2,5.6,6.0,6.6,7.3,1,0,Cybersecurity Specialist,1,SYNTHETIC,80.1,70.4
ST04911,Student ST04911,ECE,8,5.0,55.0,50.0,1,4.3,3.2,4.1,2.8,1.0,1.0,1.8,1.9,2,1,1,1,0,5.4,4.3,3.9,7.8,6.1,5.5,1,1,QA Specialist,0,SYNTHETIC,78.0,70.3
ST04912,Student ST04912,ECE,8,6.57,64.2,65.4,0,6.8,3.1,3.9,4.6,2.3,1.1,3.2,1.1,1,2,2,0,2,4.5,4.7,5.4,5.9,6.2,4.8,0,0,Data Analyst,0,SYNTHETIC,91.8,82.8
ST04913,Student ST04913,ECE,7,7.05,71.8,68.2,0,6.7,4.3,5.4,1.9,2.8,5.7,1.0,1.0,4,5,1,0,2,3.5,8.8,3.3,7.0,7.7,4.4,2,0,Data Analyst,0,SYNTHETIC,87.5,71.0
ST04914,Student ST04914,CSE,7,9.67,91.2,84.8,0,9.7,7.9,9.3,6.6,8.0,7.5,5.8,4.3,2,6,2,3,0,8.6,6.0,7.4,3.8,3.8,6.7,0,0,Data Analyst,1,SYNTHETIC,85.4,60.1
ST04915,Student ST04915,ISE,7,6.81,70.5,68.8,0,5.6,5.8,5.9,4.1,5.5,5.1,3.2,1.8,2,1,1,0,1,8.5,5.2,3.4,6.3,6.9,5.8,0,0,Data Analyst,0,SYNTHETIC,85.8,93.1
ST04916,Student ST04916,CSE,7,7.12,71.2,75.1,0,6.2,9.8,5.9,5.1,3.6,8.8,2.0,3.0,1,3,2,1,0,7.3,7.2,5.6,8.5,9.0,6.2,0,1,Full-Stack Developer,1,SYNTHETIC,79.8,69.4
ST04917,Student ST04917,Mechanical,7,6.62,63.2,71.6,0,4.4,3.1,5.5,2.8,2.8,6.1,4.4,6.1,3,3,1,0,0,8.2,5.9,2.5,7.0,7.6,6.6,0,1,QA Specialist,0,SYNTHETIC,97.9,84.4
ST04918,Student ST04918,ISE,7,6.24,70.9,71.6,0,4.2,4.9,3.9,1.2,1.0,5.9,2.2,1.0,1,4,1,0,0,6.2,6.9,2.4,6.0,5.2,4.2,4,0,Full-Stack Developer,1,SYNTHETIC,93.0,81.1
ST04919,Student ST04919,ISE,8,7.46,75.9,72.9,0,4.5,4.3,5.8,1.5,1.4,3.8,1.7,4.5,2,3,1,0,0,5.5,7.3,3.0,5.0,5.2,2.7,1,0,Cloud/DevOps Engineer,0,SYNTHETIC,91.1,77.6
ST04920,Student ST04920,CSE,7,8.2,74.8,88.5,0,5.2,4.0,7.4,3.6,2.9,4.5,4.3,2.8,1,4,1,0,1,6.6,7.8,3.6,6.1,5.8,4.6,0,0,AI/ML Engineer,0,SYNTHETIC,78.4,90.9
ST04921,Student ST04921,ISE,8,7.75,73.8,73.0,0,6.4,5.4,6.7,9.6,4.9,4.9,4.8,1.9,2,1,2,2,0,7.5,7.4,8.1,5.2,4.1,6.3,1,0,Full-Stack Developer,1,SYNTHETIC,78.3,83.2
ST04922,Student ST04922,ISE,7,7.52,75.5,78.4,0,7.5,4.4,4.5,7.2,3.2,4.7,3.9,3.9,1,6,2,0,0,7.4,4.6,7.1,3.6,5.5,6.7,0,0,Data Analyst,1,SYNTHETIC,85.6,83.9
ST04923,Student ST04923,CSE,8,6.84,68.1,68.6,0,3.6,4.8,4.6,5.3,4.2,4.5,3.9,1.2,2,3,1,0,1,5.1,6.3,4.7,6.6,7.0,4.8,0,0,Full-Stack Developer,1,SYNTHETIC,95.0,66.5
ST04924,Student ST04924,ISE,8,7.48,79.9,73.1,0,6.6,5.3,5.8,4.4,2.8,3.9,4.4,1.0,1,3,2,0,0,6.6,6.2,5.5,8.2,6.5,5.6,0,0,QA Specialist,0,SYNTHETIC,90.5,90.6
ST04925,Student ST04925,CSE,7,6.22,70.6,65.2,0,6.5,2.6,3.3,3.9,2.7,4.3,4.5,2.9,0,2,1,1,0,7.8,6.7,4.6,7.4,5.8,5.0,0,0,Cloud/DevOps Engineer,1,SYNTHETIC,96.3,93.7
ST04926,Student ST04926,ECE,7,8.15,77.1,86.9,0,5.5,4.2,5.2,5.0,3.8,3.7,1.0,2.3,1,4,1,0,0,6.6,4.6,4.8,6.2,7.0,5.1,1,0,QA Specialist,1,SYNTHETIC,75.4,71.4
ST04927,Student ST04927,ECE,8,6.55,74.0,63.3,0,2.8,2.5,2.4,1.8,2.6,1.0,2.4,1.1,1,4,1,0,1,5.3,6.6,2.0,7.3,5.7,4.9,1,0,QA Specialist,1,SYNTHETIC,75.4,71.3
ST04928,Student ST04928,ECE,7,7.23,72.8,73.6,0,5.3,5.9,4.9,6.0,4.9,5.9,3.7,3.5,0,1,2,1,0,4.5,6.5,5.5,5.2,6.3,5.5,1,0,Cloud/DevOps Engineer,1,SYNTHETIC,96.9,91.9
ST04929,Student ST04929,CSE,8,5.45,55.0,62.7,0,5.8,2.0,5.0,4.9,1.0,2.4,4.1,3.8,1,2,2,0,1,5.3,6.0,5.0,6.3,6.4,5.9,0,0,Cloud/DevOps Engineer,0,SYNTHETIC,98.7,62.9
ST04930,Student ST04930,ISE,7,8.41,79.4,84.3,0,5.1,6.9,6.5,5.9,2.6,6.6,4.1,1.1,1,1,2,0,0,6.0,5.2,6.5,7.2,7.7,6.0,0,0,AI/ML Engineer,1,SYNTHETIC,93.2,81.3
ST04931,Student ST04931,ECE,8,7.6,72.9,69.8,0,6.6,3.6,5.4,5.0,2.1,8.1,1.0,3.4,0,3,2,1,0,6.1,5.8,4.8,8.3,8.7,6.5,0,0,Data Analyst,1,SYNTHETIC,93.2,91.9
ST04932,Student ST04932,Mechanical,7,7.6,79.7,78.8,0,7.7,6.4,7.1,6.7,4.7,6.0,4.3,3.6,0,2,2,1,3,6.6,7.3,7.1,8.4,7.1,6.3,0,1,QA Specialist,1,SYNTHETIC,95.7,74.7
ST04933,Student ST04933,Mechanical,8,7.83,78.0,77.4,0,4.5,5.0,5.7,6.1,4.3,3.8,1.0,1.5,0,2,2,1,0,5.1,6.4,5.9,7.7,8.3,6.9,0,1,QA Specialist,1,SYNTHETIC,78.6,79.3
ST04934,Student ST04934,CSE,7,7.0,67.7,70.3,0,2.5,5.4,6.5,7.5,1.3,1.8,5.4,2.1,0,2,1,0,1,5.0,6.6,6.2,5.7,4.4,3.5,2,0,AI/ML Engineer,1,SYNTHETIC,95.4,71.5
ST04935,Student ST04935,ISE,8,5.6,57.4,64.3,0,3.3,2.7,5.4,4.1,2.1,3.9,2.4,1.0,1,1,1,0,1,5.1,4.7,4.1,7.4,8.1,6.9,0,0,Cloud/DevOps Engineer,1,SYNTHETIC,92.5,61.6
ST04936,Student ST04936,ISE,8,9.26,94.8,89.8,0,5.2,3.8,7.0,7.3,3.0,5.2,1.0,1.0,0,2,2,1,0,7.7,6.9,6.6,6.5,5.1,7.4,0,0,Full-Stack Developer,1,SYNTHETIC,88.8,89.8
ST04937,Student ST04937,ECE,7,7.76,73.0,76.0,0,3.8,5.4,6.3,5.5,4.5,6.8,5.6,1.5,4,2,1,0,0,8.2,5.9,4.4,7.6,7.2,5.3,0,0,Data Analyst,0,SYNTHETIC,75.7,69.7
ST04938,Student ST04938,CSE,7,5.95,60.8,59.3,1,4.5,2.0,6.8,4.4,4.2,5.3,2.3,1.1,3,4,1,0,0,5.7,6.3,4.0,5.9,4.4,5.0,0,0,AI/ML Engineer,0,SYNTHETIC,97.8,69.6
ST04939,Student ST04939,ECE,7,7.23,65.9,69.8,0,5.5,6.0,7.7,6.7,3.1,7.9,5.5,7.2,2,1,2,0,1,7.4,4.9,5.2,6.7,5.7,7.6,0,0,Cloud/DevOps Engineer,0,SYNTHETIC,90.2,68.7
ST04940,Student ST04940,ISE,7,8.01,77.5,80.8,0,7.9,7.6,6.0,7.0,4.2,5.2,4.8,3.8,1,2,2,0,1,6.1,7.7,7.8,7.6,6.3,8.0,0,0,Cybersecurity Specialist,1,SYNTHETIC,92.8,93.2
ST04941,Student ST04941,CSE,8,7.84,79.2,87.9,0,7.3,4.9,7.9,6.1,7.4,5.1,4.4,3.3,2,2,2,0,0,7.0,5.7,7.1,6.4,6.6,6.9,0,0,Full-Stack Developer,0,SYNTHETIC,78.7,82.3
ST04942,Student ST04942,ECE,7,7.68,79.8,75.0,0,6.7,4.6,6.1,6.3,6.5,5.2,7.2,6.7,2,1,2,1,1,7.1,6.1,6.1,9.0,7.4,6.6,0,1,Cloud/DevOps Engineer,1,SYNTHETIC,75.6,82.6
ST04943,Student ST04943,CSE,7,8.07,72.6,70.4,0,6.6,5.9,4.8,4.4,3.3,4.3,5.0,1.7,2,4,2,1,0,7.6,6.7,5.1,4.9,7.6,4.4,1,0,Cloud/DevOps Engineer,1,SYNTHETIC,75.6,85.5
ST04944,Student ST04944,CSE,7,7.1,76.7,72.3,0,5.4,7.8,4.9,3.8,3.8,5.5,3.2,3.7,3,1,1,0,0,5.2,5.6,4.2,8.2,6.8,5.6,0,0,Cybersecurity Specialist,1,SYNTHETIC,98.9,90.9
ST04945,Student ST04945,ECE,7,6.22,67.2,60.1,0,5.1,4.1,4.2,6.0,4.0,3.6,3.1,2.3,1,3,2,0,0,5.5,5.9,5.4,6.6,6.3,5.9,0,0,Cybersecurity Specialist,1,SYNTHETIC,97.9,83.6
ST04946,Student ST04946,CSE,8,7.57,73.1,83.7,0,6.1,5.4,4.1,4.8,4.8,4.0,3.2,3.1,1,2,2,0,0,5.7,7.4,5.5,5.9,7.1,6.4,0,0,AI/ML Engineer,1,SYNTHETIC,92.9,69.1
ST04947,Student ST04947,CSE,8,8.18,83.3,77.7,0,5.4,5.9,5.9,4.5,4.1,8.4,1.0,2.5,0,2,1,0,0,7.3,6.8,4.2,6.2,5.0,5.3,0,0,QA Specialist,1,SYNTHETIC,90.7,87.2
ST04948,Student ST04948,CSE,8,8.15,81.0,75.8,0,3.9,2.9,5.9,3.1,5.9,6.7,3.7,2.1,0,2,1,1,1,7.3,6.0,3.9,5.8,6.4,4.6,2,0,Data Analyst,0,SYNTHETIC,96.9,85.2
ST04949,Student ST04949,CSE,8,6.87,69.3,72.0,0,4.3,6.7,7.5,5.0,4.0,6.7,2.9,1.6,1,4,1,0,2,5.1,6.6,4.3,6.3,5.2,4.9,0,0,AI/ML Engineer,1,SYNTHETIC,92.6,73.1
ST04950,Student ST04950,CSE,7,7.24,71.2,72.7,0,5.0,7.1,6.8,5.9,6.7,6.1,6.6,5.4,1,3,2,1,0,6.5,5.3,4.8,6.2,5.6,5.5,1,0,Cloud/DevOps Engineer,1,SYNTHETIC,90.6,77.1
ST04951,Student ST04951,CSE,8,7.11,69.7,69.2,0,5.8,5.4,5.1,5.3,6.3,6.3,1.8,1.4,0,5,2,1,0,5.7,5.2,5.4,8.5,9.1,5.9,0,0,Cybersecurity Specialist,0,SYNTHETIC,89.6,86.4
ST04952,Student ST04952,ECE,8,7.11,66.4,73.0,0,5.5,4.6,7.1,6.7,6.3,4.7,3.1,4.1,2,5,2,1,0,5.4,7.8,5.8,5.9,5.1,6.4,0,0,Cybersecurity Specialist,1,SYNTHETIC,80.4,81.7
ST04953,Student ST04953,CSE,8,5.94,62.9,62.6,0,1.9,3.1,3.8,3.2,4.2,1.6,1.0,1.0,2,3,1,0,0,5.0,6.2,2.4,7.3,6.7,4.2,2,0,Cloud/DevOps Engineer,0,SYNTHETIC,86.2,75.5
ST04954,Student ST04954,Mechanical,8,8.16,80.8,82.0,0,6.3,6.6,7.0,5.4,5.1,5.4,2.6,3.0,0,5,2,0,1,8.1,5.3,4.7,6.7,6.3,4.8,0,0,Cloud/DevOps Engineer,1,SYNTHETIC,90.1,88.0
ST04955,Student ST04955,ECE,7,7.47,76.1,76.1,0,6.4,5.3,7.4,6.5,1.6,5.6,1.8,1.0,2,5,2,2,1,6.8,6.8,6.7,8.2,6.9,4.5,1,0,Cloud/DevOps Engineer,1,SYNTHETIC,90.9,83.8
ST04956,Student ST04956,CSE,8,9.9,98.0,97.0,0,7.5,9.5,5.4,7.6,4.8,6.4,5.1,1.3,0,3,2,0,2,6.3,7.6,7.2,6.6,6.0,7.2,0,0,Data Analyst,1,SYNTHETIC,83.9,63.2
ST04957,Student ST04957,CSE,7,6.56,62.6,70.6,0,6.4,5.6,5.6,7.6,3.6,5.5,4.7,5.4,1,1,2,0,1,4.4,4.4,7.2,4.8,4.7,5.0,0,0,Full-Stack Developer,0,SYNTHETIC,82.4,71.2
ST04958,Student ST04958,ECE,7,8.21,81.0,79.7,0,4.1,6.3,5.5,5.8,1.3,6.2,2.4,1.0,1,2,1,0,1,5.9,9.1,4.9,8.1,7.8,6.0,1,1,QA Specialist,0,SYNTHETIC,94.6,75.4
ST04959,Student ST04959,CSE,8,7.24,73.7,74.8,0,4.5,6.5,8.1,6.1,5.8,3.6,6.0,4.3,1,2,2,2,1,7.5,5.2,5.5,6.6,5.7,5.5,1,0,Data Analyst,1,SYNTHETIC,92.9,93.0
ST04960,Student ST04960,CSE,7,7.73,73.8,77.0,0,7.7,7.4,7.1,8.3,3.7,4.6,5.4,2.3,2,2,2,1,0,6.8,5.6,7.8,5.1,5.8,6.8,0,0,Cloud/DevOps Engineer,1,SYNTHETIC,87.5,84.0
ST04961,Student ST04961,ISE,8,6.91,73.6,73.5,0,6.9,6.2,4.0,6.4,1.3,3.9,3.8,2.9,0,4,2,0,0,5.3,7.2,6.4,6.5,6.6,5.4,0,0,AI/ML Engineer,1,SYNTHETIC,78.2,75.3
ST04962,Student ST04962,CSE,7,6.71,62.0,70.4,0,4.0,4.9,5.7,5.9,3.7,3.2,1.0,4.5,0,4,1,0,1,5.1,4.4,5.7,7.9,7.6,7.0,0,1,QA Specialist,0,SYNTHETIC,95.1,77.5
ST04963,Student ST04963,CSE,7,8.24,82.2,86.7,0,5.4,5.5,3.8,5.0,1.9,4.0,1.0,1.0,3,1,1,0,0,5.5,4.9,5.8,6.9,6.0,5.1,2,0,Cybersecurity Specialist,1,SYNTHETIC,76.0,92.5
ST04964,Student ST04964,CSE,7,8.16,85.0,78.4,0,6.1,4.0,4.9,7.3,2.8,5.5,4.2,4.0,1,1,2,1,0,8.7,8.0,5.8,7.2,6.4,6.6,0,0,Cloud/DevOps Engineer,0,SYNTHETIC,79.4,70.9
ST04965,Student ST04965,CSE,7,8.82,86.5,89.7,0,5.9,5.4,7.5,9.0,6.0,4.8,5.3,4.1,2,1,2,0,0,8.2,6.1,8.3,7.1,6.8,7.8,0,1,QA Specialist,1,SYNTHETIC,94.6,68.5
ST04966,Student ST04966,ISE,8,7.19,72.9,76.2,0,4.0,5.3,5.8,4.1,4.3,5.4,1.2,2.1,5,2,1,1,0,6.5,6.3,3.6,5.9,4.3,4.8,0,0,QA Specialist,0,SYNTHETIC,77.6,82.7
ST04967,Student ST04967,Mechanical,7,7.64,79.3,79.2,0,6.5,5.0,5.2,5.8,3.1,5.2,2.0,4.3,0,3,2,3,0,8.7,7.2,7.4,7.9,8.8,6.0,2,1,QA Specialist,1,SYNTHETIC,94.5,92.5
ST04968,Student ST04968,ISE,7,5.95,63.3,63.6,0,3.4,5.0,4.4,3.7,2.3,2.6,3.8,1.0,3,1,1,0,0,4.9,5.0,2.8,4.4,4.3,5.5,4,0,AI/ML Engineer,1,SYNTHETIC,77.7,77.8
ST04969,Student ST04969,ISE,8,8.91,92.2,85.6,0,6.5,7.6,8.7,5.4,1.0,5.0,4.3,6.1,0,5,2,2,0,5.7,6.5,6.7,3.9,3.9,4.6,0,0,Data Analyst,1,SYNTHETIC,97.5,83.6
ST04970,Student ST04970,ECE,8,8.45,89.0,79.0,0,6.1,9.2,5.9,9.7,4.0,7.4,3.7,4.7,2,2,2,1,0,6.5,6.3,7.5,7.4,7.1,6.2,1,0,Cloud/DevOps Engineer,1,SYNTHETIC,76.3,79.5
ST04971,Student ST04971,ISE,7,8.79,85.1,86.6,0,8.2,7.8,6.9,4.6,5.3,6.8,2.1,3.5,0,3,2,0,0,8.9,6.7,5.3,4.5,4.7,4.6,0,0,AI/ML Engineer,1,SYNTHETIC,77.9,76.3
ST04972,Student ST04972,CSE,7,7.11,80.8,73.5,0,5.9,4.6,5.1,5.9,4.7,5.1,4.5,1.4,0,4,2,0,2,4.7,6.6,5.7,6.5,6.2,5.5,1,0,Cloud/DevOps Engineer,0,SYNTHETIC,77.8,63.1
ST04973,Student ST04973,ECE,7,7.17,75.2,74.2,0,3.5,6.1,7.1,6.4,2.8,2.7,2.7,2.0,1,4,1,2,0,4.9,7.4,4.3,5.0,4.8,4.3,1,0,QA Specialist,1,SYNTHETIC,94.9,73.5
ST04974,Student ST04974,ISE,7,8.17,86.8,73.7,0,5.3,5.3,6.2,5.9,4.5,4.6,3.0,3.4,1,2,2,0,0,9.0,8.9,5.7,5.1,6.7,5.2,0,0,QA Specialist,1,SYNTHETIC,95.1,73.7
ST04975,Student ST04975,ECE,7,6.78,72.0,68.3,0,4.8,4.1,2.9,3.8,1.0,3.0,1.9,2.5,0,2,1,0,2,7.0,5.2,5.3,4.3,3.2,4.8,2,0,Data Analyst,1,SYNTHETIC,95.2,77.8
ST04976,Student ST04976,CSE,7,6.57,70.7,67.9,0,4.2,5.1,5.5,7.6,2.9,2.8,3.0,3.1,2,2,2,0,1,6.1,5.8,5.9,6.7,6.8,5.0,1,0,Data Analyst,1,SYNTHETIC,83.1,62.4
ST04977,Student ST04977,ISE,8,5.41,58.2,55.8,0,3.0,3.8,3.5,1.0,5.3,4.1,2.7,1.0,1,4,1,0,0,5.9,4.3,1.3,6.9,6.1,2.9,0,0,Data Analyst,0,SYNTHETIC,82.7,95.0
ST04978,Student ST04978,CSE,8,7.88,84.5,78.3,0,8.4,5.3,6.6,6.9,6.0,5.2,5.7,2.7,1,2,2,0,0,6.2,6.9,9.8,5.6,5.6,6.1,0,0,Full-Stack Developer,1,SYNTHETIC,91.6,87.9
ST04979,Student ST04979,CSE,8,7.47,80.5,83.3,0,5.4,5.8,7.2,6.8,1.9,4.1,2.1,1.0,3,1,2,0,0,5.9,6.2,7.0,5.6,6.3,6.2,0,0,Data Analyst,1,SYNTHETIC,81.0,69.2
ST04980,Student ST04980,CSE,7,8.01,80.4,84.2,0,5.7,6.4,5.0,2.4,6.8,6.0,2.4,2.2,1,2,1,0,1,5.7,7.4,2.4,7.7,6.7,5.7,0,0,AI/ML Engineer,0,SYNTHETIC,92.8,75.8
ST04981,Student ST04981,ISE,7,5.96,61.3,60.4,0,4.0,5.6,4.2,4.5,5.8,3.9,5.3,3.4,4,2,1,0,0,3.7,7.9,4.5,7.9,7.0,6.6,1,0,Cloud/DevOps Engineer,0,SYNTHETIC,95.4,82.7
ST04982,Student ST04982,CSE,7,7.46,73.4,80.5,0,5.8,6.7,5.8,5.6,3.7,4.9,1.2,3.0,1,1,2,0,0,7.6,8.0,6.4,9.9,10.0,7.4,0,1,QA Specialist,1,SYNTHETIC,86.3,73.1
ST04983,Student ST04983,Mechanical,7,6.05,57.4,61.5,0,2.2,3.7,5.1,5.4,4.0,3.8,1.0,3.1,0,4,1,0,1,5.9,5.2,3.4,7.4,6.3,5.7,0,0,Cloud/DevOps Engineer,1,SYNTHETIC,83.0,60.1
ST04984,Student ST04984,CSE,7,8.76,80.6,85.7,0,7.4,8.3,6.6,6.6,4.6,6.1,3.1,6.1,0,2,2,1,1,7.4,5.6,6.9,6.3,5.9,6.0,1,0,QA Specialist,1,SYNTHETIC,84.3,60.6
ST04985,Student ST04985,CSE,8,7.55,76.2,79.0,0,4.2,3.2,3.2,5.1,4.4,3.7,2.1,2.1,1,4,1,0,1,6.0,8.3,5.2,6.0,7.5,3.7,1,0,AI/ML Engineer,0,SYNTHETIC,98.1,85.9
ST04986,Student ST04986,ISE,7,6.86,75.9,67.2,0,4.0,5.2,5.5,4.0,1.8,1.3,1.0,2.9,3,2,1,0,0,5.5,6.9,4.7,4.1,4.3,3.0,0,0,QA Specialist,0,SYNTHETIC,98.4,66.4
ST04987,Student ST04987,Mechanical,7,8.52,86.2,84.7,0,6.4,5.8,1.8,5.8,4.4,4.9,1.6,1.0,1,1,2,0,0,4.7,8.3,5.2,6.6,6.5,5.4,1,0,AI/ML Engineer,1,SYNTHETIC,81.1,63.5
ST04988,Student ST04988,ISE,8,7.3,77.1,74.7,0,5.1,3.9,5.1,6.0,3.2,3.5,2.5,1.0,1,1,2,1,0,5.3,7.6,5.1,3.9,3.8,5.1,0,0,Cloud/DevOps Engineer,0,SYNTHETIC,93.4,84.7
ST04989,Student ST04989,CSE,7,7.75,76.4,70.9,0,7.4,5.1,7.7,4.4,5.0,4.7,2.7,1.8,1,2,2,0,1,7.8,7.7,4.1,7.7,6.1,7.1,0,0,Cybersecurity Specialist,1,SYNTHETIC,80.0,72.0
ST04990,Student ST04990,Mechanical,8,5.93,67.3,61.6,0,4.6,3.8,1.3,3.6,3.0,1.6,1.0,2.0,2,3,1,0,0,6.9,6.0,3.4,8.4,9.4,6.0,0,1,Cybersecurity Specialist,0,SYNTHETIC,80.4,94.3
ST04991,Student ST04991,Mechanical,8,6.9,78.3,74.5,0,5.3,5.8,5.8,3.1,1.4,4.3,1.0,3.9,2,6,1,0,0,6.6,7.1,3.4,6.9,6.6,5.6,1,0,QA Specialist,0,SYNTHETIC,90.9,90.6
ST04992,Student ST04992,ECE,8,6.16,69.5,62.2,0,4.4,4.3,6.0,1.0,3.5,4.6,2.7,1.7,1,2,1,0,0,6.0,5.2,2.2,7.8,6.5,2.9,1,0,Data Analyst,0,SYNTHETIC,85.1,91.1
ST04993,Student ST04993,CSE,8,9.33,88.7,88.9,0,8.0,7.2,6.3,6.7,5.7,6.3,6.4,2.4,0,2,2,0,0,7.6,5.9,8.4,9.0,8.5,8.1,1,0,Data Analyst,0,SYNTHETIC,87.3,60.4
ST04994,Student ST04994,Mechanical,8,7.09,71.8,72.7,0,3.9,3.9,6.1,4.9,5.4,1.6,1.6,3.0,3,3,1,1,0,6.2,5.6,5.4,7.5,6.2,5.4,0,0,Data Analyst,0,SYNTHETIC,75.5,72.2
ST04995,Student ST04995,ECE,7,8.92,82.8,93.4,0,5.6,6.0,4.9,5.0,2.6,2.9,1.7,4.4,4,4,2,0,1,8.2,7.3,5.3,7.5,7.2,7.8,1,0,Full-Stack Developer,1,SYNTHETIC,82.7,84.3
ST04996,Student ST04996,CSE,8,8.09,83.0,81.2,0,4.6,1.9,5.9,1.0,5.0,2.4,1.0,1.2,1,1,1,1,0,5.8,7.0,2.1,4.4,3.4,2.5,0,0,Cybersecurity Specialist,0,SYNTHETIC,87.9,66.3
ST04997,Student ST04997,CSE,8,8.12,74.2,79.7,0,6.3,6.0,7.0,6.0,2.6,4.8,4.5,2.2,1,1,2,1,1,7.7,5.8,5.4,6.5,7.2,6.4,0,0,Cloud/DevOps Engineer,1,SYNTHETIC,83.9,63.4
ST04998,Student ST04998,ISE,8,7.95,73.2,83.4,0,6.4,6.2,5.7,7.3,4.1,5.3,4.8,2.5,1,2,2,0,0,5.5,7.5,6.9,5.2,5.2,3.8,0,0,Data Analyst,0,SYNTHETIC,87.5,78.3
ST04999,Student ST04999,ECE,8,7.81,79.9,78.3,0,3.9,3.0,3.9,5.1,2.1,3.0,2.4,1.0,0,1,1,0,1,5.8,9.1,4.6,7.4,7.0,4.5,0,0,Cloud/DevOps Engineer,1,SYNTHETIC,96.2,73.9
ST05000,Student ST05000,ECE,8,7.48,74.1,70.3,0,6.7,5.0,2.7,5.0,3.8,4.9,4.0,1.0,3,2,2,0,0,4.7,7.3,4.8,8.2,8.1,5.9,1,1,AI/ML Engineer,1,SYNTHETIC,78.3,74.9
